"Award","Type","Country","Year of award ceremony","Category","date_awarded","winner","source"
"Oscars","Industry","USA","2014","Best Documentary Feature Film","2014-03-02","20 Feet from Stardom","https://www.oscars.org/oscars/ceremonies/2014"
"Oscars","Industry","USA","2015","Best Documentary Feature Film","2015-02-22","CitizenFour","https://www.oscars.org/oscars/ceremonies/2015"
"Oscars","Industry","USA","2016","Best Documentary Feature Film","2016-02-28","Amy","https://www.oscars.org/oscars/ceremonies/2016"
"Oscars","Industry","USA","2017","Best Documentary Feature Film","2017-02-26","O.J.: Made in America","https://www.oscars.org/oscars/ceremonies/2017"
"Oscars","Industry","USA","2018","Best Documentary Feature Film","2018-03-04","Icarus","https://www.oscars.org/oscars/ceremonies/2018"
"Oscars","Industry","USA","2019","Best Documentary Feature Film","2019-02-24","Free Solo","https://www.oscars.org/oscars/ceremonies/2019"
"Oscars","Industry","USA","2020","Best Documentary Feature Film","2020-02-09","American Factory","https://www.oscars.org/oscars/ceremonies/2020"
"Oscars","Industry","USA","2021","Best Documentary Feature Film","2021-04-25","My Octopus Teacher","https://www.oscars.org/oscars/ceremonies/2021"
"Oscars","Industry","USA","2022","Best Documentary Feature Film","2022-03-27","Summer of Soul (...Or, When the Revolution Could Not Be Televised)","https://www.oscars.org/oscars/ceremonies/2022"
"Oscars","Industry","USA","2023","Best Documentary Feature Film","2023-03-12","Navalny","https://www.oscars.org/oscars/ceremonies/2023"
"Oscars","Industry","USA","2024","Best Documentary Feature Film","2024-03-10","20 Days in Mariupol","https://www.oscars.org/oscars/ceremonies/2024"
"Oscars","Industry","USA","2025","Best Documentary Feature Film","2025-03-02","No Other Land","https://abcnews.com/GMA/Culture/land-wins-oscar-best-documentary-feature-film/story?id=119232532"
"Oscars","Industry","USA","2026","Best Documentary Feature Film","","",""
"Oscars","Industry","USA","2000","Best Animated Short Film","2000-03-26","The Old Man and the Sea","https://www.oscars.org/oscars/ceremonies/2000"
"Oscars","Industry","USA","2001","Best Animated Short Film","2001-03-25","Father and Daughter","https://www.oscars.org/oscars/ceremonies/2001"
"Oscars","Industry","USA","2002","Best Animated Short Film","2002-03-24","For the Birds","https://www.oscars.org/oscars/ceremonies/2002"
"Oscars","Industry","USA","2003","Best Animated Short Film","2003-03-23","The ChubbChubbs! (Eric Armstrong)","https://www.oscars.org/oscars/ceremonies/2003"
"Oscars","Industry","USA","2004","Best Animated Short Film","2004-02-29","Harvie Krumpet","https://www.oscars.org/oscars/ceremonies/2004"
"Oscars","Industry","USA","2005","Best Animated Short Film","2005-02-27","Ryan (Chris Landreth)","https://www.oscars.org/oscars/ceremonies/2005"
"Oscars","Industry","USA","2006","Best Animated Short Film","2006-03-05","The Moon and the Son: An Imagined Conversation (John Canemaker and Peggy Stern)","https://www.oscars.org/oscars/ceremonies/2006"
"Oscars","Industry","USA","2007","Best Animated Short Film","2007-02-25","The Danish Poet","https://www.oscars.org/oscars/ceremonies/2007"
"Oscars","Industry","USA","2008","Best Animated Short Film","2008-02-24","Peter & the Wolf","https://www.oscars.org/oscars/ceremonies/2008"
"Oscars","Industry","USA","2009","Best Animated Short Film","2009-02-22","La Maison en Petits Cubes","https://www.oscars.org/oscars/ceremonies/2009"
"Oscars","Industry","USA","2010","Best Animated Short Film","March 7, 2010","Logorama","https://www.oscars.org/oscars/ceremonies/2010"
"Oscars","Industry","USA","2011","Best Animated Short Film","2011-02-27","The Lost Thing","https://en.wikipedia.org/wiki/83rd_Academy_Awards"
"Oscars","Industry","USA","2012","Best Animated Short Film","2012-02-26","The Fantastic Flying Books of Mr. Morris Lessmore","https://www.oscars.org/oscars/ceremonies/2012"
"Oscars","Industry","USA","2013","Best Animated Short Film","2013-02-24","Paperman","https://www.oscars.org/oscars/ceremonies/2013"
"Oscars","Industry","USA","2014","Best Animated Short Film","2014-03-02","Mr. Hublot","https://www.oscars.org/oscars/ceremonies/2014"
"Oscars","Industry","USA","2015","Best Animated Short Film","2015-02-22","Feast","https://www.oscars.org/oscars/ceremonies/2015"
"Oscars","Industry","USA","2016","Best Animated Short Film","2016-02-28","Bear Story","https://www.oscars.org/oscars/ceremonies/2016"
"Oscars","Industry","USA","2017","Best Animated Short Film","2017-02-26","Piper","https://en.wikipedia.org/wiki/89th_Academy_Awards"
"Oscars","Industry","USA","2018","Best Animated Short Film","2018-03-04","Dear Basketball","https://www.oscars.org/oscars/ceremonies/2018"
"Oscars","Industry","USA","2019","Best Animated Short Film","2019-02-24","Bao (Domee Shi and Becky Neiman-Cobb)","https://www.oscars.org/oscars/ceremonies/2019"
"Oscars","Industry","USA","2020","Best Animated Short Film","2020-02-09","Hair Love","https://en.wikipedia.org/wiki/92nd_Academy_Awards"
"Oscars","Industry","USA","2021","Best Animated Short Film","2021-04-25","If Anything Happens I Love You","https://www.oscars.org/oscars/ceremonies/2021"
"Oscars","Industry","USA","2022","Best Animated Short Film","2022-03-27","The Windshield Wiper","https://www.oscars.org/oscars/ceremonies/2022"
"Oscars","Industry","USA","2023","Best Animated Short Film","2023-03-12","The Boy, the Mole, the Fox and the Horse","https://www.oscars.org/oscars/ceremonies/2023"
"Oscars","Industry","USA","2024","Best Animated Short Film","2024-03-10","War Is Over! Inspired by the Music of John & Yoko","https://www.oscars.org/oscars/ceremonies/2024"
"Oscars","Industry","USA","2025","Best Animated Short Film","2025-03-02","In the Shadow of the Cypress","https://en.wikipedia.org/wiki/97th_Academy_Awards"
"Oscars","Industry","USA","2026","Best Animated Short Film","","","https://www.oscars.org/oscars/ceremonies/2026"
"Oscars","Industry","USA","2000","Best Live Action Short Film","2000-03-26","My Mother Dreams the Satan's Disciples in New York","https://www.oscars.org/oscars/ceremonies/2000"
"Oscars","Industry","USA","2001","Best Live Action Short Film","2001-03-25","Quiero Ser (I want to be...)","https://www.oscars.org/oscars/ceremonies/2001"
"Oscars","Industry","USA","2002","Best Live Action Short Film","2002-03-24","the accountant","https://www.oscars.org/oscars/ceremonies/2002"
"Oscars","Industry","USA","2003","Best Live Action Short Film","2003-03-23","This Charming Man (Der Er En Yndig Mand)","https://www.oscars.org/oscars/ceremonies/2003"
"Oscars","Industry","USA","2004","Best Live Action Short Film","2004-02-29","Two Soldiers","https://www.oscars.org/oscars/ceremonies/2004"
"Oscars","Industry","USA","2005","Best Live Action Short Film","2005-02-27","Wasp","https://www.oscars.org/oscars/ceremonies/2005"
"Oscars","Industry","USA","2006","Best Live Action Short Film","2006-03-05","Six Shooter","https://www.oscars.org/oscars/ceremonies/2006/M"
"Oscars","Industry","USA","2007","Best Live Action Short Film","2007-02-25","West Bank Story (Ari Sandel)","https://www.oscars.org/oscars/ceremonies/2007"
"Oscars","Industry","USA","2008","Best Live Action Short Film","2008-02-24","Le Mozart des Pickpockets (The Mozart of Pickpockets)","https://www.oscars.org/oscars/ceremonies/2008"
"Oscars","Industry","USA","2009","Best Live Action Short Film","2009-02-22","Spielzeugland","https://www.oscars.org/oscars/ceremonies/2009"
"Oscars","Industry","USA","2010","Best Live Action Short Film","2010-03-07","The New Tenants","https://www.oscars.org/oscars/ceremonies/2010"
"Oscars","Industry","USA","2011","Best Live Action Short Film","2011-02-27","God of Love","https://www.oscars.org/oscars/ceremonies/2011"
"Oscars","Industry","USA","2012","Best Live Action Short Film","2012-02-26","The Shore (Terry George and Oorlagh George)","https://www.oscars.org/oscars/ceremonies/2012"
"Oscars","Industry","USA","2013","Best Live Action Short Film","2013-02-24","Curfew","https://www.oscars.org/oscars/ceremonies/2013"
"Oscars","Industry","USA","2014","Best Live Action Short Film","2014-03-02","Helium","https://www.oscars.org/oscars/ceremonies/2014"
"Oscars","Industry","USA","2015","Best Live Action Short Film","2015-02-22","The Phone Call","https://www.oscars.org/oscars/ceremonies/2015"
"Oscars","Industry","USA","2016","Best Live Action Short Film","2016-02-28","Stutterer","https://www.oscars.org/oscars/ceremonies/2016"
"Oscars","Industry","USA","2017","Best Live Action Short Film","2017-02-26","Sing","https://www.oscars.org/oscars/ceremonies/2017"
"Oscars","Industry","USA","2018","Best Live Action Short Film","2018-03-04","The Silent Child","https://www.oscars.org/oscars/ceremonies/2018"
"Oscars","Industry","USA","2019","Best Live Action Short Film","2019-02-24","Skin (Guy Nattiv and Jaime Ray Newman)","https://www.oscars.org/oscars/ceremonies/2019"
"Oscars","Industry","USA","2020","Best Live Action Short Film","2020-02-09","The Neighbors' Window","https://en.wikipedia.org/wiki/92nd_Academy_Awards"
"Oscars","Industry","USA","2021","Best Live Action Short Film","2021-04-25","Two Distant Strangers","https://www.oscars.org/oscars/ceremonies/2021"
"Oscars","Industry","USA","2022","Best Live Action Short Film","2022-03-27","The Long Goodbye","https://www.oscars.org/oscars/ceremonies/2022"
"Oscars","Industry","USA","2023","Best Live Action Short Film","2023-03-12","An Irish Goodbye","https://www.oscars.org/oscars/ceremonies/2023"
"Oscars","Industry","USA","2024","Best Live Action Short Film","2024-03-10","The Wonderful Story of Henry Sugar","https://www.oscars.org/oscars/ceremonies/2024"
"Oscars","Industry","USA","2025","Best Live Action Short Film","2025-03-02","I'm Not a Robot","https://www.oscars.org/oscars/ceremonies/2025"
"Oscars","Industry","USA","2026","Best Live Action Short Film","2026-03-15","","https://www.oscars.org/oscars/ceremonies/2026"
"Oscars","Industry","USA","2000","Best Visual Effects","2000-03-26","The Matrix (John Gaeta, Janek Sirrs, Steve Courtley, and Jon Thum)","https://www.oscars.org/oscars/ceremonies/2000"
"Oscars","Industry","USA","2001","Best Visual Effects","2001-03-25","Gladiator (John Nelson, Neil Corbould, Tim Burke, and Rob Harvey)","https://en.wikipedia.org/wiki/73rd_Academy_Awards"
"Oscars","Industry","USA","2002","Best Visual Effects","2002-03-24","The Lord of the Rings: The Fellowship of the Ring","https://www.oscars.org/oscars/ceremonies/2002"
"Oscars","Industry","USA","2003","Best Visual Effects","2003-03-23","The Lord of the Rings: The Two Towers","https://www.oscars.org/oscars/ceremonies/2003"
"Oscars","Industry","USA","2004","Best Visual Effects","2004-02-29","The Lord of the Rings: The Return of the King (Jim Rygiel, Joe Letteri, Randall William Cook and Alex Funke)","https://www.oscars.org/oscars/ceremonies/2004"
"Oscars","Industry","USA","2005","Best Visual Effects","2005-02-27","Spider-Man 2","https://www.oscars.org/oscars/ceremonies/2005"
"Oscars","Industry","USA","2006","Best Visual Effects","2006-03-05","King Kong","https://www.oscars.org/oscars/ceremonies/2006"
"Oscars","Industry","USA","2007","Best Visual Effects","2007-02-25","Pirates of the Caribbean: Dead Man's Chest","https://www.oscars.org/oscars/ceremonies/2007"
"Oscars","Industry","USA","2008","Best Visual Effects","2008-02-24","The Golden Compass","https://www.oscars.org/oscars/ceremonies/2008"
"Oscars","Industry","USA","2009","Best Visual Effects","2009-02-22","The Curious Case of Benjamin Button","https://www.oscars.org/oscars/ceremonies/2009"
"Oscars","Industry","USA","2010","Best Visual Effects","2010-03-07","Avatar (Joe Letteri, Stephen Rosenbaum, Richard Baneham and Andrew R. Jones)","https://www.oscars.org/oscars/ceremonies/2010"
"Oscars","Industry","USA","2011","Best Visual Effects","2011-02-27","Inception (Paul Franklin, Chris Corbould, Andrew Lockley and Peter Bebb)","https://www.oscars.org/oscars/ceremonies/2011"
"Oscars","Industry","USA","2012","Best Visual Effects","2012-02-26","Hugo (Rob Legato, Joss Williams, Ben Grossmann and Alex Henning)","https://www.oscars.org/oscars/ceremonies/2012"
"Oscars","Industry","USA","2013","Best Visual Effects","2013-02-24","Life of Pi","https://www.oscars.org/oscars/ceremonies/2013"
"Oscars","Industry","USA","2014","Best Visual Effects","2014-03-02","Gravity (Tim Webber, Chris Lawrence, Dave Shirk and Neil Corbould)","https://www.oscars.org/oscars/ceremonies/2014"
"Oscars","Industry","USA","2015","Best Visual Effects","2015-02-22","Interstellar (Paul Franklin, Andrew Lockley, Ian Hunter and Scott Fisher)","https://www.oscars.org/oscars/ceremonies/2015"
"Oscars","Industry","USA","2016","Best Visual Effects","2016-02-28","Ex Machina","https://www.oscars.org/oscars/ceremonies/2016"
"Oscars","Industry","USA","2017","Best Visual Effects","2017-02-26","The Jungle Book (Robert Legato, Adam Valdez, Andrew R. Jones and Dan Lemmon)","https://www.oscars.org/oscars/ceremonies/2017"
"Oscars","Industry","USA","2018","Best Visual Effects","2018-03-04","Blade Runner 2049 (John Nelson, Gerd Nefzer, Paul Lambert and Richard R. Hoover)","https://www.oscars.org/oscars/ceremonies/2018"
"Oscars","Industry","USA","2019","Best Visual Effects","2019-02-24","First Man","https://www.oscars.org/oscars/ceremonies/2019"
"Oscars","Industry","USA","2020","Best Visual Effects","2020-02-09","1917 (Guillaume Rocheron, Greg Butler and Dominic Tuohy)","https://www.oscars.org/oscars/ceremonies/2020"
"Oscars","Industry","USA","2021","Best Visual Effects","2021-04-25","Tenet","https://www.oscars.org/oscars/ceremonies/2021"
"Oscars","Industry","USA","2022","Best Visual Effects","2022-03-27","Dune (Paul Lambert, Tristan Myles, Brian Connor and Gerd Nefzer)","https://www.oscars.org/oscars/ceremonies/2022"
"Oscars","Industry","USA","2023","Best Visual Effects","2023-03-12","Avatar: The Way of Water","https://www.oscars.org/oscars/ceremonies/2023"
"Oscars","Industry","USA","2024","Best Visual Effects","2024-03-10","Godzilla Minus One","https://www.oscars.org/oscars/ceremonies/2024"
"Oscars","Industry","USA","2025","Best Visual Effects","2025-03-02","Dune: Part Two","https://www.oscars.org/oscars/ceremonies/2025"
"Oscars","Industry","USA","2026","Best Visual Effects","","","https://www.oscars.org/oscars/ceremonies/2026"
"Oscars","Industry","USA","2000","Best Documentary Short Film","2000-03-26","King Gimp","https://www.oscars.org/oscars/ceremonies/2000"
"Oscars","Industry","USA","2001","Best Documentary Short Film","2001-03-25","Big Mama","https://en.wikipedia.org/wiki/73rd_Academy_Awards"
"Oscars","Industry","USA","2002","Best Documentary Short Film","2002-03-24","Thoth","https://www.oscars.org/oscars/ceremonies/2002"
"Oscars","Industry","USA","2003","Best Documentary Short Film","2003-03-23","Twin Towers","https://www.oscars.org/oscars/ceremonies/2003"
"Oscars","Industry","USA","2004","Best Documentary Short Film","2004-02-29","Chernobyl Heart","https://www.oscars.org/oscars/ceremonies/2004"
"Oscars","Industry","USA","2005","Best Documentary Short Film","2005-02-27","Mighty Times: The Children's March","https://www.oscars.org/oscars/ceremonies/2005"
"Oscars","Industry","USA","2006","Best Documentary Short Film","2006-03-05","A Note of Triumph: The Golden Age of Norman Corwin","https://www.oscars.org/oscars/ceremonies/2006"
"Oscars","Industry","USA","2007","Best Documentary Short Film","2007-02-25","The Blood of Yingzhou District","https://en.wikipedia.org/wiki/79th_Academy_Awards"
"Oscars","Industry","USA","2008","Best Documentary Short Film","2008-02-24","Freeheld","https://www.oscars.org/oscars/ceremonies/2008"
"Oscars","Industry","USA","2009","Best Documentary Short Film","2009-02-22","Smile Pinki","https://www.oscars.org/oscars/ceremonies/2009"
"Oscars","Industry","USA","2010","Best Documentary Short Film","2010-03-07","Music by Prudence","https://www.oscars.org/oscars/ceremonies/2010"
"Oscars","Industry","USA","2011","Best Documentary Short Film","2011-02-27","Strangers No More","https://www.oscars.org/oscars/ceremonies/2011"
"Oscars","Industry","USA","2012","Best Documentary Short Film","2012-02-26","Saving Face","https://www.oscars.org/oscars/ceremonies/2012"
"Oscars","Industry","USA","2013","Best Documentary Short Film","2013-02-24","Inocente","https://www.oscars.org/oscars/ceremonies/2013"
"Oscars","Industry","USA","2014","Best Documentary Short Film","2014-03-02","The Lady in Number 6: Music Saved My Life (Malcolm Clarke and Nicholas Reed)","https://www.oscars.org/oscars/ceremonies/2014"
"Oscars","Industry","USA","2015","Best Documentary Short Film","2015-02-22","Crisis Hotline: Veterans Press 1","https://www.oscars.org/oscars/ceremonies/2015"
"Oscars","Industry","USA","2016","Best Documentary Short Film","2016-02-28","A Girl in the River: The Price of Forgiveness","https://www.oscars.org/oscars/ceremonies/2016"
"Oscars","Industry","USA","2017","Best Documentary Short Film","2017-02-26","The White Helmets","https://www.oscars.org/oscars/ceremonies/2017"
"Oscars","Industry","USA","2018","Best Documentary Short Film","2018-03-04","Heaven Is a Traffic Jam on the 405","https://www.oscars.org/oscars/ceremonies/2018"
"Oscars","Industry","USA","2019","Best Documentary Short Film","2019-02-24","Period. End of Sentence.","https://www.oscars.org/oscars/ceremonies/2019"
"Oscars","Industry","USA","2020","Best Documentary Short Film","2020-02-09","Learning to Skateboard in a Warzone (If You're a Girl)","https://en.wikipedia.org/wiki/92nd_Academy_Awards"
"Oscars","Industry","USA","2021","Best Documentary Short Film","2021-04-25","Colette","https://www.oscars.org/oscars/ceremonies/2021"
"Oscars","Industry","USA","2022","Best Documentary Short Film","2022-03-27","The Queen of Basketball","https://www.oscars.org/oscars/ceremonies/2022"
"Oscars","Industry","USA","2023","Best Documentary Short Film","2023-03-12","The Elephant Whisperers","https://www.oscars.org/oscars/ceremonies/2023"
"Oscars","Industry","USA","2024","Best Documentary Short Film","2024-03-10","The Last Repair Shop","https://en.wikipedia.org/wiki/96th_Academy_Awards"
"Oscars","Industry","USA","2025","Best Documentary Short Film","2025-03-02","The Only Girl in the Orchestra","https://abc.com/news/8d96bb37-bd59-4c28-a470-46f244f63b3b/category/3590742"
"Oscars","Industry","USA","2026","Best Documentary Short Film","","",""
"Oscars","Industry","USA","2000","Best Casting","","",""
"Oscars","Industry","USA","2001","Best Casting","","",""
"Oscars","Industry","USA","2002","Best Casting","","",""
"Oscars","Industry","USA","2003","Best Casting","","",""
"Oscars","Industry","USA","2004","Best Casting","","",""
"Oscars","Industry","USA","2005","Best Casting","","",""
"Oscars","Industry","USA","2006","Best Casting","","",""
"Oscars","Industry","USA","2007","Best Casting","","",""
"Oscars","Industry","USA","2008","Best Casting","","",""
"Oscars","Industry","USA","2009","Best Casting","","",""
"Oscars","Industry","USA","2010","Best Casting","","",""
"Oscars","Industry","USA","2011","Best Casting","","",""
"Oscars","Industry","USA","2012","Best Casting","","","https://www.oscars.org/oscars/ceremonies/2012"
"Oscars","Industry","USA","2013","Best Casting","","",""
"Oscars","Industry","USA","2014","Best Casting","","",""
"Oscars","Industry","USA","2015","Best Casting","","",""
"Oscars","Industry","USA","2016","Best Casting","","",""
"Oscars","Industry","USA","2017","Best Casting","","",""
"Oscars","Industry","USA","2018","Best Casting","","",""
"Oscars","Industry","USA","2019","Best Casting","","",""
"Oscars","Industry","USA","2020","Best Casting","","",""
"Oscars","Industry","USA","2021","Best Casting","","",""
"Oscars","Industry","USA","2022","Best Casting","","",""
"Oscars","Industry","USA","2023","Best Casting","","",""
"Oscars","Industry","USA","2024","Best Casting","","",""
"Oscars","Industry","USA","2025","Best Casting","","",""
"Oscars","Industry","USA","2026","Best Casting","","","https://www.oscars.org/oscars/ceremonies/2026"
"SAG Awards","Guild","USA","2000","Outstanding Performance by a Cast in a Motion Picture","2000-03-12","American Beauty","https://www.actorawards.org/awards/nominees-and-recipients/6th-annual-screen-actors-guild-awards"
"SAG Awards","Guild","USA","2001","Outstanding Performance by a Cast in a Motion Picture","2001-03-11","Traffic","https://www.sagawards.org/awards/nominees-and-recipients/7th-annual-screen-actors-guild-awards"
"SAG Awards","Guild","USA","2002","Outstanding Performance by a Cast in a Motion Picture","2002-03-10","Gosford Park","https://www.actorawards.org/awards/nominees-and-recipients/8th-annual-screen-actors-guild-awards"
"SAG Awards","Guild","USA","2003","Outstanding Performance by a Cast in a Motion Picture","2003-03-09","Chicago","https://en.wikipedia.org/wiki/9th_Screen_Actors_Guild_Awards"
"SAG Awards","Guild","USA","2004","Outstanding Performance by a Cast in a Motion Picture","2004-02-22","The Lord of the Rings: The Return of the King","https://www.actorawards.org/awards/nominees-and-recipients/10th-annual-screen-actors-guild-awards"
"SAG Awards","Guild","USA","2005","Outstanding Performance by a Cast in a Motion Picture","2005-02-05","Sideways","https://en.wikipedia.org/wiki/11th_Screen_Actors_Guild_Awards"
"SAG Awards","Guild","USA","2006","Outstanding Performance by a Cast in a Motion Picture","2006-01-29","Crash","https://www.actorawards.org/awards/nominees-and-recipients/12th-annual-screen-actors-guild-awards"
"SAG Awards","Guild","USA","2007","Outstanding Performance by a Cast in a Motion Picture","2007-01-28","Little Miss Sunshine","https://www.actorawards.org/awards/nominees-and-recipients/13th-annual-screen-actors-guild-awards"
"SAG Awards","Guild","USA","2008","Outstanding Performance by a Cast in a Motion Picture","2008-01-27","No Country for Old Men","https://en.wikipedia.org/wiki/14th_Screen_Actors_Guild_Awards"
"SAG Awards","Guild","USA","2009","Outstanding Performance by a Cast in a Motion Picture","2009-01-25","Slumdog Millionaire","https://en.wikipedia.org/wiki/15th_Screen_Actors_Guild_Awards"
"SAG Awards","Guild","USA","2010","Outstanding Performance by a Cast in a Motion Picture","2010-01-23","Inglourious Basterds","https://en.wikipedia.org/wiki/16th_Screen_Actors_Guild_Awards"
"SAG Awards","Guild","USA","2011","Outstanding Performance by a Cast in a Motion Picture","2011-01-30","The King's Speech","https://www.rollingstone.com/culture/culture-lists/photos-2011-screen-actors-guild-award-winners-20544/"
"SAG Awards","Guild","USA","2012","Outstanding Performance by a Cast in a Motion Picture","2012-01-29","The Help","https://www.actorawards.org/awards/nominees-and-recipients/18th-annual-screen-actors-guild-awards"
"SAG Awards","Guild","USA","2013","Outstanding Performance by a Cast in a Motion Picture","2013-01-27","Argo","https://www.sagaftra.org/sag-aftra-honors-outstanding-film-and-television-performances-19th-annual-screen-actors-guild-awards"
"SAG Awards","Guild","USA","2014","Outstanding Performance by a Cast in a Motion Picture","2014-01-18","American Hustle","https://en.wikipedia.org/wiki/20th_Screen_Actors_Guild_Awards"
"SAG Awards","Guild","USA","2015","Outstanding Performance by a Cast in a Motion Picture","2015-01-25","Birdman","https://en.wikipedia.org/wiki/21st_Screen_Actors_Guild_Awards"
"SAG Awards","Guild","USA","2016","Outstanding Performance by a Cast in a Motion Picture","2016-01-30","Spotlight","https://variety.com/2016/film/awards/sag-awards-2016-full-winners-list-screen-actors-guild-awards-1201692944/"
"SAG Awards","Guild","USA","2017","Outstanding Performance by a Cast in a Motion Picture","2017-01-29","Hidden Figures","https://variety.com/2017/film/news/sag-awards-winners-list-screen-actors-guild-2017-1201972668/"
"SAG Awards","Guild","USA","2018","Outstanding Performance by a Cast in a Motion Picture","2018-01-21","Three Billboards Outside Ebbing, Missouri","https://en.wikipedia.org/wiki/24th_Screen_Actors_Guild_Awards"
"SAG Awards","Guild","USA","2019","Outstanding Performance by a Cast in a Motion Picture","2019-01-27","Black Panther","https://en.wikipedia.org/wiki/25th_Screen_Actors_Guild_Awards"
"SAG Awards","Guild","USA","2020","Outstanding Performance by a Cast in a Motion Picture","2020-01-19","Parasite","https://deadline.com/2020/01/2020-sag-awards-winners-list-screen-actors-guild-1202835426/"
"SAG Awards","Guild","USA","2021","Outstanding Performance by a Cast in a Motion Picture","2021-04-04","The Trial of the Chicago 7","https://en.wikipedia.org/wiki/27th_Screen_Actors_Guild_Awards"
"SAG Awards","Guild","USA","2022","Outstanding Performance by a Cast in a Motion Picture","2022-02-27","CODA","https://www.hollywoodreporter.com/movies/movie-news/sag-awards-winners-2022-complete-list-1235100358/"
"SAG Awards","Guild","USA","2023","Outstanding Performance by a Cast in a Motion Picture","2023-02-26","Everything Everywhere All at Once","https://www.hollywoodreporter.com/movies/movie-news/sag-awards-2023-winners-list-1235334724/"
"SAG Awards","Guild","USA","2024","Outstanding Performance by a Cast in a Motion Picture","2024-02-24","Oppenheimer","https://www.hollywoodreporter.com/movies/movie-news/sag-awards-2024-winners-list-1235831881/"
"SAG Awards","Guild","USA","2025","Outstanding Performance by a Cast in a Motion Picture","2025-02-23","Conclave","https://en.wikipedia.org/wiki/31st_Screen_Actors_Guild_Awards"
"SAG Awards","Guild","USA","2026","Outstanding Performance by a Cast in a Motion Picture","2026-03-01","Sinners","https://deadline.com/2026/03/2026-sag-actor-awards-winners-1236740466/"
"SAG Awards","Guild","USA","2000","Outstanding Performance by a Male Actor in a Leading Role","2000-03-12","Kevin Spacey","https://www.sagawards.org/awards/nominees-and-recipients/6th-annual-screen-actors-guild-awards"
"SAG Awards","Guild","USA","2001","Outstanding Performance by a Male Actor in a Leading Role","2001-03-11","Benicio del Toro","https://www.sagawards.org/awards/nominees-and-recipients/7th-annual-screen-actors-guild-awards"
"SAG Awards","Guild","USA","2002","Outstanding Performance by a Male Actor in a Leading Role","2002-03-10","Russell Crowe","https://en.wikipedia.org/wiki/8th_Screen_Actors_Guild_Awards"
"SAG Awards","Guild","USA","2003","Outstanding Performance by a Male Actor in a Leading Role","2003-03-09","Daniel Day-Lewis","https://en.wikipedia.org/wiki/9th_Screen_Actors_Guild_Awards"
"SAG Awards","Guild","USA","2004","Outstanding Performance by a Male Actor in a Leading Role","2004-02-22","Johnny Depp","https://www.digitalhit.com/screen-actors-guild-awards/10th/winners/"
"SAG Awards","Guild","USA","2005","Outstanding Performance by a Male Actor in a Leading Role","2005-02-05","Jamie Foxx","https://en.wikipedia.org/wiki/11th_Screen_Actors_Guild_Awards"
"SAG Awards","Guild","USA","2006","Outstanding Performance by a Male Actor in a Leading Role","2006-01-29","Philip Seymour Hoffman","https://www.actorawards.org/awards/nominees-and-recipients/12th-annual-screen-actors-guild-awards"
"SAG Awards","Guild","USA","2007","Outstanding Performance by a Male Actor in a Leading Role","2007-01-28","Forest Whitaker","https://www.sagawards.org/awards/nominees-and-recipients/13th-annual-screen-actors-guild-awards"
"SAG Awards","Guild","USA","2008","Outstanding Performance by a Male Actor in a Leading Role","2008-01-27","Daniel Day-Lewis","https://en.wikipedia.org/wiki/14th_Screen_Actors_Guild_Awards"
"SAG Awards","Guild","USA","2009","Outstanding Performance by a Male Actor in a Leading Role","2009-01-25","Sean Penn","https://www.imdb.com/event/ev0000598/2009/1/"
"SAG Awards","Guild","USA","2010","Outstanding Performance by a Male Actor in a Leading Role","2010-01-23","Jeff Bridges","https://en.wikipedia.org/wiki/16th_Screen_Actors_Guild_Awards"
"SAG Awards","Guild","USA","2011","Outstanding Performance by a Male Actor in a Leading Role","2011-01-30","Colin Firth","https://en.wikipedia.org/wiki/17th_Screen_Actors_Guild_Awards"
"SAG Awards","Guild","USA","2012","Outstanding Performance by a Male Actor in a Leading Role","2012-01-29","Jean Dujardin","https://www.hollywoodreporter.com/news/general-news/sag-awards-2012-winners-nominees-285560/"
"SAG Awards","Guild","USA","2013","Outstanding Performance by a Male Actor in a Leading Role","2013-01-27","Daniel Day-Lewis","https://www.hollywoodreporter.com/news/general-news/sag-awards-2013-complete-list-415699/"
"SAG Awards","Guild","USA","2014","Outstanding Performance by a Male Actor in a Leading Role","2014-01-18","Matthew McConaughey","https://www.filmlinc.org/daily/american-hustle-wins-big-at-20th-annual-screen-actors-guild-awards/"
"SAG Awards","Guild","USA","2015","Outstanding Performance by a Male Actor in a Leading Role","2015-01-25","Eddie Redmayne","https://en.wikipedia.org/wiki/21st_Screen_Actors_Guild_Awards"
"SAG Awards","Guild","USA","2016","Outstanding Performance by a Male Actor in a Leading Role","2016-01-30","Leonardo DiCaprio","https://en.wikipedia.org/wiki/22nd_Screen_Actors_Guild_Awards"
"SAG Awards","Guild","USA","2017","Outstanding Performance by a Male Actor in a Leading Role","2017-01-29","Denzel Washington","https://www.actorawards.org/awards/nominees-and-recipients/23rd-annual-screen-actors-guild-awards"
"SAG Awards","Guild","USA","2018","Outstanding Performance by a Male Actor in a Leading Role","2018-01-21","Gary Oldman","https://www.hollywoodreporter.com/lists/sag-award-winners-2018-full-list-1067861/"
"SAG Awards","Guild","USA","2019","Outstanding Performance by a Male Actor in a Leading Role","2019-01-27","Rami Malek","https://www.actorawards.org/about/25th-annual-screen-actors-guild-awards"
"SAG Awards","Guild","USA","2020","Outstanding Performance by a Male Actor in a Leading Role","2020-01-19","Joaquin Phoenix","https://en.wikipedia.org/wiki/26th_Screen_Actors_Guild_Awards"
"SAG Awards","Guild","USA","2021","Outstanding Performance by a Male Actor in a Leading Role","2021-04-04","Chadwick Boseman","https://en.wikipedia.org/wiki/27th_Screen_Actors_Guild_Awards"
"SAG Awards","Guild","USA","2022","Outstanding Performance by a Male Actor in a Leading Role","2022-02-27","Will Smith","https://www.hollywoodreporter.com/movies/movie-news/sag-awards-winners-2022-complete-list-1235100358/"
"SAG Awards","Guild","USA","2023","Outstanding Performance by a Male Actor in a Leading Role","2023-02-26","Brendan Fraser","https://abcnews.go.com/GMA/Culture/sag-awards-2023-winners-notable-speeches/story?id=97491894"
"SAG Awards","Guild","USA","2024","Outstanding Performance by a Male Actor in a Leading Role","2024-02-24","Cillian Murphy","https://deadline.com/2024/02/sag-awards-2024-winners-list-1235836824/"
"SAG Awards","Guild","USA","2025","Outstanding Performance by a Male Actor in a Leading Role","2025-02-23","Timothée Chalamet","https://variety.com/2025/film/news/sag-awards-winners-2025-1236313200/"
"SAG Awards","Guild","USA","2026","Outstanding Performance by a Male Actor in a Leading Role","2026-03-01","Michael B. Jordan - Sinners","https://www.netflix.com/tudum/articles/actor-awards-sag-aftra-2026-netflix"
"SAG Awards","Guild","USA","2000","Outstanding Performance by a Female Actor in a Leading Role","2000-03-12","Annette Bening","https://www.actorawards.org/awards/nominees-and-recipients/6th-annual-screen-actors-guild-awards"
"SAG Awards","Guild","USA","2001","Outstanding Performance by a Female Actor in a Leading Role","2001-03-11","Julia Roberts","https://www.actorawards.org/awards/nominees-and-recipients/7th-annual-screen-actors-guild-awards"
"SAG Awards","Guild","USA","2002","Outstanding Performance by a Female Actor in a Leading Role","2002-03-10","Halle Berry","https://en.wikipedia.org/wiki/8th_Screen_Actors_Guild_Awards"
"SAG Awards","Guild","USA","2003","Outstanding Performance by a Female Actor in a Leading Role","2003-03-09","Renée Zellweger","https://en.wikipedia.org/wiki/9th_Screen_Actors_Guild_Awards"
"SAG Awards","Guild","USA","2004","Outstanding Performance by a Female Actor in a Leading Role","2004-02-22","Charlize Theron","https://en.wikipedia.org/wiki/10th_Screen_Actors_Guild_Awards"
"SAG Awards","Guild","USA","2005","Outstanding Performance by a Female Actor in a Leading Role","2005-02-05","Hilary Swank","https://en.wikipedia.org/wiki/11th_Screen_Actors_Guild_Awards"
"SAG Awards","Guild","USA","2006","Outstanding Performance by a Female Actor in a Leading Role","2006-01-29","Reese Witherspoon","https://en.wikipedia.org/wiki/12th_Screen_Actors_Guild_Awards"
"SAG Awards","Guild","USA","2007","Outstanding Performance by a Female Actor in a Leading Role","2007-01-28","Helen Mirren","https://www.actorawards.org/about/13th-annual-screen-actors-guild-awards"
"SAG Awards","Guild","USA","2008","Outstanding Performance by a Female Actor in a Leading Role","2008-01-27","Julie Christie","https://en.wikipedia.org/wiki/14th_Screen_Actors_Guild_Awards"
"SAG Awards","Guild","USA","2009","Outstanding Performance by a Female Actor in a Leading Role","2009-01-25","Meryl Streep","https://en.wikipedia.org/wiki/15th_Screen_Actors_Guild_Awards"
"SAG Awards","Guild","USA","2010","Outstanding Performance by a Female Actor in a Leading Role","2010-01-23","Sandra Bullock","https://www.nbcphiladelphia.com/news/national-international/2010_screen_actors_guild_awards_winners/1900299/"
"SAG Awards","Guild","USA","2011","Outstanding Performance by a Female Actor in a Leading Role","2011-01-30","Natalie Portman","https://www.actorawards.org/awards/nominees-and-recipients/17th-annual-screen-actors-guild-awards"
"SAG Awards","Guild","USA","2012","Outstanding Performance by a Female Actor in a Leading Role","January 29, 2012","Viola Davis","https://www.hollywoodreporter.com/news/general-news/sag-awards-2012-winners-nominees-285560/"
"SAG Awards","Guild","USA","2013","Outstanding Performance by a Female Actor in a Leading Role","2013-01-27","Jennifer Lawrence","https://www.hollywoodreporter.com/news/general-news/sag-awards-2013-complete-list-415699/"
"SAG Awards","Guild","USA","2014","Outstanding Performance by a Female Actor in a Leading Role","2014-01-18","Cate Blanchett","https://www.actorawards.org/awards/nominees-and-recipients/20th-annual-screen-actors-guild-awards"
"SAG Awards","Guild","USA","2015","Outstanding Performance by a Female Actor in a Leading Role","2015-01-25","Julianne Moore","https://www.actorawards.org/node/4841"
"SAG Awards","Guild","USA","2016","Outstanding Performance by a Female Actor in a Leading Role","2016-01-30","Brie Larson","https://en.wikipedia.org/wiki/22nd_Screen_Actors_Guild_Awards"
"SAG Awards","Guild","USA","2017","Outstanding Performance by a Female Actor in a Leading Role","2017-01-29","Emma Stone","https://variety.com/2017/film/news/sag-awards-winners-list-screen-actors-guild-2017-1201972668/"
"SAG Awards","Guild","USA","2018","Outstanding Performance by a Female Actor in a Leading Role","2018-01-21","Frances McDormand","https://en.wikipedia.org/wiki/24th_Screen_Actors_Guild_Awards"
"SAG Awards","Guild","USA","2019","Outstanding Performance by a Female Actor in a Leading Role","2019-01-27","Glenn Close","https://www.actorawards.org/awards/nominees-and-recipients/25th-annual-screen-actors-guild-awards"
"SAG Awards","Guild","USA","2020","Outstanding Performance by a Female Actor in a Leading Role","2020-01-19","Renée Zellweger","https://www.hollywoodreporter.com/lists/2020-sag-awards-winners-complete-list-1269687/"
"SAG Awards","Guild","USA","2021","Outstanding Performance by a Female Actor in a Leading Role","2021-04-04","Viola Davis","https://en.wikipedia.org/wiki/27th_Screen_Actors_Guild_Awards"
"SAG Awards","Guild","USA","2022","Outstanding Performance by a Female Actor in a Leading Role","2022-02-27","Jessica Chastain","https://variety.com/2022/film/news/2022-sag-awards-winners-list-1235186124/"
"SAG Awards","Guild","USA","2023","Outstanding Performance by a Female Actor in a Leading Role","2023-02-26","Michelle Yeoh","https://www.hollywoodreporter.com/movies/movie-news/sag-awards-2023-winners-list-1235334724/"
"SAG Awards","Guild","USA","2024","Outstanding Performance by a Female Actor in a Leading Role","2024-02-24","Lily Gladstone","https://en.wikipedia.org/wiki/30th_Screen_Actors_Guild_Awards"
"SAG Awards","Guild","USA","2025","Outstanding Performance by a Female Actor in a Leading Role","2025-02-23","Demi Moore","https://www.hollywoodreporter.com/movies/movie-news/demi-moore-sag-awards-2025-best-actress-the-substance-1236144821/"
"SAG Awards","Guild","USA","2026","Outstanding Performance by a Female Actor in a Leading Role","2026-03-01","Jessie Buckley","https://www.the-independent.com/arts-entertainment/tv/news/sag-actor-awards-2026-winners-b2929866.html"
"SAG Awards","Guild","USA","2000","Outstanding Performance by a Male Actor in a Supporting Role","2000-03-12","Michael Caine","https://www.actorawards.org/awards/nominees-and-recipients/6th-annual-screen-actors-guild-awards"
"SAG Awards","Guild","USA","2001","Outstanding Performance by a Male Actor in a Supporting Role","2001-03-11","Albert Finney","https://en.wikipedia.org/wiki/7th_Screen_Actors_Guild_Awards"
"SAG Awards","Guild","USA","2002","Outstanding Performance by a Male Actor in a Supporting Role","2002-03-10","Ian McKellen","https://www.actorawards.org/awards/nominees-and-recipients/8th-annual-screen-actors-guild-awards"
"SAG Awards","Guild","USA","2003","Outstanding Performance by a Male Actor in a Supporting Role","2003-03-09","Christopher Walken","https://www.actorawards.org/awards/nominees-and-recipients/9th-annual-screen-actors-guild-awards"
"SAG Awards","Guild","USA","2004","Outstanding Performance by a Male Actor in a Supporting Role","2004-02-22","Tim Robbins","https://en.wikipedia.org/wiki/10th_Screen_Actors_Guild_Awards"
"SAG Awards","Guild","USA","2005","Outstanding Performance by a Male Actor in a Supporting Role","2005-02-05","Morgan Freeman","https://en.wikipedia.org/wiki/11th_Screen_Actors_Guild_Awards"
"SAG Awards","Guild","USA","2006","Outstanding Performance by a Male Actor in a Supporting Role","2006-01-29","Paul Giamatti","http://news.bbc.co.uk/2/hi/entertainment/4661214.stm"
"SAG Awards","Guild","USA","2007","Outstanding Performance by a Male Actor in a Supporting Role","2007-01-28","Eddie Murphy","https://en.wikipedia.org/wiki/13th_Screen_Actors_Guild_Awards"
"SAG Awards","Guild","USA","2008","Outstanding Performance by a Male Actor in a Supporting Role","2008-01-27","Javier Bardem","https://www.actorawards.org/awards/nominees-and-recipients/14th-annual-screen-actors-guild-awards"
"SAG Awards","Guild","USA","2009","Outstanding Performance by a Male Actor in a Supporting Role","2009-01-25","Heath Ledger","https://www.actorawards.org/about/15th-annual-screen-actors-guild-awards"
"SAG Awards","Guild","USA","2010","Outstanding Performance by a Male Actor in a Supporting Role","2010-01-23","Christoph Waltz","https://en.wikipedia.org/wiki/16th_Screen_Actors_Guild_Awards"
"SAG Awards","Guild","USA","2011","Outstanding Performance by a Male Actor in a Supporting Role","2011-01-30","Christian Bale","https://www.actorawards.org/awards/nominees-and-recipients/17th-annual-screen-actors-guild-awards"
"SAG Awards","Guild","USA","2012","Outstanding Performance by a Male Actor in a Supporting Role","2012-01-29","Christopher Plummer","https://www.actorawards.org/awards/nominees-and-recipients/18th-annual-screen-actors-guild-awards"
"SAG Awards","Guild","USA","2013","Outstanding Performance by a Male Actor in a Supporting Role","2013-01-27","Tommy Lee Jones","https://www.sagaftra.org/sag-aftra-honors-outstanding-film-and-television-performances-19th-annual-screen-actors-guild-awards"
"SAG Awards","Guild","USA","2014","Outstanding Performance by a Male Actor in a Supporting Role","2014-01-18","Jared Leto","https://www.cnn.com/2014/01/18/showbiz/sag-awards-2014-winners-list"
"SAG Awards","Guild","USA","2015","Outstanding Performance by a Male Actor in a Supporting Role","2015-01-25","J.K. Simmons","https://variety.com/2015/film/news/sag-award-winners-2015-screen-actors-guild-awards-winner-list-1201414657/"
"SAG Awards","Guild","USA","2016","Outstanding Performance by a Male Actor in a Supporting Role","2016-01-30","Idris Elba","https://en.wikipedia.org/wiki/22nd_Screen_Actors_Guild_Awards"
"SAG Awards","Guild","USA","2017","Outstanding Performance by a Male Actor in a Supporting Role","2017-01-29","Mahershala Ali","https://www.hollywoodreporter.com/lists/sag-award-winners-2017-complete-list-960075/"
"SAG Awards","Guild","USA","2018","Outstanding Performance by a Male Actor in a Supporting Role","2018-01-21","Sam Rockwell","https://www.hollywoodreporter.com/lists/sag-award-winners-2018-full-list-1067861/"
"SAG Awards","Guild","USA","2019","Outstanding Performance by a Male Actor in a Supporting Role","2019-01-27","Mahershala Ali","https://en.wikipedia.org/wiki/25th_Screen_Actors_Guild_Awards"
"SAG Awards","Guild","USA","2020","Outstanding Performance by a Male Actor in a Supporting Role","2020-01-19","Brad Pitt","https://www.latimes.com/entertainment-arts/movies/story/2020-01-19/2020-sag-awards-winners-full-list"
"SAG Awards","Guild","USA","2021","Outstanding Performance by a Male Actor in a Supporting Role","2021-04-04","Daniel Kaluuya","https://en.wikipedia.org/wiki/27th_Screen_Actors_Guild_Awards"
"SAG Awards","Guild","USA","2022","Outstanding Performance by a Male Actor in a Supporting Role","2022-02-27","Troy Kotsur","https://www.hollywoodreporter.com/movies/movie-news/sag-awards-winners-2022-complete-list-1235100358/"
"SAG Awards","Guild","USA","2023","Outstanding Performance by a Male Actor in a Supporting Role","2023-02-26","Ke Huy Quan","https://variety.com/2023/awards/news/sag-awards-2023-winners-list-1235535131/"
"SAG Awards","Guild","USA","2024","Outstanding Performance by a Male Actor in a Supporting Role","2024-02-24","Robert Downey Jr.","https://www.actorawards.org/awards/nominees-and-recipients/30th-annual-screen-actors-guild-awards"
"SAG Awards","Guild","USA","2025","Outstanding Performance by a Male Actor in a Supporting Role","2025-02-23","Kieran Culkin","https://variety.com/2025/film/news/sag-awards-winners-2025-1236313200/"
"SAG Awards","Guild","USA","2026","Outstanding Performance by a Male Actor in a Supporting Role","2026-03-01","Sean Penn","https://www.hollywoodreporter.com/lists/actor-awards-2026-winners-list/"
"SAG Awards","Guild","USA","2000","Outstanding Performance by a Female Actor in a Supporting Role","2000-03-12","Angelina Jolie","https://www.actorawards.org/awards/nominees-and-recipients/6th-annual-screen-actors-guild-awards"
"SAG Awards","Guild","USA","2001","Outstanding Performance by a Female Actor in a Supporting Role","2001-03-11","Judi Dench","https://www.actorawards.org/awards/nominees-and-recipients/7th-annual-screen-actors-guild-awards"
"SAG Awards","Guild","USA","2002","Outstanding Performance by a Female Actor in a Supporting Role","2002-03-10","Helen Mirren","https://en.wikipedia.org/wiki/8th_Screen_Actors_Guild_Awards"
"SAG Awards","Guild","USA","2003","Outstanding Performance by a Female Actor in a Supporting Role","2003-03-09","Catherine Zeta-Jones","https://www.digitalhit.com/screen-actors-guild-awards/9th/winners/"
"SAG Awards","Guild","USA","2004","Outstanding Performance by a Female Actor in a Supporting Role","2004-02-22","Renée Zellweger","https://en.wikipedia.org/wiki/10th_Screen_Actors_Guild_Awards"
"SAG Awards","Guild","USA","2005","Outstanding Performance by a Female Actor in a Supporting Role","2005-02-05","Cate Blanchett","https://en.wikipedia.org/wiki/11th_Screen_Actors_Guild_Awards"
"SAG Awards","Guild","USA","2006","Outstanding Performance by a Female Actor in a Supporting Role","2006-01-29","Rachel Weisz","https://en.wikipedia.org/wiki/12th_Screen_Actors_Guild_Awards"
"SAG Awards","Guild","USA","2007","Outstanding Performance by a Female Actor in a Supporting Role","2007-01-28","Jennifer Hudson","https://en.wikipedia.org/wiki/13th_Screen_Actors_Guild_Awards"
"SAG Awards","Guild","USA","2008","Outstanding Performance by a Female Actor in a Supporting Role","2008-01-27","Ruby Dee","https://www.nyc.gov/html/film/html/news_2008/010108_sag_winners_2008.shtml"
"SAG Awards","Guild","USA","2009","Outstanding Performance by a Female Actor in a Supporting Role","2009-01-25","Kate Winslet","https://www.actorawards.org/awards/nominees-and-recipients/15th-annual-screen-actors-guild-awards"
"SAG Awards","Guild","USA","2010","Outstanding Performance by a Female Actor in a Supporting Role","2010-01-23","Mo'Nique","https://en.wikipedia.org/wiki/16th_Screen_Actors_Guild_Awards"
"SAG Awards","Guild","USA","2011","Outstanding Performance by a Female Actor in a Supporting Role","2011-01-30","Melissa Leo","https://en.wikipedia.org/wiki/17th_Screen_Actors_Guild_Awards"
"SAG Awards","Guild","USA","2012","Outstanding Performance by a Female Actor in a Supporting Role","2012-01-29","Octavia Spencer","https://en.wikipedia.org/wiki/18th_Screen_Actors_Guild_Awards"
"SAG Awards","Guild","USA","2013","Outstanding Performance by a Female Actor in a Supporting Role","2013-01-27","Anne Hathaway","https://www.hollywoodreporter.com/news/general-news/sag-awards-2013-complete-list-415699/"
"SAG Awards","Guild","USA","2014","Outstanding Performance by a Female Actor in a Supporting Role","2014-01-18","Lupita Nyong'o","https://www.glamourmagazine.co.uk/article/screen-actors-guild-awards-2014-winners-nominations-pictures"
"SAG Awards","Guild","USA","2015","Outstanding Performance by a Female Actor in a Supporting Role","2015-01-25","Patricia Arquette","https://en.wikipedia.org/wiki/21st_Screen_Actors_Guild_Awards"
"SAG Awards","Guild","USA","2016","Outstanding Performance by a Female Actor in a Supporting Role","2016-01-30","Alicia Vikander","https://www.actorawards.org/awards/nominees-and-recipients/22nd-annual-screen-actors-guild-awards"
"SAG Awards","Guild","USA","2017","Outstanding Performance by a Female Actor in a Supporting Role","2017-01-29","Viola Davis","https://www.vogue.com/article/sag-awards-2017-winners"
"SAG Awards","Guild","USA","2018","Outstanding Performance by a Female Actor in a Supporting Role","2018-01-21","Allison Janney","https://www.actorawards.org/awards/nominees-and-recipients/24th-annual-screen-actors-guild-awards"
"SAG Awards","Guild","USA","2019","Outstanding Performance by a Female Actor in a Supporting Role","2019-01-27","Emily Blunt","https://www.hollywoodreporter.com/lists/2019-sag-award-winners-complete-list-1172263/"
"SAG Awards","Guild","USA","2020","Outstanding Performance by a Female Actor in a Supporting Role","2020-01-19","Laura Dern","https://en.wikipedia.org/wiki/26th_Screen_Actors_Guild_Awards"
"SAG Awards","Guild","USA","2021","Outstanding Performance by a Female Actor in a Supporting Role","2021-04-04","Youn Yuh-jung","https://en.wikipedia.org/wiki/27th_Screen_Actors_Guild_Awards"
"SAG Awards","Guild","USA","2022","Outstanding Performance by a Female Actor in a Supporting Role","2022-02-27","Ariana DeBose","https://en.wikipedia.org/wiki/28th_Screen_Actors_Guild_Awards"
"SAG Awards","Guild","USA","2023","Outstanding Performance by a Female Actor in a Supporting Role","2023-02-26","Jamie Lee Curtis","https://www.hollywoodreporter.com/movies/movie-news/sag-awards-2023-winners-list-1235334724/"
"SAG Awards","Guild","USA","2024","Outstanding Performance by a Female Actor in a Supporting Role","2024-02-24","Da’Vine Joy Randolph","https://deadline.com/2024/02/sag-awards-2024-winners-list-1235836824/"
"SAG Awards","Guild","USA","2025","Outstanding Performance by a Female Actor in a Supporting Role","2025-02-23","Zoe Saldaña","https://variety.com/2025/film/news/sag-awards-winners-2025-1236313200/"
"SAG Awards","Guild","USA","2026","Outstanding Performance by a Female Actor in a Supporting Role","2026-03-01","Amy Madigan","https://deadline.com/2026/03/2026-sag-actor-awards-winners-1236740466/"
"DGA Awards","Guild","USA","2000","Outstanding Directorial Achievement in Theatrical Feature Film","2000-03-11","Sam Mendes (American Beauty)","https://en.wikipedia.org/wiki/52nd_Directors_Guild_of_America_Awards"
"DGA Awards","Guild","USA","2001","Outstanding Directorial Achievement in Theatrical Feature Film","2001-03-10","Ang Lee","https://www.dga.org/Awards/History/2000s/2000"
"DGA Awards","Guild","USA","2002","Outstanding Directorial Achievement in Theatrical Feature Film","2002-03-09","Ron Howard","https://www.dga.org/News/PressReleases/2002/0309-Ron-Howard-Wins-2001-DGA-Award-for-Feature-Film.aspx"
"DGA Awards","Guild","USA","2003","Outstanding Directorial Achievement in Theatrical Feature Film","2003-03-01","Rob Marshall","https://en.wikipedia.org/wiki/55th_Directors_Guild_of_America_Awards"
"DGA Awards","Guild","USA","2004","Outstanding Directorial Achievement in Theatrical Feature Film","2004-02-07","Peter Jackson","https://www.dga.org/News/PressReleases/2004/0208-DGA-Announces-Winners-of-2003-Outstanding-Directorial-Achievement-Awards-and-Recipients-of-DGA"
"DGA Awards","Guild","USA","2005","Outstanding Directorial Achievement in Theatrical Feature Film","2005-01-29","Clint Eastwood","https://en.wikipedia.org/wiki/57th_Directors_Guild_of_America_Awards"
"DGA Awards","Guild","USA","2006","Outstanding Directorial Achievement in Theatrical Feature Film","2006-01-28","Ang Lee (for Brokeback Mountain)","https://en.wikipedia.org/wiki/58th_Directors_Guild_of_America_Awards"
"DGA Awards","Guild","USA","2007","Outstanding Directorial Achievement in Theatrical Feature Film","2007-02-03","Martin Scorsese","https://www.dga.org/News/PressReleases/2007/0204-DGA-Names-Winners-and-Special-Award-Recipients-at-59th-Annual-DGA-Awards"
"DGA Awards","Guild","USA","2008","Outstanding Directorial Achievement in Theatrical Feature Film","2008-01-26","Joel Coen and Ethan Coen","https://en.wikipedia.org/wiki/60th_Directors_Guild_of_America_Awards"
"DGA Awards","Guild","USA","2009","Outstanding Directorial Achievement in Theatrical Feature Film","2009-01-31","Danny Boyle (Slumdog Millionaire)","https://en.wikipedia.org/wiki/61st_Directors_Guild_of_America_Awards"
"DGA Awards","Guild","USA","2010","Outstanding Directorial Achievement in Theatrical Feature Film","2010-01-30","Kathryn Bigelow","https://www.dga.org/News/PressReleases/2010/0131-Kathryn-Bigelow-wins-DGA-Feature-Film-Award-for-The-Hurt-Locker"
"DGA Awards","Guild","USA","2011","Outstanding Directorial Achievement in Theatrical Feature Film","2011-01-29","Tom Hooper","https://www.dga.org/News/PressReleases/2011/0130-Tom-Hooper-wins-DGA-Feature-Film-Award.aspx"
"DGA Awards","Guild","USA","2012","Outstanding Directorial Achievement in Theatrical Feature Film","2012-01-28","Michel Hazanavicius","https://www.hollywoodreporter.com/movies/movie-news/dga-awards-winners-directors-guild-nominations-285487/"
"DGA Awards","Guild","USA","2013","Outstanding Directorial Achievement in Theatrical Feature Film","2013-02-02","Ben Affleck (Argo)","https://www.dga.org/awards/history/2010s/2013"
"DGA Awards","Guild","USA","2014","Outstanding Directorial Achievement in Theatrical Feature Film","2014-01-25","Alfonso Cuarón (Gravity)","https://www.dga.org/News/PressReleases/2014/140125-DGA-Awards-Winners.aspx"
"DGA Awards","Guild","USA","2015","Outstanding Directorial Achievement in Theatrical Feature Film","2015-02-07","Alejandro G. Iñárritu","https://www.dga.org/news/pressreleases/2015/150207-dga-awards-winners.aspx"
"DGA Awards","Guild","USA","2016","Outstanding Directorial Achievement in Theatrical Feature Film","2016-02-06","Alejandro G. Iñárritu (The Revenant)","https://www.dga.org/News/PressReleases/2016/160206-DGA-Awards-Winners"
"DGA Awards","Guild","USA","2017","Outstanding Directorial Achievement in Theatrical Feature Film","2017-02-04","Damien Chazelle (La La Land)","https://www.dga.org/News/PressReleases/2017/170204-DGA-Awards-Winners"
"DGA Awards","Guild","USA","2018","Outstanding Directorial Achievement in Theatrical Feature Film","2018-02-03","Guillermo del Toro (The Shape of Water)","https://www.dga.org/News/PressReleases/2018/180203-DGA-Awards-Winners.aspx"
"DGA Awards","Guild","USA","2019","Outstanding Directorial Achievement in Theatrical Feature Film","2019-02-02","Alfonso Cuarón","https://www.dga.org/News/PressReleases/2019/190202-DGA-Awards-Winners"
"DGA Awards","Guild","USA","2020","Outstanding Directorial Achievement in Theatrical Feature Film","2020-01-25","Sam Mendes","https://www.dga.org/News/PressReleases/2020/200125-DGA-Awards-Winners"
"DGA Awards","Guild","USA","2021","Outstanding Directorial Achievement in Theatrical Feature Film","2021-04-10","Chloé Zhao","https://www.hollywoodreporter.com/movies/movie-news/2021-dga-awards-winners-list-4163584/"
"DGA Awards","Guild","USA","2022","Outstanding Directorial Achievement in Theatrical Feature Film","2022-03-12","Jane Campion (The Power of the Dog)","https://www.dga.org/News/PressReleases/2022/220312_74th_Annual_DGA_Awards_Winners"
"DGA Awards","Guild","USA","2023","Outstanding Directorial Achievement in Theatrical Feature Film","2023-02-18","Daniel Kwan and Daniel Scheinert","https://www.dga.org/News/PressReleases/2023/220312_75th_Annual_DGA_Awards_Winners"
"DGA Awards","Guild","USA","2024","Outstanding Directorial Achievement in Theatrical Feature Film","2024-02-10","Christopher Nolan (Oppenheimer)","https://www.dga.org/News/PressReleases/2024/240210_76thAnnualDGAAwardsWinners.aspx"
"DGA Awards","Guild","USA","2025","Outstanding Directorial Achievement in Theatrical Feature Film","2025-02-08","Sean Baker","https://www.dga.org/news/pressreleases/2025/250208_77thannualdgaawardswinners"
"DGA Awards","Guild","USA","2026","Outstanding Directorial Achievement in Theatrical Feature Film","2026-02-07","Paul Thomas Anderson","https://www.dga.org/News/PressReleases/2026/260207_78th_Annual-DGA-Award-Winners"
"DGA Awards","Guild","USA","2000","Outstanding Directorial Achievement in First-Time Theatrical Feature Film","","",""
"DGA Awards","Guild","USA","2001","Outstanding Directorial Achievement in First-Time Theatrical Feature Film","2001-03-10","","https://en.wikipedia.org/wiki/Directors_Guild_of_America_Award_for_Outstanding_Directorial_Achievement_in_First-Time_Theatrical_Feature_Film"
"DGA Awards","Guild","USA","2002","Outstanding Directorial Achievement in First-Time Theatrical Feature Film","","",""
"DGA Awards","Guild","USA","2003","Outstanding Directorial Achievement in First-Time Theatrical Feature Film","","",""
"DGA Awards","Guild","USA","2004","Outstanding Directorial Achievement in First-Time Theatrical Feature Film","","",""
"DGA Awards","Guild","USA","2005","Outstanding Directorial Achievement in First-Time Theatrical Feature Film","","",""
"DGA Awards","Guild","USA","2006","Outstanding Directorial Achievement in First-Time Theatrical Feature Film","","",""
"DGA Awards","Guild","USA","2007","Outstanding Directorial Achievement in First-Time Theatrical Feature Film","","",""
"DGA Awards","Guild","USA","2008","Outstanding Directorial Achievement in First-Time Theatrical Feature Film","","",""
"DGA Awards","Guild","USA","2009","Outstanding Directorial Achievement in First-Time Theatrical Feature Film","","",""
"DGA Awards","Guild","USA","2010","Outstanding Directorial Achievement in First-Time Theatrical Feature Film","","",""
"DGA Awards","Guild","USA","2011","Outstanding Directorial Achievement in First-Time Theatrical Feature Film","","","https://en.wikipedia.org/wiki/Directors_Guild_of_America_Award_for_Outstanding_Directorial_Achievement_in_First-Time_Theatrical_Feature_Film"
"DGA Awards","Guild","USA","2012","Outstanding Directorial Achievement in First-Time Theatrical Feature Film","","",""
"DGA Awards","Guild","USA","2013","Outstanding Directorial Achievement in First-Time Theatrical Feature Film","","",""
"DGA Awards","Guild","USA","2014","Outstanding Directorial Achievement in First-Time Theatrical Feature Film","","",""
"DGA Awards","Guild","USA","2015","Outstanding Directorial Achievement in First-Time Theatrical Feature Film","","",""
"DGA Awards","Guild","USA","2016","Outstanding Directorial Achievement in First-Time Theatrical Feature Film","2016-02-06","Alex Garland (Ex Machina)","https://www.dga.org/News/PressReleases/2016/160206-DGA-Awards-Winners"
"DGA Awards","Guild","USA","2017","Outstanding Directorial Achievement in First-Time Theatrical Feature Film","2017-02-04","Garth Davis","https://abcnews.go.com/Entertainment/dga-awards-2017-complete-winners-list/story?id=45280918"
"DGA Awards","Guild","USA","2018","Outstanding Directorial Achievement in First-Time Theatrical Feature Film","2018-02-03","Jordan Peele (Get Out)","https://www.dga.org/News/PressReleases/2018/180203-DGA-Awards-Winners.aspx"
"DGA Awards","Guild","USA","2019","Outstanding Directorial Achievement in First-Time Theatrical Feature Film","2019-02-02","Bo Burnham (for Eighth Grade)","https://www.dga.org/News/PressReleases/2019/190202-DGA-Awards-Winners"
"DGA Awards","Guild","USA","2020","Outstanding Directorial Achievement in First-Time Theatrical Feature Film","2020-01-25","Alma Har'el (Honey Boy)","https://www.dga.org/News/PressReleases/2020/200125-DGA-Awards-Winners"
"DGA Awards","Guild","USA","2021","Outstanding Directorial Achievement in First-Time Theatrical Feature Film","2021-04-10","Darius Marder (Sound of Metal)","https://www.dga.org/News/PressReleases/2021/210410-DGA-Awards-Winners"
"DGA Awards","Guild","USA","2022","Outstanding Directorial Achievement in First-Time Theatrical Feature Film","2022-03-12","Maggie Gyllenhaal (The Lost Daughter)","https://www.hollywoodreporter.com/movies/movie-news/dga-awards-2022-winners-list-1235109846/"
"DGA Awards","Guild","USA","2023","Outstanding Directorial Achievement in First-Time Theatrical Feature Film","2023-02-18","Charlotte Wells","https://www.dga.org/News/PressReleases/2023/220312_75th_Annual_DGA_Awards_Winners"
"DGA Awards","Guild","USA","2024","Outstanding Directorial Achievement in First-Time Theatrical Feature Film","2024-02-10","Celine Song for Past Lives","https://www.dga.org/News/PressReleases/2024/240210_76thAnnualDGAAwardsWinners.aspx"
"DGA Awards","Guild","USA","2025","Outstanding Directorial Achievement in First-Time Theatrical Feature Film","2025-02-08","RaMell Ross (Nickel Boys)","https://www.dga.org/news/pressreleases/2025/250208_77thannualdgaawardswinners"
"DGA Awards","Guild","USA","2026","Outstanding Directorial Achievement in First-Time Theatrical Feature Film","2026-02-07","Charlie Polinger","https://www.dga.org/News/PressReleases/2026/260207_78th_Annual-DGA-Award-Winners"
"DGA Awards","Guild","USA","2000","Outstanding Directorial Achievement in Documentary Film","2000-03-11","Nanette Burstein and Brett Morgen (On the Ropes)","https://en.wikipedia.org/wiki/52nd_Directors_Guild_of_America_Awards"
"DGA Awards","Guild","USA","2001","Outstanding Directorial Achievement in Documentary Film","2001-03-10","Chuck Braverman","https://www.dga.org/News/PressReleases/2001/0310-Chuck-Braverman-Wins-2000-DGA-Award-for-Documentary"
"DGA Awards","Guild","USA","2002","Outstanding Directorial Achievement in Documentary Film","2002-03-09","Chris Hegedus and Jehane Noujaim","https://www.dga.org/News/PressReleases/2002/0309-DGA-Announces-Winners-of-2001-Outstanding-Directorial-Achievement-Awards-and-Recipients.aspx"
"DGA Awards","Guild","USA","2003","Outstanding Directorial Achievement in Documentary Film","2003-03-01","Tasha Oldham, The Smith Family","https://www.imdb.com/event/ev0000212/2003/1/"
"DGA Awards","Guild","USA","2004","Outstanding Directorial Achievement in Documentary Film","2004-02-07","Nathaniel Kahn for My Architect","https://en.wikipedia.org/wiki/56th_Directors_Guild_of_America_Awards"
"DGA Awards","Guild","USA","2005","Outstanding Directorial Achievement in Documentary Film","2005-01-29","Byambasuren Davaa and Luigi Falorni for The Story of the Weeping Camel","https://www.dga.org/Awards/History/2000s/2004.aspx"
"DGA Awards","Guild","USA","2006","Outstanding Directorial Achievement in Documentary Film","2006-01-28","Werner Herzog (Grizzly Man)","https://www.dga.org/Awards/History/2000s/2005.aspx"
"DGA Awards","Guild","USA","2007","Outstanding Directorial Achievement in Documentary Film","2007-02-04","Arunas Matelis","https://www.dga.org/News/PressReleases/2007/0204-DGA-Names-Winners-and-Special-Award-Recipients-at-59th-Annual-DGA-Awards"
"DGA Awards","Guild","USA","2008","Outstanding Directorial Achievement in Documentary Film","2008-01-26","Asger Leth (Ghosts of Cité Soleil)","https://www.dga.org/News/PressReleases/2008/0126-Joel-Ethan-Coen-Win-DGA-Feature-Film-Award-Other-Winners-of-2007-DGA-Awards-Announced"
"DGA Awards","Guild","USA","2009","Outstanding Directorial Achievement in Documentary Film","2009-01-31","Ari Folman (Waltz with Bashir)","https://www.dga.org/Awards/History/2000s/2008.aspx"
"DGA Awards","Guild","USA","2010","Outstanding Directorial Achievement in Documentary Film","2010-01-30","Louie Psihoyos","https://www.dga.org/News/PressReleases/2010/0131-Kathryn-Bigelow-wins-DGA-Feature-Film-Award-for-The-Hurt-Locker.aspx"
"DGA Awards","Guild","USA","2011","Outstanding Directorial Achievement in Documentary Film","2011-01-29","Charles Ferguson","https://www.dga.org/News/PressReleases/2011/0130-Tom-Hooper-wins-DGA-Feature-Film-Award"
"DGA Awards","Guild","USA","2012","Outstanding Directorial Achievement in Documentary Film","2012-01-28","James Marsh for Project Nim","https://www.dga.org/Awards/History/2010s/2011.aspx"
"DGA Awards","Guild","USA","2013","Outstanding Directorial Achievement in Documentary Film","2013-02-02","Malik Bendjelloul (Searching for Sugar Man)","https://deadline.com/2013/02/dga-awards-2013-winners-list-directors-guild-of-america-419944/"
"DGA Awards","Guild","USA","2014","Outstanding Directorial Achievement in Documentary Film","2014-01-25","Jehane Noujaim (for The Square)","https://en.wikipedia.org/wiki/66th_Directors_Guild_of_America_Awards"
"DGA Awards","Guild","USA","2015","Outstanding Directorial Achievement in Documentary Film","2015-02-07","Laura Poitras (Citizenfour)","https://www.dga.org/news/pressreleases/2015/150207-dga-awards-winners.aspx"
"DGA Awards","Guild","USA","2016","Outstanding Directorial Achievement in Documentary Film","2016-02-06","Matthew Heineman for Cartel Land","https://www.dga.org/News/PressReleases/2016/160206-DGA-Awards-Winners"
"DGA Awards","Guild","USA","2017","Outstanding Directorial Achievement in Documentary Film","2017-02-04","Ezra Edelman","https://www.dga.org/News/PressReleases/2017/170204-DGA-Awards-Winners"
"DGA Awards","Guild","USA","2018","Outstanding Directorial Achievement in Documentary Film","2018-02-03","Matthew Heineman (City of Ghosts)","https://www.dga.org/News/PressReleases/2018/180203-DGA-Awards-Winners.aspx"
"DGA Awards","Guild","USA","2019","Outstanding Directorial Achievement in Documentary Film","2019-02-02","Tim Wardle","https://www.dga.org/News/PressReleases/2019/190202-DGA-Awards-Winners"
"DGA Awards","Guild","USA","2020","Outstanding Directorial Achievement in Documentary Film","2020-01-25","Steven Bognar and Julia Reichert for American Factory","https://www.dga.org/News/PressReleases/2020/200125-DGA-Awards-Winners"
"DGA Awards","Guild","USA","2021","Outstanding Directorial Achievement in Documentary Film","2021-04-10","Michael Dweck & Gregory Kershaw (The Truffle Hunters)","https://www.dga.org/News/PressReleases/2021/210410-DGA-Awards-Winners"
"DGA Awards","Guild","USA","2022","Outstanding Directorial Achievement in Documentary Film","2022-03-12","Stanley Nelson","https://www.dga.org/News/PressReleases/2022/220312_74th_Annual_DGA_Awards_Winners"
"DGA Awards","Guild","USA","2023","Outstanding Directorial Achievement in Documentary Film","2023-02-18","Sara Dosa, Fire of Love","https://www.dga.org/News/PressReleases/2023/220312_75th_Annual_DGA_Awards_Winners"
"DGA Awards","Guild","USA","2024","Outstanding Directorial Achievement in Documentary Film","2024-02-10","Mstyslav Chernov","https://www.dga.org/News/PressReleases/2024/240210_76thAnnualDGAAwardsWinners.aspx"
"DGA Awards","Guild","USA","2025","Outstanding Directorial Achievement in Documentary Film","2025-02-08","Brendan Bellomo and Slava Leontyev (Porcelain War)","https://www.dga.org/news/pressreleases/2025/250208_77thannualdgaawardswinners"
"DGA Awards","Guild","USA","2026","Outstanding Directorial Achievement in Documentary Film","2026-02-07","Mstyslav Chernov for 2000 Meters to Andriivka","https://www.dga.org/News/PressReleases/2026/260207_78th_Annual-DGA-Award-Winners"
"WGA Awards","Guild","USA","2000","Original Screenplay","2000-03-05","Alan Ball (American Beauty)","https://variety.com/2000/film/news/wga-ogles-beauty-1117779103/"
"WGA Awards","Guild","USA","2001","Original Screenplay","2001-03-04","You Can Count on Me (Kenneth Lonergan)","https://en.wikipedia.org/wiki/53rd_Writers_Guild_of_America_Awards"
"WGA Awards","Guild","USA","2002","Original Screenplay","2002-03-02","Julian Fellowes (Gosford Park)","https://variety.com/2002/film/awards/writers-guild-awards-gosford-park-mind-1117861680/"
"WGA Awards","Guild","USA","2003","Original Screenplay","2003-03-08","Michael Moore (Bowling for Columbine)","https://en.wikipedia.org/wiki/55th_Writers_Guild_of_America_Awards"
"WGA Awards","Guild","USA","2004","Original Screenplay","2004-02-21","Lost in Translation (Written by Sofia Coppola)","https://www.cnn.com/2004/SHOWBIZ/Movies/02/22/sprj.aa04.wag.awards.reut/index.html"
"WGA Awards","Guild","USA","2005","Original Screenplay","2005-02-19","Eternal Sunshine of the Spotless Mind (Screenplay by Charlie Kaufman; Story by Charlie Kaufman & Michel Gondry & Pierre Bismuth)","https://en.wikipedia.org/wiki/57th_Writers_Guild_of_America_Awards"
"WGA Awards","Guild","USA","2006","Original Screenplay","2006-02-04","Crash (Screenplay by Paul Haggis & Bobby Moresco; Story by Paul Haggis)","https://awards.wga.org/awards/nominees-winners/2012-2006"
"WGA Awards","Guild","USA","2007","Original Screenplay","2007-02-11","Little Miss Sunshine (written by Michael Arndt)","https://en.wikipedia.org/wiki/59th_Writers_Guild_of_America_Awards"
"WGA Awards","Guild","USA","2008","Original Screenplay","2008-02-09","Juno (Written by Diablo Cody)","https://en.wikipedia.org/wiki/60th_Writers_Guild_of_America_Awards"
"WGA Awards","Guild","USA","2009","Original Screenplay","2009-02-07","Milk (Written by Dustin Lance Black)","https://www.wgaeast.org/winners-announced-for-2009-writers-guild-awards/"
"WGA Awards","Guild","USA","2010","Original Screenplay","2010-02-20","The Hurt Locker, Written by Mark Boal","https://www.wgaeast.org/winners-announced-for-2010-writers-guild-awards/"
"WGA Awards","Guild","USA","2011","Original Screenplay","2011-02-05","Inception (Written by Christopher Nolan)","https://www.wgaeast.org/2011-writers-guild-awards-winners-announced/"
"WGA Awards","Guild","USA","2012","Original Screenplay","2012-02-19","Midnight in Paris (Written by Woody Allen)","https://www.wgaeast.org/wp-content/uploads/typo3/user_upload/files/2012wga-award-winners-release.pdf"
"WGA Awards","Guild","USA","2013","Original Screenplay","2013-02-17","Zero Dark Thirty (Written by Mark Boal)","https://www.wgaeast.org/wp-content/uploads/typo3/user_upload/_temp_/2013_Writers_Guild_Awards_-_WINNERS_Announced_2-17-13_FINAL-js.pdf"
"WGA Awards","Guild","USA","2014","Original Screenplay","2014-02-01","Her, Written by Spike Jonze","https://www.wgaeast.org/2014-writers-guild-awards-winner-announced/"
"WGA Awards","Guild","USA","2015","Original Screenplay","2015-02-14","The Grand Budapest Hotel","https://www.wgaeast.org/2015-writers-guild-awards-winners-announced/"
"WGA Awards","Guild","USA","2016","Original Screenplay","2016-02-13","Spotlight (Josh Singer and Tom McCarthy)","https://www.wgaeast.org/2016-writers-guild-awards-winners-announced/"
"WGA Awards","Guild","USA","2017","Original Screenplay","2017-02-19","Moonlight","https://www.wgaeast.org/award/2017/"
"WGA Awards","Guild","USA","2018","Original Screenplay","2018-02-11","Get Out, Written by Jordan Peele","https://variety.com/2018/film/awards/2018-wga-award-winners-complete-list-1202694807/"
"WGA Awards","Guild","USA","2019","Original Screenplay","2019-02-17","Eighth Grade (Written by Bo Burnham)","https://www.hollywoodreporter.com/lists/2019-wga-winners-list-full-1174282/"
"WGA Awards","Guild","USA","2020","Original Screenplay","2020-02-01","Parasite (Screenplay by Bong Joon Ho and Han Jin Won; Story by Bong Joon Ho)","https://www.wgaeast.org/2020-writers-guild-awards-winners-announced/"
"WGA Awards","Guild","USA","2021","Original Screenplay","2021-03-21","Emerald Fennell (Promising Young Woman)","https://variety.com/2021/film/news/wga-awards-winners-2021-writers-guild-1234935361/"
"WGA Awards","Guild","USA","2022","Original Screenplay","2022-03-20","Don't Look Up (Screenplay by Adam McKay, Story by Adam McKay & David Sirota)","https://www.wgaeast.org/award/2022/"
"WGA Awards","Guild","USA","2023","Original Screenplay","2023-03-05","Everything Everywhere All At Once (Written by Daniel Kwan & Daniel Scheinert)","https://deadline.com/2023/03/wga-awards-2023-winners-list-1235277408/"
"WGA Awards","Guild","USA","2024","Original Screenplay","2024-04-14","The Holdovers, Written by David Hemingson","https://www.wga.org/news-events/news/press/2024-writers-guild-awards-winners-announced"
"WGA Awards","Guild","USA","2025","Original Screenplay","2025-02-15","Anora, Written by Sean Baker","https://www.wga.org/news-events/news/press/2025-writers-guild-awards-winners-announced"
"WGA Awards","Guild","USA","2026","Original Screenplay","2026-03-08","Sinners","https://www.wgaeast.org/2026-writers-guild-awards-winners-announced/"
"WGA Awards","Guild","USA","2000","Adapted Screenplay","2000-03-05","Alexander Payne & Jim Taylor (Election)","https://awards.wga.org/awards/nominees-winners/2005-1996"
"WGA Awards","Guild","USA","2001","Adapted Screenplay","2001-03-04","Stephen Gaghan (Traffic)","https://en.wikipedia.org/wiki/53rd_Writers_Guild_of_America_Awards"
"WGA Awards","Guild","USA","2002","Adapted Screenplay","2002-03-02","A Beautiful Mind (Screenplay by Akiva Goldsman)","https://en.wikipedia.org/wiki/54th_Writers_Guild_of_America_Awards"
"WGA Awards","Guild","USA","2003","Adapted Screenplay","2003-03-08","The Hours (Written by David Hare)","https://awards.wga.org/awards/nominees-winners/2005-1996"
"WGA Awards","Guild","USA","2004","Adapted Screenplay","2004-02-21","American Splendor","https://awards.wga.org/awards/nominees-winners/2005-1996"
"WGA Awards","Guild","USA","2005","Adapted Screenplay","2005-02-19","Sideways (Alexander Payne and Jim Taylor)","https://en.wikipedia.org/wiki/57th_Writers_Guild_of_America_Awards"
"WGA Awards","Guild","USA","2006","Adapted Screenplay","2006-02-04","Brokeback Mountain (Larry McMurtry and Diana Ossana)","https://en.wikipedia.org/wiki/58th_Writers_Guild_of_America_Awards"
"WGA Awards","Guild","USA","2007","Adapted Screenplay","2007-02-11","The Departed (William Monahan)","https://en.wikipedia.org/wiki/59th_Writers_Guild_of_America_Awards"
"WGA Awards","Guild","USA","2008","Adapted Screenplay","2008-02-09","No Country for Old Men (Screenplay by Ethan Coen & Joel Coen)","https://www.wgaeast.org/2008-writers-guild-awards-winners-announced/"
"WGA Awards","Guild","USA","2009","Adapted Screenplay","2009-02-07","Slumdog Millionaire (Simon Beaufoy)","https://www.wgaeast.org/winners-announced-for-2009-writers-guild-awards/"
"WGA Awards","Guild","USA","2010","Adapted Screenplay","2010-02-20","Up in the Air (Jason Reitman and Sheldon Turner)","https://www.wgaeast.org/winners-announced-for-2010-writers-guild-awards/"
"WGA Awards","Guild","USA","2011","Adapted Screenplay","February 5, 2011","The Social Network (Screenplay by Aaron Sorkin)","https://www.wgaeast.org/2011-writers-guild-awards-winners-announced/"
"WGA Awards","Guild","USA","2012","Adapted Screenplay","2012-02-19","The Descendants (Screenplay by Alexander Payne and Nat Faxon & Jim Rash)","https://www.wgaeast.org/wp-content/uploads/typo3/user_upload/files/2012wga-award-winners-release.pdf"
"WGA Awards","Guild","USA","2013","Adapted Screenplay","2013-02-17","Argo (Chris Terrio)","https://www.wgaeast.org/wp-content/uploads/typo3/user_upload/_temp_/2013_Writers_Guild_Awards_-_WINNERS_Announced_2-17-13_FINAL-js.pdf"
"WGA Awards","Guild","USA","2014","Adapted Screenplay","2014-02-01","Captain Phillips, Screenplay by Billy Ray","https://www.wgaeast.org/2014-writers-guild-awards-winner-announced/"
"WGA Awards","Guild","USA","2015","Adapted Screenplay","2015-02-14","The Imitation Game","https://www.wgaeast.org/2015-writers-guild-awards-winners-announced/"
"WGA Awards","Guild","USA","2016","Adapted Screenplay","2016-02-13","The Big Short (Charles Randolph and Adam McKay)","https://www.wgaeast.org/2016-writers-guild-awards-winners-announced/"
"WGA Awards","Guild","USA","2017","Adapted Screenplay","2017-02-19","Arrival (Written by Eric Heisserer)","https://www.wgaeast.org/award/2017/"
"WGA Awards","Guild","USA","2018","Adapted Screenplay","2018-02-11","Call Me by Your Name (Screenplay by James Ivory)","https://variety.com/2018/film/awards/2018-wga-award-winners-complete-list-1202694807/"
"WGA Awards","Guild","USA","2019","Adapted Screenplay","2019-02-17","Can You Ever Forgive Me? (Screenplay by Nicole Holofcener and Jeff Whitty)","https://www.wgaeast.org/award/2019/"
"WGA Awards","Guild","USA","2020","Adapted Screenplay","2020-02-01","Taika Waititi (Jojo Rabbit)","https://www.wgaeast.org/2020-writers-guild-awards-winners-announced/"
"WGA Awards","Guild","USA","2021","Adapted Screenplay","2021-03-21","Borat Subsequent Moviefilm","https://variety.com/2021/film/news/wga-awards-winners-2021-writers-guild-1234935361/"
"WGA Awards","Guild","USA","2022","Adapted Screenplay","2022-03-20","CODA (Screenplay by Siân Heder)","https://www.wgaeast.org/award/2022/"
"WGA Awards","Guild","USA","2023","Adapted Screenplay","2023-03-05","Women Talking (Screenplay by Sarah Polley)","https://deadline.com/2023/03/wga-awards-2023-winners-list-1235277408/"
"WGA Awards","Guild","USA","2024","Adapted Screenplay","2024-04-14","American Fiction (Cord Jefferson)","https://www.wga.org/news-events/news/press/2024-writers-guild-awards-winners-announced"
"WGA Awards","Guild","USA","2025","Adapted Screenplay","2025-02-15","Nickel Boys (Screenplay by RaMell Ross & Joslyn Barnes)","https://www.wga.org/news-events/news/press/2025-writers-guild-awards-winners-announced"
"WGA Awards","Guild","USA","2026","Adapted Screenplay","2026-03-08","One Battle After Another (Paul Thomas Anderson)","https://en.wikipedia.org/wiki/78th_Writers_Guild_of_America_Awards"
"WGA Awards","Guild","USA","2000","Documentary Screenplay","2000-03-05","","https://awards.wga.org/awards/nominees-winners/2005-1996"
"WGA Awards","Guild","USA","2001","Documentary Screenplay","","",""
"WGA Awards","Guild","USA","2002","Documentary Screenplay","","",""
"WGA Awards","Guild","USA","2003","Documentary Screenplay","","",""
"WGA Awards","Guild","USA","2004","Documentary Screenplay","","",""
"WGA Awards","Guild","USA","2005","Documentary Screenplay","2005-02-15","Super Size Me (Morgan Spurlock)","https://variety.com/2005/film/awards/wga-serves-up-1st-doc-kudo-to-super-1117918019/"
"WGA Awards","Guild","USA","2006","Documentary Screenplay","2006-02-04","Enron: The Smartest Guys in the Room (Written by Alex Gibney)","https://en.wikipedia.org/wiki/58th_Writers_Guild_of_America_Awards"
"WGA Awards","Guild","USA","2007","Documentary Screenplay","2007-02-11","Deliver Us from Evil","https://awards.wga.org/awards/nominees-winners/2012-2006"
"WGA Awards","Guild","USA","2008","Documentary Screenplay","2008-02-09","Taxi to the Dark Side","https://www.wgaeast.org/2008-writers-guild-awards-winners-announced/"
"WGA Awards","Guild","USA","2009","Documentary Screenplay","2009-02-07","Waltz with Bashir, Written by Ari Folman","https://www.wgaeast.org/winners-announced-for-2009-writers-guild-awards/"
"WGA Awards","Guild","USA","2010","Documentary Screenplay","2010-02-20","The Cove","https://www.wgaeast.org/winners-announced-for-2010-writers-guild-awards/"
"WGA Awards","Guild","USA","2011","Documentary Screenplay","February 5, 2011","Inside Job, Written by Charles Ferguson; Co-written by Chad Beck, Adam Bolt","https://www.wgaeast.org/2011-writers-guild-awards-winners-announced/"
"WGA Awards","Guild","USA","2012","Documentary Screenplay","2012-02-19","Better This World, Written by Katie Galloway & Kelly Duane de la Vega","https://www.wgaeast.org/wp-content/uploads/typo3/user_upload/files/2012wga-award-winners-release.pdf"
"WGA Awards","Guild","USA","2013","Documentary Screenplay","2013-02-17","Searching for Sugar Man (Written by Malik Bendjelloul)","https://entertainment.time.com/2013/02/18/2013-wga-awards-the-complete-list-of-winners/"
"WGA Awards","Guild","USA","2014","Documentary Screenplay","2014-02-01","Stories We Tell, Written by Sarah Polley","https://www.wgaeast.org/2014-writers-guild-awards-winner-announced/"
"WGA Awards","Guild","USA","2015","Documentary Screenplay","2015-02-14","The Internet’s Own Boy: The Story of Aaron Swartz (Written by Brian Knappenberger)","https://www.wgaeast.org/2015-writers-guild-awards-winners-announced/"
"WGA Awards","Guild","USA","2016","Documentary Screenplay","2016-02-13","Going Clear: Scientology and the Prison of Belief (Written by Alex Gibney)","https://www.wgaeast.org/2016-writers-guild-awards-winners-announced/"
"WGA Awards","Guild","USA","2017","Documentary Screenplay","2017-02-19","Command and Control, Telescript by Robert Kenner & Eric Schlosser, Story by Brian Pearle and Kim Roberts","https://www.wgaeast.org/2017-writers-guild-awards-winners-announced/"
"WGA Awards","Guild","USA","2018","Documentary Screenplay","2018-02-11","Jane (Written by Brett Morgen)","https://variety.com/2018/film/awards/2018-wga-award-winners-complete-list-1202694807/"
"WGA Awards","Guild","USA","2019","Documentary Screenplay","2019-02-17","Bathtubs Over Broadway, Written by Ozzy Inguanzo & Dava Whisenant","https://ew.com/awards/2019/02/17/2019-wga-awards-winners-list/"
"WGA Awards","Guild","USA","2020","Documentary Screenplay","2020-02-01","The Inventor: Out for Blood in Silicon Valley, Written by Alex Gibney","https://www.wgaeast.org/2020-writers-guild-awards-winners-announced/"
"WGA Awards","Guild","USA","2021","Documentary Screenplay","2021-03-21","The Dissident (Written by Mark Monroe and Bryan Fogel)","https://www.wgaeast.org/award/2021/"
"WGA Awards","Guild","USA","2022","Documentary Screenplay","2022-03-20","Exposing Muybridge, written by Marc Shaffer","https://www.hollywoodreporter.com/movies/movie-news/writers-guild-awards-2022-winners-list-1235115399/"
"WGA Awards","Guild","USA","2023","Documentary Screenplay","2023-03-05","Moonage Daydream, Written by Brett Morgen","https://www.wgaeast.org/award/2023/"
"WGA Awards","Guild","USA","2024","Documentary Screenplay","2024-04-14","The Pigeon Tunnel, Written by Errol Morris","https://www.wga.org/news-events/news/press/2024-writers-guild-awards-winners-announced"
"WGA Awards","Guild","USA","2025","Documentary Screenplay","2025-02-15","Jim Henson: Idea Man, Written by Mark Monroe","https://www.wga.org/news-events/news/press/2025-writers-guild-awards-winners-announced"
"WGA Awards","Guild","USA","2026","Documentary Screenplay","2026-03-08","2,000 Meters to Andriivka (Written by Mstyslav Chernov)","https://www.wgaeast.org/2026-writers-guild-awards-winners-announced/"
"PGA Awards","Guild","USA","2000","Darryl F. Zanuck Award for Outstanding Producer of Theatrical Motion Pictures","2000-03-02","Bruce Cohen and Dan Jinks (American Beauty)","https://en.wikipedia.org/wiki/11th_Golden_Laurel_Awards"
"PGA Awards","Guild","USA","2001","Darryl F. Zanuck Award for Outstanding Producer of Theatrical Motion Pictures","2001-03-03","Gladiator (Producers: Branko Lustig and Douglas Wick)","https://en.wikipedia.org/wiki/12th_Golden_Laurel_Awards"
"PGA Awards","Guild","USA","2002","Darryl F. Zanuck Award for Outstanding Producer of Theatrical Motion Pictures","2002-03-03","Moulin Rouge! (Baz Luhrmann, Fred Baron, and Martin Brown)","https://www.imdb.com/event/ev0000531/2002/1/"
"PGA Awards","Guild","USA","2003","Darryl F. Zanuck Award for Outstanding Producer of Theatrical Motion Pictures","2003-03-02","Chicago (Martin Richards)","https://en.wikipedia.org/wiki/14th_Producers_Guild_of_America_Awards"
"PGA Awards","Guild","USA","2004","Darryl F. Zanuck Award for Outstanding Producer of Theatrical Motion Pictures","2004-01-17","The Lord of the Rings: The Return of the King (Barrie M. Osborne, Peter Jackson, and Fran Walsh)","https://en.wikipedia.org/wiki/15th_Producers_Guild_of_America_Awards"
"PGA Awards","Guild","USA","2005","Darryl F. Zanuck Award for Outstanding Producer of Theatrical Motion Pictures","2005-01-22","The Aviator (Michael Mann and Graham King)","https://en.wikipedia.org/wiki/16th_Producers_Guild_of_America_Awards"
"PGA Awards","Guild","USA","2006","Darryl F. Zanuck Award for Outstanding Producer of Theatrical Motion Pictures","2006-01-22","Brokeback Mountain (Diana Ossana and James Schamus)","https://en.wikipedia.org/wiki/17th_Producers_Guild_of_America_Awards"
"PGA Awards","Guild","USA","2007","Darryl F. Zanuck Award for Outstanding Producer of Theatrical Motion Pictures","2007-01-20","Little Miss Sunshine","https://en.wikipedia.org/wiki/18th_Producers_Guild_of_America_Awards"
"PGA Awards","Guild","USA","2008","Darryl F. Zanuck Award for Outstanding Producer of Theatrical Motion Pictures","2008-02-02","No Country for Old Men (Scott Rudin, Joel Coen, and Ethan Coen)","https://en.wikipedia.org/wiki/19th_Producers_Guild_of_America_Awards"
"PGA Awards","Guild","USA","2009","Darryl F. Zanuck Award for Outstanding Producer of Theatrical Motion Pictures","2009-01-24","Slumdog Millionaire (Christian Colson)","https://en.wikipedia.org/wiki/20th_Producers_Guild_of_America_Awards"
"PGA Awards","Guild","USA","2010","Darryl F. Zanuck Award for Outstanding Producer of Theatrical Motion Pictures","2010-01-24","The Hurt Locker (Kathryn Bigelow, Mark Boal, Nicolas Chartier, and Greg Shapiro)","https://www.hollywoodreporter.com/business/business-news/hurt-locker-wins-big-pga-19881/"
"PGA Awards","Guild","USA","2011","Darryl F. Zanuck Award for Outstanding Producer of Theatrical Motion Pictures","2011-01-22","The King's Speech (Iain Canning, Emile Sherman, and Gareth Unwin)","https://en.wikipedia.org/wiki/22nd_Producers_Guild_of_America_Awards"
"PGA Awards","Guild","USA","2012","Darryl F. Zanuck Award for Outstanding Producer of Theatrical Motion Pictures","2012-01-21","The Artist (Thomas Langmann)","https://deadline.com/2012/01/producers-guild-award-2012-winners-modern-family-live-218432/"
"PGA Awards","Guild","USA","2013","Darryl F. Zanuck Award for Outstanding Producer of Theatrical Motion Pictures","2013-01-26","Argo (Ben Affleck, George Clooney, and Grant Heslov)","https://deadline.com/2013/01/producers-guild-2013-awards-winners-list-413781/"
"PGA Awards","Guild","USA","2014","Darryl F. Zanuck Award for Outstanding Producer of Theatrical Motion Pictures","2014-01-19","Gravity AND 12 Years a Slave (Tie)","https://deadline.com/2014/01/pga-awards-2014-producers-guild-award-winners-667429/"
"PGA Awards","Guild","USA","2015","Darryl F. Zanuck Award for Outstanding Producer of Theatrical Motion Pictures","2015-01-24","Birdman","https://deadline.com/2015/01/producers-guild-awards-winners-2015-pga-award-winner-list-1201357307/"
"PGA Awards","Guild","USA","2016","Darryl F. Zanuck Award for Outstanding Producer of Theatrical Motion Pictures","2016-01-23","The Big Short (Producers: Brad Pitt, Dede Gardner, Jeremy Kleiner)","https://deadline.com/2016/01/producers-guild-awards-winners-2016-pga-award-winner-list-1201689210/"
"PGA Awards","Guild","USA","2017","Darryl F. Zanuck Award for Outstanding Producer of Theatrical Motion Pictures","2017-01-28","La La Land","https://deadline.com/2017/01/pga-awards-winners-list-1201896566/"
"PGA Awards","Guild","USA","2018","Darryl F. Zanuck Award for Outstanding Producer of Theatrical Motion Pictures","2018-01-20","The Shape of Water (Guillermo del Toro and J. Miles Dale)","https://deadline.com/2018/01/pga-awards-2018-winners-list-live-blog-producers-guild-of-america-1202264697/"
"PGA Awards","Guild","USA","2019","Darryl F. Zanuck Award for Outstanding Producer of Theatrical Motion Pictures","2019-01-19","Green Book (Producers: Jim Burke, Charles B. Wessler, Brian Currie, Peter Farrelly, and Nick Vallelonga)","https://deadline.com/2019/01/2019-producers-guild-awards-winners-list-green-book-pga-awards-1202537978/"
"PGA Awards","Guild","USA","2020","Darryl F. Zanuck Award for Outstanding Producer of Theatrical Motion Pictures","2020-01-18","1917","https://deadline.com/2020/01/producers-guild-awards-2020-winners-list-pga-1202830210/"
"PGA Awards","Guild","USA","2021","Darryl F. Zanuck Award for Outstanding Producer of Theatrical Motion Pictures","2021-03-24","Nomadland (Producers: Frances McDormand, Peter Spears, Mollye Asher, Dan Janvey, and Chloé Zhao)","https://producersguild.org/pga-award-winners-2021/"
"PGA Awards","Guild","USA","2022","Darryl F. Zanuck Award for Outstanding Producer of Theatrical Motion Pictures","2022-03-19","CODA (Producers: Philippe Rousselet, Fabrice Gianfermi, Patrick Wachsberger)","https://producersguild.org/2022-pgaaward-winners/"
"PGA Awards","Guild","USA","2023","Darryl F. Zanuck Award for Outstanding Producer of Theatrical Motion Pictures","2023-02-25","Everything Everywhere All at Once","https://variety.com/2023/awards/awards/producers-guild-awards-2023-winners-list-1235535355/"
"PGA Awards","Guild","USA","2024","Darryl F. Zanuck Award for Outstanding Producer of Theatrical Motion Pictures","2024-02-25","Oppenheimer","https://www.hollywoodreporter.com/movies/movie-news/2024-producers-guild-awards-winners-list-1235833336/"
"PGA Awards","Guild","USA","2025","Darryl F. Zanuck Award for Outstanding Producer of Theatrical Motion Pictures","2025-02-08","Anora (Producers: Samantha Quan, Alex Coco, Sean Baker)","https://producersguild.org/2025-pga-awards-winners/"
"PGA Awards","Guild","USA","2026","Darryl F. Zanuck Award for Outstanding Producer of Theatrical Motion Pictures","2026-02-28","One Battle After Another (Producers: Adam Somner, Sara Murphy, and Paul Thomas Anderson)","https://greenslate.com/blog/pga-awards-2026"
"PGA Awards","Guild","USA","2000","Award for Outstanding Producer of Animated Theatrical Motion Pictures","","",""
"PGA Awards","Guild","USA","2001","Award for Outstanding Producer of Animated Theatrical Motion Pictures","","",""
"PGA Awards","Guild","USA","2002","Award for Outstanding Producer of Animated Theatrical Motion Pictures","","",""
"PGA Awards","Guild","USA","2003","Award for Outstanding Producer of Animated Theatrical Motion Pictures","","",""
"PGA Awards","Guild","USA","2004","Award for Outstanding Producer of Animated Theatrical Motion Pictures","","",""
"PGA Awards","Guild","USA","2005","Award for Outstanding Producer of Animated Theatrical Motion Pictures","2005-01-22","none","https://en.wikipedia.org/wiki/Producers_Guild_of_America_Award_for_Best_Animated_Motion_Picture"
"PGA Awards","Guild","USA","2006","Award for Outstanding Producer of Animated Theatrical Motion Pictures","2006-01-22","Wallace & Gromit: The Curse of the Were-Rabbit (Claire Jennings and Nick Park)","https://en.wikipedia.org/wiki/17th_Producers_Guild_of_America_Awards"
"PGA Awards","Guild","USA","2007","Award for Outstanding Producer of Animated Theatrical Motion Pictures","2007-01-20","Darla K. Anderson (for Cars)","https://variety.com/2007/film/awards/producers-pick-sunshine-1117957826/"
"PGA Awards","Guild","USA","2008","Award for Outstanding Producer of Animated Theatrical Motion Pictures","2008-02-02","Brad Lewis (Ratatouille)","https://en.wikipedia.org/wiki/19th_Producers_Guild_of_America_Awards"
"PGA Awards","Guild","USA","2009","Award for Outstanding Producer of Animated Theatrical Motion Pictures","2009-01-24","Jim Morris (for WALL-E)","https://en.wikipedia.org/wiki/20th_Producers_Guild_of_America_Awards"
"PGA Awards","Guild","USA","2010","Award for Outstanding Producer of Animated Theatrical Motion Pictures","2010-01-24","Jonas Rivera (for Up)","https://deadline.com/2010/01/producers-guild-awards-hurt-locker-23428/"
"PGA Awards","Guild","USA","2011","Award for Outstanding Producer of Animated Theatrical Motion Pictures","2011-01-22","Darla K. Anderson (Toy Story 3)","https://www.latimes.com/archives/blogs/awards-tracker/story/2011-01-22/in-an-upset-the-kings-speech-takes-producers-guild-award"
"PGA Awards","Guild","USA","2012","Award for Outstanding Producer of Animated Theatrical Motion Pictures","2012-01-21","The Adventures of Tintin (Producers: Peter Jackson, Kathleen Kennedy, and Steven Spielberg)","https://deadline.com/2012/01/producers-guild-award-2012-winners-modern-family-live-218432/"
"PGA Awards","Guild","USA","2013","Award for Outstanding Producer of Animated Theatrical Motion Pictures","2013-01-26","Clark Spencer (Wreck-It Ralph)","https://deadline.com/2013/01/producers-guild-2013-awards-winners-list-413781/"
"PGA Awards","Guild","USA","2014","Award for Outstanding Producer of Animated Theatrical Motion Pictures","2014-01-19","Peter Del Vecho (Frozen)","https://en.wikipedia.org/wiki/25th_Producers_Guild_of_America_Awards"
"PGA Awards","Guild","USA","2015","Award for Outstanding Producer of Animated Theatrical Motion Pictures","2015-01-24","The Lego Movie (Producer: Dan Lin)","https://en.wikipedia.org/wiki/26th_Producers_Guild_of_America_Awards"
"PGA Awards","Guild","USA","2016","Award for Outstanding Producer of Animated Theatrical Motion Pictures","2016-01-23","Inside Out (Producer: Jonas Rivera)","https://variety.com/2016/film/awards/pga-awards-winners-2016-producers-guild-of-america-1201687085/"
"PGA Awards","Guild","USA","2017","Award for Outstanding Producer of Animated Theatrical Motion Pictures","2017-01-28","Zootopia (Clark Spencer)","https://deadline.com/2017/01/pga-awards-winners-list-1201896566/"
"PGA Awards","Guild","USA","2018","Award for Outstanding Producer of Animated Theatrical Motion Pictures","2018-01-20","Coco (Darla K. Anderson)","https://deadline.com/2018/01/pga-awards-2018-winners-list-live-blog-producers-guild-of-america-1202264697/"
"PGA Awards","Guild","USA","2019","Award for Outstanding Producer of Animated Theatrical Motion Pictures","2019-01-19","Spider-Man: Into the Spider-Verse (Producers: Avi Arad, Phil Lord & Christopher Miller, Amy Pascal, Christina Steinberg)","https://deadline.com/2019/01/2019-producers-guild-awards-winners-list-green-book-pga-awards-1202537978/"
"PGA Awards","Guild","USA","2020","Award for Outstanding Producer of Animated Theatrical Motion Pictures","2020-01-18","Toy Story 4 (Producers: Mark Nielsen and Jonas Rivera)","https://deadline.com/2020/01/producers-guild-awards-2020-winners-list-pga-1202830210/"
"PGA Awards","Guild","USA","2021","Award for Outstanding Producer of Animated Theatrical Motion Pictures","2021-03-24","Soul (Producer: Dana Murray)","https://producersguild.org/pga-award-winners-2021/"
"PGA Awards","Guild","USA","2022","Award for Outstanding Producer of Animated Theatrical Motion Pictures","2022-03-19","Encanto","https://deadline.com/2022/03/producers-guild-awards-2022-winners-list-1234982487/"
"PGA Awards","Guild","USA","2023","Award for Outstanding Producer of Animated Theatrical Motion Pictures","2023-02-25","Guillermo del Toro's Pinocchio","https://producersguild.org/producers-guild-of-america-awards-celebrates-top-honors/"
"PGA Awards","Guild","USA","2024","Award for Outstanding Producer of Animated Theatrical Motion Pictures","2024-02-25","Spider-Man: Across the Spider-Verse","https://producersguild.org/2024-pga-awards-winners/"
"PGA Awards","Guild","USA","2025","Award for Outstanding Producer of Animated Theatrical Motion Pictures","2025-02-08","Jeff Hermann (The Wild Robot)","https://producersguild.org/2025-pga-awards-winners/"
"PGA Awards","Guild","USA","2026","Award for Outstanding Producer of Animated Theatrical Motion Pictures","2026-03-01","KPop Demon Hunters (Producer: Michelle L.M. Wong, p.g.a.)","https://producersguild.org/2026-pga-awards-winners/"
"PGA Awards","Guild","USA","2000","Award for Outstanding Producer of Documentary Motion Pictures","","",""
"PGA Awards","Guild","USA","2001","Award for Outstanding Producer of Documentary Motion Pictures","2001-03-03","","https://en.wikipedia.org/wiki/Producers_Guild_of_America_Award_for_Best_Documentary_Motion_Picture"
"PGA Awards","Guild","USA","2002","Award for Outstanding Producer of Documentary Motion Pictures","2002-03-03","","https://en.wikipedia.org/wiki/13th_Producers_Guild_of_America_Awards"
"PGA Awards","Guild","USA","2003","Award for Outstanding Producer of Documentary Motion Pictures","","",""
"PGA Awards","Guild","USA","2004","Award for Outstanding Producer of Documentary Motion Pictures","2004-01-17","","https://en.wikipedia.org/wiki/15th_Producers_Guild_of_America_Awards"
"PGA Awards","Guild","USA","2005","Award for Outstanding Producer of Documentary Motion Pictures","2005-01-22","","https://en.wikipedia.org/wiki/16th_Producers_Guild_of_America_Awards"
"PGA Awards","Guild","USA","2006","Award for Outstanding Producer of Documentary Motion Pictures","","",""
"PGA Awards","Guild","USA","2007","Award for Outstanding Producer of Documentary Motion Pictures","2007-01-20","The Great Warming","https://www.altfg.com/katharine-hepburn-oscars/"
"PGA Awards","Guild","USA","2008","Award for Outstanding Producer of Documentary Motion Pictures","2008-02-02","Sicko (Michael Moore and Meghan O'Hara)","https://en.wikipedia.org/wiki/19th_Producers_Guild_of_America_Awards"
"PGA Awards","Guild","USA","2009","Award for Outstanding Producer of Documentary Motion Pictures","2009-01-24","Simon Chinn (for Man on Wire)","https://en.wikipedia.org/wiki/20th_Producers_Guild_of_America_Awards"
"PGA Awards","Guild","USA","2010","Award for Outstanding Producer of Documentary Motion Pictures","2010-01-24","The Cove (Fisher Stevens and Paula DuPré Pesmen)","https://en.wikipedia.org/wiki/21st_Producers_Guild_of_America_Awards"
"PGA Awards","Guild","USA","2011","Award for Outstanding Producer of Documentary Motion Pictures","2011-01-22","Waiting for ""Superman"" (Lesley Chilcott)","https://en.wikipedia.org/wiki/22nd_Producers_Guild_of_America_Awards"
"PGA Awards","Guild","USA","2012","Award for Outstanding Producer of Documentary Motion Pictures","2012-01-21","Beats, Rhymes & Life: The Travels of A Tribe Called Quest (Producers: Michael Rapaport, Edward Parks, Frank Mele, and Debra Koffler)","https://deadline.com/2012/01/producers-guild-award-2012-winners-modern-family-live-218432/"
"PGA Awards","Guild","USA","2013","Award for Outstanding Producer of Documentary Motion Pictures","2013-01-26","Malik Bendjelloul and Simon Chinn (Searching for Sugar Man)","https://en.wikipedia.org/wiki/24th_Producers_Guild_of_America_Awards"
"PGA Awards","Guild","USA","2014","Award for Outstanding Producer of Documentary Motion Pictures","2014-01-19","Alexis Bloom, Alex Gibney, and Marc Shmuger for 'We Steal Secrets: The Story of WikiLeaks'","https://deadline.com/2014/01/pga-awards-2014-producers-guild-award-winners-667429/"
"PGA Awards","Guild","USA","2015","Award for Outstanding Producer of Documentary Motion Pictures","2015-01-24","Life Itself (Steve James, Zak Piper, and Garrett Basch)","https://en.wikipedia.org/wiki/26th_Producers_Guild_of_America_Awards"
"PGA Awards","Guild","USA","2016","Award for Outstanding Producer of Documentary Motion Pictures","2016-01-23","James Gay-Rees (for Amy)","https://variety.com/2016/film/awards/pga-awards-winners-2016-producers-guild-of-america-1201687085/"
"PGA Awards","Guild","USA","2017","Award for Outstanding Producer of Documentary Motion Pictures","2017-01-28","O.J.: Made in America (Producers: Ezra Edelman, Caroline Waterlow)","https://deadline.com/2017/01/pga-awards-winners-list-1201896566/"
"PGA Awards","Guild","USA","2018","Award for Outstanding Producer of Documentary Motion Pictures","2018-01-20","Jane (Producers: Brett Morgen, Bryan Burk, Tony Gerber, and James Smith)","https://deadline.com/2018/01/pga-awards-2018-winners-list-live-blog-producers-guild-of-america-1202264697/"
"PGA Awards","Guild","USA","2019","Award for Outstanding Producer of Documentary Motion Pictures","2019-01-19","Won't You Be My Neighbor? (Producers: Morgan Neville, Nicholas Ma, and Caryn Capotosto)","https://en.wikipedia.org/wiki/30th_Producers_Guild_of_America_Awards"
"PGA Awards","Guild","USA","2020","Award for Outstanding Producer of Documentary Motion Pictures","2020-01-18","Apollo 11","https://deadline.com/2020/01/producers-guild-awards-2020-winners-list-pga-1202830210/"
"PGA Awards","Guild","USA","2021","Award for Outstanding Producer of Documentary Motion Pictures","2021-03-24","My Octopus Teacher","https://producersguild.org/pga-award-winners-2021/"
"PGA Awards","Guild","USA","2022","Award for Outstanding Producer of Documentary Motion Pictures","2022-03-19","Summer of Soul (Or, When the Revolution Could Not Be Televised)","https://www.hollywoodreporter.com/movies/movie-news/producers-guild-awards-2022-winners-list-1235115036/"
"PGA Awards","Guild","USA","2023","Award for Outstanding Producer of Documentary Motion Pictures","2023-02-25","Navalny (Producers: Odessa Rae, Diane Becker, Melanie Miller, and Shane Boris)","https://variety.com/2023/awards/awards/producers-guild-awards-2023-winners-list-1235535355/"
"PGA Awards","Guild","USA","2024","Award for Outstanding Producer of Documentary Motion Pictures","2024-02-25","American Symphony","https://producersguild.org/2024-pga-awards-winners/"
"PGA Awards","Guild","USA","2025","Award for Outstanding Producer of Documentary Motion Pictures","2025-02-08","Super/Man: The Christopher Reeve Story (Producers: Lizzie Gillett, Robert Ford, Ian Bonhôte)","https://producersguild.org/2025-pga-awards-winners/"
"PGA Awards","Guild","USA","2026","Award for Outstanding Producer of Documentary Motion Pictures","2026-02-28","My Mom Jayne: A Film by Mariska Hargitay","https://deadline.com/2026/02/2026-pga-awards-winners-list-1236733733/"
"PGA Awards","Guild","USA","2000","Award for Outstanding Short-Form Program","","",""
"PGA Awards","Guild","USA","2001","Award for Outstanding Short-Form Program","2001-03-03","","https://en.wikipedia.org/wiki/12th_Golden_Laurel_Awards"
"PGA Awards","Guild","USA","2002","Award for Outstanding Short-Form Program","","",""
"PGA Awards","Guild","USA","2003","Award for Outstanding Short-Form Program","","",""
"PGA Awards","Guild","USA","2004","Award for Outstanding Short-Form Program","","",""
"PGA Awards","Guild","USA","2005","Award for Outstanding Short-Form Program","2005-01-22","","https://en.wikipedia.org/wiki/16th_Producers_Guild_of_America_Awards"
"PGA Awards","Guild","USA","2006","Award for Outstanding Short-Form Program","","",""
"PGA Awards","Guild","USA","2007","Award for Outstanding Short-Form Program","","",""
"PGA Awards","Guild","USA","2008","Award for Outstanding Short-Form Program","February 2, 2008","","https://en.wikipedia.org/wiki/19th_Producers_Guild_of_America_Awards"
"PGA Awards","Guild","USA","2009","Award for Outstanding Short-Form Program","2009-01-24","","https://producersguild.org/2026-pga-awards-winners/"
"PGA Awards","Guild","USA","2010","Award for Outstanding Short-Form Program","2010-01-24","","https://deadline.com/2010/01/producers-guild-awards-hurt-locker-23428/"
"PGA Awards","Guild","USA","2011","Award for Outstanding Short-Form Program","2011-01-22","","https://en.wikipedia.org/wiki/22nd_Producers_Guild_of_America_Awards"
"PGA Awards","Guild","USA","2012","Award for Outstanding Short-Form Program","","",""
"PGA Awards","Guild","USA","2013","Award for Outstanding Short-Form Program","","",""
"PGA Awards","Guild","USA","2014","Award for Outstanding Short-Form Program","","",""
"PGA Awards","Guild","USA","2015","Award for Outstanding Short-Form Program","2015-01-24","Comedians in Cars Getting Coffee","https://en.wikipedia.org/wiki/26th_Producers_Guild_of_America_Awards"
"PGA Awards","Guild","USA","2016","Award for Outstanding Short-Form Program","","",""
"PGA Awards","Guild","USA","2017","Award for Outstanding Short-Form Program","2017-01-28","Comedians in Cars Getting Coffee (Season 7 & 8)","https://www.hollywoodreporter.com/lists/producers-guild-awards-2017-winners-list-full-966469/"
"PGA Awards","Guild","USA","2018","Award for Outstanding Short-Form Program","2018-01-20","Carpool Karaoke (Season 1)","https://deadline.com/2018/01/pga-awards-2018-winners-list-live-blog-producers-guild-of-america-1202264697/"
"PGA Awards","Guild","USA","2019","Award for Outstanding Short-Form Program","2019-01-19","Comedians in Cars Getting Coffee","https://en.wikipedia.org/wiki/30th_Producers_Guild_of_America_Awards"
"PGA Awards","Guild","USA","2020","Award for Outstanding Short-Form Program","2020-01-18","Comedians in Cars Getting Coffee","https://deadline.com/2020/01/producers-guild-awards-2020-winners-list-pga-1202830210/"
"PGA Awards","Guild","USA","2021","Award for Outstanding Short-Form Program","2021-03-20","Carpool Karaoke: The Series (Season 3)","https://producersguild.org/pga-award-winners-2021/"
"PGA Awards","Guild","USA","2022","Award for Outstanding Short-Form Program","2022-03-14","Carpool Karaoke: The Series (S4)","https://producersguild.org/2022-pgaaward-winners/"
"PGA Awards","Guild","USA","2023","Award for Outstanding Short-Form Program","2023-02-23","Only Murders in the Building: One Killer Question","https://www.hollywoodreporter.com/news/general-news/only-murders-short-form-series-pga-awards-2023-winners-1235333586/"
"PGA Awards","Guild","USA","2024","Award for Outstanding Short-Form Program","2024-02-22","Succession: Controlling the Narrative (S4)","https://www.hollywoodreporter.com/news/general-news/2024-producers-guild-awards-winners-innovation-children-short-form-sports-1235833554/"
"PGA Awards","Guild","USA","2025","Award for Outstanding Short-Form Program","2025-02-06","Shōgun – The Making of Shōgun","https://producersguild.org/2025-pga-awards-short-form-and-innovation-award-winners/"
"PGA Awards","Guild","USA","2026","Award for Outstanding Short-Form Program","2026-02-26","Adolescence: The Making of Adolescence","https://producersguild.org/2026-pga-awards-childrens-short-form-sports-and-pga-innovation-award-winners/"
"ACE Eddie Awards","Guild","USA","2000","Best Edited Feature Film (Drama, Theatrical)","2000-02-27","The Matrix (Zach Staenberg)","https://en.wikipedia.org/wiki/American_Cinema_Editors_Award_for_Best_Edited_Feature_Film_%E2%80%93_Dramatic"
"ACE Eddie Awards","Guild","USA","2001","Best Edited Feature Film (Drama, Theatrical)","2001-02-25","Gladiator (Pietro Scalia)","https://en.wikipedia.org/wiki/American_Cinema_Editors_Award_for_Best_Edited_Feature_Film_%E2%80%93_Dramatic"
"ACE Eddie Awards","Guild","USA","2002","Best Edited Feature Film (Drama, Theatrical)","2002-02-24","Black Hawk Down (Pietro Scalia)","https://variety.com/2002/film/awards/cuts-above-the-rest-1117861296/"
"ACE Eddie Awards","Guild","USA","2003","Best Edited Feature Film (Drama, Theatrical)","2003-02-23","Gangs of New York","https://variety.com/2003/film/awards/chicago-gangs-clip-ace-s-editing-kudos-1117881089/"
"ACE Eddie Awards","Guild","USA","2004","Best Edited Feature Film (Drama, Theatrical)","2004-02-15","The Lord of the Rings: The Return of the King (Jamie Selkirk)","https://www.latimes.com/archives/la-xpm-2004-feb-16-et-editing16-story.html"
"ACE Eddie Awards","Guild","USA","2005","Best Edited Feature Film (Drama, Theatrical)","2005-02-20","Thelma Schoonmaker (The Aviator)","https://www.latimes.com/archives/la-xpm-2005-feb-21-et-editing21-story.html"
"ACE Eddie Awards","Guild","USA","2006","Best Edited Feature Film (Drama, Theatrical)","2006-02-19","Crash (Hughes Winborne)","https://www.imdb.com/event/ev0000017/2006/1/"
"ACE Eddie Awards","Guild","USA","2007","Best Edited Feature Film (Drama, Theatrical)","2007-02-18","""Babel"" (Stephen Mirrione and Douglas Crise) and ""The Departed"" (Thelma Schoonmaker) (Tie)","https://variety.com/2007/film/awards/editors-pick-babel-departed-1117959781/"
"ACE Eddie Awards","Guild","USA","2008","Best Edited Feature Film (Drama, Theatrical)","2008-02-17","The Bourne Ultimatum (Christopher Rouse)","https://variety.com/2008/film/awards/sweeney-bourne-top-eddies-1117981055/"
"ACE Eddie Awards","Guild","USA","2009","Best Edited Feature Film (Drama, Theatrical)","2009-02-15","Chris Dickens (for Slumdog Millionaire)","https://variety.com/2009/film/awards/wall-e-slumdog-win-at-ace-eddies-1118000172/"
"ACE Eddie Awards","Guild","USA","2010","Best Edited Feature Film (Drama, Theatrical)","2010-02-14","The Hurt Locker (Chris Innis and Bob Murawski)","https://deadline.com/2010/02/hurt-locker-hangover-win-ace-awards-25403/"
"ACE Eddie Awards","Guild","USA","2011","Best Edited Feature Film (Drama, Theatrical)","2011-02-19","The Social Network (Angus Wall & Kirk Baxter)","https://www.hollywoodreporter.com/movies/movie-news/social-network-wins-best-edited-159537/"
"ACE Eddie Awards","Guild","USA","2012","Best Edited Feature Film (Drama, Theatrical)","2012-02-18","The Descendants (Kevin Tent)","https://deadline.com/2012/02/62nd-ace-eddie-awards-the-descendants-the-artist-rango-233255/"
"ACE Eddie Awards","Guild","USA","2013","Best Edited Feature Film (Drama, Theatrical)","2013-02-16","William Goldenberg for Argo","https://deadline.com/2013/02/63rd-annual-ace-eddie-award-2013-film-editors-432761/"
"ACE Eddie Awards","Guild","USA","2014","Best Edited Feature Film (Drama, Theatrical)","2014-02-07","Captain Phillips (Christopher Rouse)","https://variety.com/2014/film/awards/american-hustle-frozen-captain-phillips-top-ace-eddie-awards-1201091883/"
"ACE Eddie Awards","Guild","USA","2015","Best Edited Feature Film (Drama, Theatrical)","2015-01-30","Sandra Adair for Boyhood","https://deadline.com/2015/01/ace-eddie-awards-winners-2015-american-cinema-editors-awards-winners-list-1201363405/"
"ACE Eddie Awards","Guild","USA","2016","Best Edited Feature Film (Drama, Theatrical)","2016-01-29","Mad Max: Fury Road (Margaret Sixel)","https://deadline.com/2016/01/eddie-award-winners-2016-full-list-american-cinema-editors-1201693210/"
"ACE Eddie Awards","Guild","USA","2017","Best Edited Feature Film (Drama, Theatrical)","2017-01-27","Arrival (Editor: Joe Walker, ACE)","https://variety.com/2017/artisans/in-contention/la-la-land-arrival-this-is-us-win-ace-eddie-awards-for-film-editing-1201971808/"
"ACE Eddie Awards","Guild","USA","2018","Best Edited Feature Film (Drama, Theatrical)","2018-01-26","Lee Smith (Dunkirk)","https://cinemontage.org/ace-announces-2018-eddie-awards-winners/"
"ACE Eddie Awards","Guild","USA","2019","Best Edited Feature Film (Drama, Theatrical)","2019-02-01","Bohemian Rhapsody","https://deadline.com/2019/02/ace-eddie-awards-2019-winners-list-the-favourite-1202548088/"
"ACE Eddie Awards","Guild","USA","2020","Best Edited Feature Film (Drama, Theatrical)","2020-01-17","Jinmo Yang for Parasite","https://deadline.com/2020/01/ace-eddie-awards-2020-winners-list-1202834658/"
"ACE Eddie Awards","Guild","USA","2021","Best Edited Feature Film (Drama, Theatrical)","2021-04-17","The Trial of the Chicago 7","https://americancinemaeditors.org/eddie-archives/eddie-winners/"
"ACE Eddie Awards","Guild","USA","2022","Best Edited Feature Film (Drama, Theatrical)","2022-03-05","King Richard (Pamela Martin, ACE)","https://americancinemaeditors.org/eddie-archives/2022-eddie-awards-winners/"
"ACE Eddie Awards","Guild","USA","2023","Best Edited Feature Film (Drama, Theatrical)","2023-03-05","Top Gun: Maverick (Eddie Hamilton, ACE)","https://www.hollywoodreporter.com/movies/movie-news/eddies-american-cinema-editors-2023-awards-winners-list-1235340078/"
"ACE Eddie Awards","Guild","USA","2024","Best Edited Feature Film (Drama, Theatrical)","2024-03-03","Oppenheimer (Jennifer Lame, ACE)","https://variety.com/2024/artisans/news/ace-eddie-awards-winners-2024-1235928090/"
"ACE Eddie Awards","Guild","USA","2025","Best Edited Feature Film (Drama, Theatrical)","2025-03-14","Emilia Pérez (Juliette Welfling)","https://variety.com/2025/artisans/news/ace-eddie-awards-2025-winners-list-1236334670/"
"ACE Eddie Awards","Guild","USA","2026","Best Edited Feature Film (Drama, Theatrical)","2026-02-27","Sinners (Michael P. Shawver)","https://deadline.com/2026/02/ace-eddie-awards-2026-winners-list-1236739337/"
"ACE Eddie Awards","Guild","USA","2000","Best Edited Feature Film (Comedy, Theatrical)","2000-02-27","Being John Malkovich (Eric Zumbrunnen)","https://www.imdb.com/event/ev0000017/2000/1/"
"ACE Eddie Awards","Guild","USA","2001","Best Edited Feature Film (Comedy, Theatrical)","2001-02-25","Almost Famous (Joe Hutshing and Saar Klein)","https://the-jh-movie-collection-official.fandom.com/wiki/American_Cinema_Editors"
"ACE Eddie Awards","Guild","USA","2002","Best Edited Feature Film (Comedy, Theatrical)","2002-02-24","Shrek (Sim Evan-Jones)","https://americancinemaeditors.org/eddie-winners/"
"ACE Eddie Awards","Guild","USA","2003","Best Edited Feature Film (Comedy, Theatrical)","2003-02-23","Martin Walsh (for 'Chicago')","https://www.imdb.com/event/ev0000017/2003/1/"
"ACE Eddie Awards","Guild","USA","2004","Best Edited Feature Film (Comedy, Theatrical)","2004-02-15","Pirates of the Caribbean: The Curse of the Black Pearl (Craig Wood, Stephen Rivkin, and Arthur Schmidt)","https://variety.com/2004/film/awards/editing-aces-hailed-1117900153/"
"ACE Eddie Awards","Guild","USA","2005","Best Edited Feature Film (Comedy, Theatrical)","2005-02-20","Paul Hirsch for Ray","https://www.upi.com/Odd_News/2005/02/22/Analysis-Experts-predict-Oscar-for-Baby/92731109114509/"
"ACE Eddie Awards","Guild","USA","2006","Best Edited Feature Film (Comedy, Theatrical)","2006-02-19","Walk the Line (Michael McCusker)","https://variety.com/2006/film/awards/crash-line-get-eddies-1117938564/"
"ACE Eddie Awards","Guild","USA","2007","Best Edited Feature Film (Comedy, Theatrical)","2007-02-18","Dreamgirls (Virginia Katz)","https://en.wikipedia.org/wiki/American_Cinema_Editors_Awards_2007"
"ACE Eddie Awards","Guild","USA","2008","Best Edited Feature Film (Comedy, Theatrical)","2008-02-17","Chris Lebenzon (Sweeney Todd: The Demon Barber of Fleet Street)","https://en.wikipedia.org/wiki/American_Cinema_Editors_Awards_2008"
"ACE Eddie Awards","Guild","USA","2009","Best Edited Feature Film (Comedy, Theatrical)","2009-02-15","Stephen Schaffer (for WALL-E)","https://en.wikipedia.org/wiki/American_Cinema_Editors_Awards_2009"
"ACE Eddie Awards","Guild","USA","2010","Best Edited Feature Film (Comedy, Theatrical)","2010-02-14","The Hangover (Debra Neil-Fisher)","https://variety.com/2010/film/awards/locker-hangover-top-ace-eddies-1118015232/"
"ACE Eddie Awards","Guild","USA","2011","Best Edited Feature Film (Comedy, Theatrical)","2011-02-19","Chris Lebenzon (Alice in Wonderland)","https://en.wikipedia.org/wiki/American_Cinema_Editors_Awards_2011"
"ACE Eddie Awards","Guild","USA","2012","Best Edited Feature Film (Comedy, Theatrical)","2012-02-18","The Artist (Anne-Sophie Bion and Michel Hazanavicius)","https://en.wikipedia.org/wiki/American_Cinema_Editors_Awards_2012"
"ACE Eddie Awards","Guild","USA","2013","Best Edited Feature Film (Comedy, Theatrical)","2013-02-16","Silver Linings Playbook (Jay Cassidy, A.C.E. & Crispin Struthers)","https://deadline.com/2013/02/63rd-annual-ace-eddie-award-2013-film-editors-432761/"
"ACE Eddie Awards","Guild","USA","2014","Best Edited Feature Film (Comedy, Theatrical)","2014-02-07","American Hustle (Jay Cassidy, Crispin Struthers & Alan Baumgarten)","https://deadline.com/2014/02/eddie-award-winners-2014-american-cinema-editors-awards-679543/"
"ACE Eddie Awards","Guild","USA","2015","Best Edited Feature Film (Comedy, Theatrical)","2015-01-30","Barney Pilling for The Grand Budapest Hotel","https://deadline.com/2015/01/ace-eddie-awards-winners-2015-american-cinema-editors-awards-winners-list-1201363405/"
"ACE Eddie Awards","Guild","USA","2016","Best Edited Feature Film (Comedy, Theatrical)","2016-01-29","The Big Short (Hank Corwin)","https://variety.com/2016/film/news/ace-eddie-awards-winners-2016-mad-max-fury-road-the-big-short-1201692290/"
"ACE Eddie Awards","Guild","USA","2017","Best Edited Feature Film (Comedy, Theatrical)","2017-01-27","La La Land (Tom Cross, ACE)","https://deadline.com/2017/01/ace-eddie-awards-winners-list-live-blog-editors-1201895851/"
"ACE Eddie Awards","Guild","USA","2018","Best Edited Feature Film (Comedy, Theatrical)","2018-01-26","Tatiana S. Riegel (for I, Tonya)","https://en.wikipedia.org/wiki/American_Cinema_Editors_Awards_2018"
"ACE Eddie Awards","Guild","USA","2019","Best Edited Feature Film (Comedy, Theatrical)","2019-02-01","The Favourite","https://cinemontage.org/69th-annual-ace-eddie-award-winners-announced/"
"ACE Eddie Awards","Guild","USA","2020","Best Edited Feature Film (Comedy, Theatrical)","2020-01-17","Jojo Rabbit (Tom Eagles)","https://deadline.com/2020/01/ace-eddie-awards-2020-winners-list-1202834658/"
"ACE Eddie Awards","Guild","USA","2021","Best Edited Feature Film (Comedy, Theatrical)","2021-04-17","Palm Springs (Matthew Friedman, ACE and Andrew Dickler)","https://americancinemaeditors.org/eddie-archives/eddie-winners/"
"ACE Eddie Awards","Guild","USA","2022","Best Edited Feature Film (Comedy, Theatrical)","2022-03-05","tick, tick... BOOM!","https://americancinemaeditors.org/eddie-archives/2022-eddie-awards-winners/"
"ACE Eddie Awards","Guild","USA","2023","Best Edited Feature Film (Comedy, Theatrical)","2023-03-05","Everything Everywhere All at Once (Paul Rogers)","https://deadline.com/2023/03/ace-eddie-awards-2023-winners-list-1235276227/"
"ACE Eddie Awards","Guild","USA","2024","Best Edited Feature Film (Comedy, Theatrical)","2024-03-03","The Holdovers (Kevin Tent, ACE)","https://variety.com/2024/artisans/news/ace-eddie-awards-winners-2024-1235928090/"
"ACE Eddie Awards","Guild","USA","2025","Best Edited Feature Film (Comedy, Theatrical)","2025-03-14","Wicked","https://deadline.com/2025/03/ace-eddie-awards-2025-winners-wicked-emilia-perez-1236326622/"
"ACE Eddie Awards","Guild","USA","2026","Best Edited Feature Film (Comedy, Theatrical)","2026-02-27","One Battle After Another (Edited by Andy Jurgensen)","https://variety.com/2026/artisans/news/ace-eddie-awards-2026-winners-list-1236674690/"
"ACE Eddie Awards","Guild","USA","2000","Best Edited Documentary Film","2000-02-27","Old Man River (Edited by Allan Holzman)","https://www.imdb.com/event/ev0000017/2000/1/"
"ACE Eddie Awards","Guild","USA","2001","Best Edited Documentary Film","2001-02-25","Into the Arms of Strangers: Stories of the Kindertransport (Kate Amend)","https://www.imdb.com/event/ev0000017/2001/1/"
"ACE Eddie Awards","Guild","USA","2002","Best Edited Documentary Film","2002-02-24","New York: A Documentary Film (Episode VII: ""The City and the World (1945-2000)"")","https://www.imdb.com/event/ev0000017/2002/1/"
"ACE Eddie Awards","Guild","USA","2003","Best Edited Documentary Film","2003-02-23","Bowling for Columbine (Editors: Kurt Engfehr and Francisco La Torre)","https://www.imdb.com/event/ev0000017/2003/1/"
"ACE Eddie Awards","Guild","USA","2004","Best Edited Documentary Film","2004-02-15","Spellbound (Yana Gorskaya)","https://www.imdb.com/event/ev0000017/2004/1/"
"ACE Eddie Awards","Guild","USA","2005","Best Edited Documentary Film","2005-02-20","Riding Giants (Paul Crowder)","https://www.imdb.com/event/ev0000017/2005/1/"
"ACE Eddie Awards","Guild","USA","2006","Best Edited Documentary Film","2006-02-19","March of the Penguins","https://variety.com/2006/film/awards/crash-line-get-eddies-1117938564/"
"ACE Eddie Awards","Guild","USA","2007","Best Edited Documentary Film","2007-02-18","An Inconvenient Truth (Jay Cassidy and Dan Swietlik)","https://variety.com/2007/film/awards/editors-pick-babel-departed-1117959781/"
"ACE Eddie Awards","Guild","USA","2008","Best Edited Documentary Film","2008-02-17","Sicko (Geoffrey Richman, Chris Seward and Dan Swietlik)","https://www.hollywoodreporter.com/business/business-news/bourne-sweeney-earn-ace-awards-105063/"
"ACE Eddie Awards","Guild","USA","2009","Best Edited Documentary Film","2009-02-15","Jinx Godfrey (Man on Wire)","https://en.wikipedia.org/wiki/American_Cinema_Editors_Awards_2009"
"ACE Eddie Awards","Guild","USA","2010","Best Edited Documentary Film","2010-02-14","Geoffrey Richman for ""The Cove""","https://variety.com/2010/film/awards/locker-hangover-top-ace-eddies-1118015232/"
"ACE Eddie Awards","Guild","USA","2011","Best Edited Documentary Film","2011-02-19","Exit Through the Gift Shop (Tom Fulford and Chris King)","https://deadline.com/2011/02/the-social-network-wins-ace-eddie-award-107800/"
"ACE Eddie Awards","Guild","USA","2012","Best Edited Documentary Film","2012-02-18","Freedom Riders (Lewis Erskine and Aljernon Tunsil)","https://deadline.com/2012/02/62nd-ace-eddie-awards-the-descendants-the-artist-rango-233255/"
"ACE Eddie Awards","Guild","USA","2013","Best Edited Documentary Film","2013-02-16","Searching for Sugar Man","https://deadline.com/2013/02/63rd-annual-ace-eddie-award-2013-film-editors-432761/"
"ACE Eddie Awards","Guild","USA","2014","Best Edited Documentary Film","2014-02-07","20 Feet From Stardom (Douglas Blush, Kevin Klauber & Jason Zeldes)","https://deadline.com/2014/02/eddie-award-winners-2014-american-cinema-editors-awards-679543/"
"ACE Eddie Awards","Guild","USA","2015","Best Edited Documentary Film","2015-01-30","Mathilde Bonnefoy (for Citizenfour)","https://deadline.com/2015/01/ace-eddie-awards-winners-2015-american-cinema-editors-awards-winners-list-1201363405/"
"ACE Eddie Awards","Guild","USA","2016","Best Edited Documentary Film","2016-01-29","Amy","https://deadline.com/2016/01/eddie-award-winners-2016-full-list-american-cinema-editors-1201693210/"
"ACE Eddie Awards","Guild","USA","2017","Best Edited Documentary Film","2017-01-27","O.J.: Made in America","https://deadline.com/2017/01/ace-eddie-awards-winners-list-live-blog-editors-1201895851/"
"ACE Eddie Awards","Guild","USA","2018","Best Edited Documentary Film","2018-01-26","Jane (Joe Beshenkovsky, ACE, Will Znidaric, and Brett Morgen)","https://deadline.com/2018/01/ace-eddie-awards-winners-list-2018-live-blog-1202269884/"
"ACE Eddie Awards","Guild","USA","2019","Best Edited Documentary Film","2019-02-01","Bob Eisenhardt (Free Solo)","https://deadline.com/2019/02/ace-eddie-awards-2019-winners-list-the-favourite-1202548088/"
"ACE Eddie Awards","Guild","USA","2020","Best Edited Documentary Film","2020-01-17","Apollo 11 (Todd Douglas Miller) / What’s My Name: Muhammad Ali (Jake Pushinsky)","https://americancinemaeditors.org/eddie-winners/"
"ACE Eddie Awards","Guild","USA","2021","Best Edited Documentary Film","2021-04-17","My Octopus Teacher (Pippa Ehrlich and Dan Schwalm)","https://americancinemaeditors.org/eddie-archives/eddie-winners/"
"ACE Eddie Awards","Guild","USA","2022","Best Edited Documentary Film","2022-03-05","Summer of Soul (…Or, When the Revolution Could Not Be Televised)","https://britishcinematographer.co.uk/winners-of-the-72nd-annual-ace-eddie-awards-revealed/"
"ACE Eddie Awards","Guild","USA","2023","Best Edited Documentary Film","2023-03-05","Fire of Love (Erin Casper and Jocelyne Chaput)","https://variety.com/2023/artisans/news/ace-eddie-awards-winners-2023-1235542388/"
"ACE Eddie Awards","Guild","USA","2024","Best Edited Documentary Film","2024-03-03","Still: A Michael J. Fox Movie (Michael Harte, ACE)","https://www.hollywoodreporter.com/movies/movie-news/ace-eddie-awards-2024-winners-list-1235841762/"
"ACE Eddie Awards","Guild","USA","2025","Best Edited Documentary Film","2025-03-14","Will & Harper (Monique Zavistovski, ACE)","https://variety.com/2025/artisans/news/ace-eddie-awards-2025-winners-list-1236334670/"
"ACE Eddie Awards","Guild","USA","2026","Best Edited Documentary Film","2026-02-27","The Perfect Neighbor (Viridiana Lieberman)","https://variety.com/2026/artisans/news/ace-eddie-awards-2026-winners-list-1236674690/"
"ACE Eddie Awards","Guild","USA","2000","Best Edited Animated Feature Film","","",""
"ACE Eddie Awards","Guild","USA","2001","Best Edited Animated Feature Film","","",""
"ACE Eddie Awards","Guild","USA","2002","Best Edited Animated Feature Film","","",""
"ACE Eddie Awards","Guild","USA","2003","Best Edited Animated Feature Film","","",""
"ACE Eddie Awards","Guild","USA","2004","Best Edited Animated Feature Film","2004-02-15","","https://en.wikipedia.org/wiki/American_Cinema_Editors_Award_for_Best_Edited_Animated_Feature_Film"
"ACE Eddie Awards","Guild","USA","2005","Best Edited Animated Feature Film","","",""
"ACE Eddie Awards","Guild","USA","2006","Best Edited Animated Feature Film","","",""
"ACE Eddie Awards","Guild","USA","2007","Best Edited Animated Feature Film","","",""
"ACE Eddie Awards","Guild","USA","2008","Best Edited Animated Feature Film","","",""
"ACE Eddie Awards","Guild","USA","2009","Best Edited Animated Feature Film","2009-02-15","","https://www.animationmagazine.net/2009/02/editors-cut-walle-a-historic-honor/"
"ACE Eddie Awards","Guild","USA","2010","Best Edited Animated Feature Film","2010-02-14","Up (Kevin Nolting)","https://www.hollywoodreporter.com/business/business-news/hangover-locker-top-ace-honors-20662/"
"ACE Eddie Awards","Guild","USA","2011","Best Edited Animated Feature Film","2011-02-19","Toy Story 3 (Ken Schretzmann and Lee Unkrich)","https://www.hollywoodreporter.com/movies/movie-news/social-network-wins-best-edited-159537/"
"ACE Eddie Awards","Guild","USA","2012","Best Edited Animated Feature Film","2012-02-18","Rango (Craig Wood, A.C.E.)","https://deadline.com/2012/02/62nd-ace-eddie-awards-the-descendants-the-artist-rango-233255/"
"ACE Eddie Awards","Guild","USA","2013","Best Edited Animated Feature Film","2013-02-16","Brave","https://deadline.com/2013/02/63rd-annual-ace-eddie-award-2013-film-editors-432761/"
"ACE Eddie Awards","Guild","USA","2014","Best Edited Animated Feature Film","2014-02-07","Jeff Draheim (for Frozen)","https://en.wikipedia.org/wiki/American_Cinema_Editors_Awards_2014"
"ACE Eddie Awards","Guild","USA","2015","Best Edited Animated Feature Film","2015-01-30","The Lego Movie","https://deadline.com/2015/01/ace-eddie-awards-winners-2015-american-cinema-editors-awards-winners-list-1201363405/"
"ACE Eddie Awards","Guild","USA","2016","Best Edited Animated Feature Film","2016-01-29","Inside Out (Kevin Nolting)","https://deadline.com/2016/01/eddie-award-winners-2016-full-list-american-cinema-editors-1201693210/"
"ACE Eddie Awards","Guild","USA","2017","Best Edited Animated Feature Film","2017-01-27","Zootopia (Fabienne Rawley and Jeremy Milton)","https://deadline.com/2017/01/ace-eddie-awards-winners-list-live-blog-editors-1201895851/"
"ACE Eddie Awards","Guild","USA","2018","Best Edited Animated Feature Film","2018-01-26","Coco (Steve Bloom)","https://deadline.com/2018/01/ace-eddie-awards-winners-list-2018-live-blog-1202269884/"
"ACE Eddie Awards","Guild","USA","2019","Best Edited Animated Feature Film","2019-02-01","Spider-Man: Into the Spider-Verse (Robert Fisher, Jr.)","https://deadline.com/2019/02/ace-eddie-awards-2019-winners-list-the-favourite-1202548088/"
"ACE Eddie Awards","Guild","USA","2020","Best Edited Animated Feature Film","2020-01-17","Toy Story 4 (Axel Geddes, ACE)","https://deadline.com/2020/01/ace-eddie-awards-2020-winners-list-1202834658/"
"ACE Eddie Awards","Guild","USA","2021","Best Edited Animated Feature Film","2021-04-17","Soul (Kevin Nolting)","https://americancinemaeditors.org/eddie-archives/eddie-winners/"
"ACE Eddie Awards","Guild","USA","2022","Best Edited Animated Feature Film","2022-03-05","Encanto (Jeremy Milton, ACE)","https://americancinemaeditors.org/eddie-archives/2022-eddie-awards-winners/"
"ACE Eddie Awards","Guild","USA","2023","Best Edited Animated Feature Film","2023-03-05","Guillermo del Toro's Pinocchio","https://deadline.com/2023/03/ace-eddie-awards-2023-winners-list-1235276227/"
"ACE Eddie Awards","Guild","USA","2024","Best Edited Animated Feature Film","2024-03-03","Spider-Man: Across the Spider-Verse (Michael Andrews)","https://variety.com/2024/artisans/news/ace-eddie-awards-winners-2024-1235928090/"
"ACE Eddie Awards","Guild","USA","2025","Best Edited Animated Feature Film","2025-03-14","The Wild Robot (Mary Blee)","https://variety.com/2025/artisans/news/ace-eddie-awards-2025-winners-list-1236334670/"
"ACE Eddie Awards","Guild","USA","2026","Best Edited Animated Feature Film","2026-02-27","KPop Demon Hunters","https://variety.com/2026/artisans/news/ace-eddie-awards-2026-winners-list-1236674690/"
"ACE Eddie Awards","Guild","USA","2000","Best Edited Short","","",""
"ACE Eddie Awards","Guild","USA","2001","Best Edited Short","","",""
"ACE Eddie Awards","Guild","USA","2002","Best Edited Short","2002-02-24","","https://americancinemaeditors.org/eddie-winners/"
"ACE Eddie Awards","Guild","USA","2003","Best Edited Short","2003-02-23","","https://variety.com/2003/film/awards/chicago-gangs-clip-ace-s-editing-kudos-1117881089/"
"ACE Eddie Awards","Guild","USA","2004","Best Edited Short","2004-02-15","",""
"ACE Eddie Awards","Guild","USA","2005","Best Edited Short","","",""
"ACE Eddie Awards","Guild","USA","2006","Best Edited Short","2006-02-19","","https://variety.com/2006/film/awards/crash-line-get-eddies-1117938564/"
"ACE Eddie Awards","Guild","USA","2007","Best Edited Short","","",""
"ACE Eddie Awards","Guild","USA","2008","Best Edited Short","","",""
"ACE Eddie Awards","Guild","USA","2009","Best Edited Short","","",""
"ACE Eddie Awards","Guild","USA","2010","Best Edited Short","","",""
"ACE Eddie Awards","Guild","USA","2011","Best Edited Short","","",""
"ACE Eddie Awards","Guild","USA","2012","Best Edited Short","","",""
"ACE Eddie Awards","Guild","USA","2013","Best Edited Short","","","https://en.wikipedia.org/wiki/American_Cinema_Editors_Awards_2013"
"ACE Eddie Awards","Guild","USA","2014","Best Edited Short","","",""
"ACE Eddie Awards","Guild","USA","2015","Best Edited Short","","",""
"ACE Eddie Awards","Guild","USA","2016","Best Edited Short","2016-01-29","","https://en.wikipedia.org/wiki/American_Cinema_Editors_Awards_2016"
"ACE Eddie Awards","Guild","USA","2017","Best Edited Short","","",""
"ACE Eddie Awards","Guild","USA","2018","Best Edited Short","","",""
"ACE Eddie Awards","Guild","USA","2019","Best Edited Short","","",""
"ACE Eddie Awards","Guild","USA","2020","Best Edited Short","2020-01-17","","https://deadline.com/2020/01/ace-eddie-awards-2020-winners-list-1202834658/"
"ACE Eddie Awards","Guild","USA","2021","Best Edited Short","","",""
"ACE Eddie Awards","Guild","USA","2022","Best Edited Short","","",""
"ACE Eddie Awards","Guild","USA","2023","Best Edited Short","2023-03-05","","https://en.wikipedia.org/wiki/American_Cinema_Editors_Awards_2023"
"ACE Eddie Awards","Guild","USA","2024","Best Edited Short","","",""
"ACE Eddie Awards","Guild","USA","2025","Best Edited Short","","","https://variety.com/2025/artisans/news/ace-eddie-awards-2025-winners-list-1236334670/"
"ACE Eddie Awards","Guild","USA","2026","Best Edited Short","2026-02-27","All The Empty Rooms (Erin Casper, ACE, Stephen Maing, and Jeremy Medoff)","https://variety.com/2026/artisans/news/ace-eddie-awards-2026-winners-list-1236674690/"
"ACE Eddie Awards","Guild","USA","2000","Best Edited Feature Film (Non-Theatrical)","2000-02-27","","https://www.imdb.com/event/ev0000017/2000/1/"
"ACE Eddie Awards","Guild","USA","2001","Best Edited Feature Film (Non-Theatrical)","2001-02-25","","https://www.imdb.com/event/ev0000017/2001/1/"
"ACE Eddie Awards","Guild","USA","2002","Best Edited Feature Film (Non-Theatrical)","","",""
"ACE Eddie Awards","Guild","USA","2003","Best Edited Feature Film (Non-Theatrical)","2003-02-23","Our America (Stephen Lovejoy) / We Were the Mulvaneys (Tod Feuerman)","https://www.imdb.com/event/ev0000017/2003/1/"
"ACE Eddie Awards","Guild","USA","2004","Best Edited Feature Film (Non-Theatrical)","2004-02-15","None (Category did not exist in this form)","https://americancinemaeditors.org/eddie-winners/"
"ACE Eddie Awards","Guild","USA","2005","Best Edited Feature Film (Non-Theatrical)","2005-02-20","Michael Brown for ""Something the Lord Made""","https://www.latimes.com/archives/la-xpm-2005-feb-21-et-editing21-story.html"
"ACE Eddie Awards","Guild","USA","2006","Best Edited Feature Film (Non-Theatrical)","2006-02-19","Lackawanna Blues (Brian A. Kates, ACE)","https://variety.com/2006/film/awards/crash-line-get-eddies-1117938564/"
"ACE Eddie Awards","Guild","USA","2007","Best Edited Feature Film (Non-Theatrical)","2007-02-18","","https://americancinemaeditors.org/eddie-awards/"
"ACE Eddie Awards","Guild","USA","2008","Best Edited Feature Film (Non-Theatrical)","2008-02-17","none","https://en.wikipedia.org/wiki/American_Cinema_Editors_Awards_2008"
"ACE Eddie Awards","Guild","USA","2009","Best Edited Feature Film (Non-Theatrical)","2009-02-15","","https://en.wikipedia.org/wiki/American_Cinema_Editors_Awards_2009"
"ACE Eddie Awards","Guild","USA","2010","Best Edited Feature Film (Non-Theatrical)","2010-02-14","","https://en.wikipedia.org/wiki/American_Cinema_Editors_Awards_2010"
"ACE Eddie Awards","Guild","USA","2011","Best Edited Feature Film (Non-Theatrical)","","",""
"ACE Eddie Awards","Guild","USA","2012","Best Edited Feature Film (Non-Theatrical)","2012-02-18","none","https://en.wikipedia.org/wiki/American_Cinema_Editors_Awards_2012"
"ACE Eddie Awards","Guild","USA","2013","Best Edited Feature Film (Non-Theatrical)","","",""
"ACE Eddie Awards","Guild","USA","2014","Best Edited Feature Film (Non-Theatrical)","","",""
"ACE Eddie Awards","Guild","USA","2015","Best Edited Feature Film (Non-Theatrical)","","",""
"ACE Eddie Awards","Guild","USA","2016","Best Edited Feature Film (Non-Theatrical)","2016-01-29","Bessie (Brian A. Kates) (Awarded as Best Edited Miniseries or Motion Picture for Television)","https://deadline.com/2016/01/eddie-award-winners-2016-full-list-american-cinema-editors-1201693210/"
"ACE Eddie Awards","Guild","USA","2017","Best Edited Feature Film (Non-Theatrical)","","",""
"ACE Eddie Awards","Guild","USA","2018","Best Edited Feature Film (Non-Theatrical)","2018-01-26","","https://en.wikipedia.org/wiki/American_Cinema_Editors_Awards_2018"
"ACE Eddie Awards","Guild","USA","2019","Best Edited Feature Film (Non-Theatrical)","","",""
"ACE Eddie Awards","Guild","USA","2020","Best Edited Feature Film (Non-Theatrical)","","",""
"ACE Eddie Awards","Guild","USA","2021","Best Edited Feature Film (Non-Theatrical)","2021-04-17","None","https://en.wikipedia.org/wiki/American_Cinema_Editors_Awards_2021"
"ACE Eddie Awards","Guild","USA","2022","Best Edited Feature Film (Non-Theatrical)","2022-03-05","","https://en.wikipedia.org/wiki/American_Cinema_Editors_Awards_2022"
"ACE Eddie Awards","Guild","USA","2023","Best Edited Feature Film (Non-Theatrical)","2023-03-05","Weird: The Al Yankovic Story (Jamie Kennedy)","https://deadline.com/2023/03/ace-eddie-awards-2023-winners-list-1235276227/"
"ACE Eddie Awards","Guild","USA","2024","Best Edited Feature Film (Non-Theatrical)","2024-03-03","Reality (Jennifer Vecchiarello and Ron Dulin)","https://variety.com/2024/artisans/news/ace-eddie-awards-winners-2024-1235928090/"
"ACE Eddie Awards","Guild","USA","2025","Best Edited Feature Film (Non-Theatrical)","2025-03-14","Road House (Doc Crotzer, ACE)","https://variety.com/2025/artisans/news/ace-eddie-awards-2025-winners-list-1236334670/"
"ACE Eddie Awards","Guild","USA","2026","Best Edited Feature Film (Non-Theatrical)","2026-02-27","A Winter’s Song (Editor: Yvette M. Amirian, ACE)","https://variety.com/2026/artisans/news/ace-eddie-awards-2026-winners-list-1236674690/"
"BAFTA","Industry","UK","2000","Best Film","2000-04-09","American Beauty","https://en.wikipedia.org/wiki/53rd_British_Academy_Film_Awards"
"BAFTA","Industry","UK","2001","Best Film","2001-02-25","Gladiator","http://news.bbc.co.uk/2/hi/entertainment/1189682.stm"
"BAFTA","Industry","UK","2002","Best Film","2002-02-24","The Lord of the Rings: The Fellowship of the Ring","https://en.wikipedia.org/wiki/55th_British_Academy_Film_Awards"
"BAFTA","Industry","UK","2003","Best Film","2003-02-23","The Pianist","https://en.wikipedia.org/wiki/56th_British_Academy_Film_Awards"
"BAFTA","Industry","UK","2004","Best Film","2004-02-15","The Lord of the Rings: The Return of the King","https://en.wikipedia.org/wiki/57th_British_Academy_Film_Awards"
"BAFTA","Industry","UK","2005","Best Film","2005-02-12","The Aviator","https://en.wikipedia.org/wiki/58th_British_Academy_Film_Awards"
"BAFTA","Industry","UK","2006","Best Film","2006-02-19","Brokeback Mountain","https://en.wikipedia.org/wiki/59th_British_Academy_Film_Awards"
"BAFTA","Industry","UK","2007","Best Film","2007-02-11","The Queen","https://en.wikipedia.org/wiki/60th_British_Academy_Film_Awards"
"BAFTA","Industry","UK","2008","Best Film","2008-02-10","Atonement","https://en.wikipedia.org/wiki/61st_British_Academy_Film_Awards"
"BAFTA","Industry","UK","2009","Best Film","2009-02-08","Slumdog Millionaire","https://www.bafta.org/media-centre/press-releases/film-awards-in-2009-winners-announced/"
"BAFTA","Industry","UK","2010","Best Film","2010-02-21","The Hurt Locker","https://www.bafta.org/media-centre/press-releases/film-awards-in-2010-winners-announced/"
"BAFTA","Industry","UK","2011","Best Film","2011-02-13","The King's Speech","https://www.bafta.org/media-centre/press-releases/film-awards-2011-winners-announced/"
"BAFTA","Industry","UK","2012","Best Film","2012-02-12","The Artist","https://www.bafta.org/media-centre/press-releases/2012-orange-british-academy-film-awards-winners-announced/"
"BAFTA","Industry","UK","2013","Best Film","2013-02-10","Argo","https://www.bafta.org/media-centre/press-releases/ee-british-academy-film-awards-in-2013-winners-announced/"
"BAFTA","Industry","UK","2014","Best Film","2014-02-16","12 Years a Slave","https://www.bbc.com/news/entertainment-arts-26218678"
"BAFTA","Industry","UK","2015","Best Film","2015-02-08","Boyhood","https://www.bafta.org/media-centre/press-releases/ee-british-academy-film-awards-winners-announced-3/"
"BAFTA","Industry","UK","2016","Best Film","2016-02-14","The Revenant","https://www.variety.com/2016/film/awards/bafta-awards-winners-2016-complete-list-british-academy-film-television-1201706004/"
"BAFTA","Industry","UK","2017","Best Film","2017-02-12","La La Land","https://www.bafta.org/media-centre/press-releases/winners-announced-for-the-ee-british-academy-film-awards-in-2017/"
"BAFTA","Industry","UK","2018","Best Film","2018-02-18","Three Billboards Outside Ebbing, Missouri","https://www.bafta.org/media-centre/press-releases/winners-announced-for-the-ee-british-academy-film-awards-in-2018/"
"BAFTA","Industry","UK","2019","Best Film","2019-02-10","Roma","https://www.bafta.org/media-centre/press-releases/winners-announced-ee-british-academy-film-awards-in-2019/"
"BAFTA","Industry","UK","2020","Best Film","2020-02-02","1917","https://www.bafta.org/media-centre/press-releases/winners-announced-ee-british-academy-film-awards-2020/"
"BAFTA","Industry","UK","2021","Best Film","2021-04-11","Nomadland","https://www.bafta.org/film/awards/2021-nominations-winners#best-film"
"BAFTA","Industry","UK","2022","Best Film","2022-03-13","The Power of the Dog","https://www.bbc.com/news/entertainment-arts-60243683"
"BAFTA","Industry","UK","2023","Best Film","2023-02-19","All Quiet on the Western Front","https://www.bafta.org/media-centre/press-releases/ee-bafta-film-awards-winners-announced-2023/"
"BAFTA","Industry","UK","2024","Best Film","2024-02-18","Oppenheimer","https://www.bbc.com/news/entertainment-arts-68332535"
"BAFTA","Industry","UK","2025","Best Film","2025-02-16","Conclave","https://deadline.com/2025/02/bafta-film-awards-winners-list-conclave-emilia-perez-2025-1236291491/"
"BAFTA","Industry","UK","2026","Best Film","2026-02-22","One Battle After Another","https://www.bafta.org/media-centre/press-releases/winners-announced-2026-film-awards/"
"BAFTA","Industry","UK","2000","Director","2000-04-09","Pedro Almodóvar","https://en.wikipedia.org/wiki/53rd_British_Academy_Film_Awards"
"BAFTA","Industry","UK","2001","Director","2001-02-25","Ang Lee","http://news.bbc.co.uk/2/hi/entertainment/1189682.stm"
"BAFTA","Industry","UK","2002","Director","2002-02-24","Peter Jackson","https://en.wikipedia.org/wiki/55th_British_Academy_Film_Awards"
"BAFTA","Industry","UK","2003","Director","2003-02-23","Roman Polanski","http://news.bbc.co.uk/2/hi/entertainment/2697563.stm"
"BAFTA","Industry","UK","2004","Director","2004-02-15","Peter Weir","https://en.wikipedia.org/wiki/57th_British_Academy_Film_Awards"
"BAFTA","Industry","UK","2005","Director","2005-02-12","Mike Leigh","https://www.bafta.org/awards/film/david-lean-award-for-achievement-in-direction/"
"BAFTA","Industry","UK","2006","Director","2006-02-19","Ang Lee","https://en.wikipedia.org/wiki/59th_British_Academy_Film_Awards"
"BAFTA","Industry","UK","2007","Director","2007-02-11","Paul Greengrass","http://news.bbc.co.uk/2/hi/entertainment/6254717.stm"
"BAFTA","Industry","UK","2008","Director","2008-02-10","Joel Coen and Ethan Coen","https://en.wikipedia.org/wiki/61st_British_Academy_Film_Awards"
"BAFTA","Industry","UK","2009","Director","2009-02-08","Danny Boyle","https://www.bafta.org/media-centre/press-releases/film-awards-in-2009-winners-announced/"
"BAFTA","Industry","UK","2010","Director","2010-02-21","Kathryn Bigelow","https://en.wikipedia.org/wiki/63rd_British_Academy_Film_Awards"
"BAFTA","Industry","UK","2011","Director","2011-02-13","David Fincher (The Social Network)","https://www.bafta.org/media-centre/press-releases/film-awards-2011-winners-list/"
"BAFTA","Industry","UK","2012","Director","2012-02-12","Michel Hazanavicius","https://www.bafta.org/media-centre/press-releases/2012-orange-british-academy-film-awards-winners-announced/"
"BAFTA","Industry","UK","2013","Director","2013-02-10","Ben Affleck","https://en.wikipedia.org/wiki/66th_British_Academy_Film_Awards"
"BAFTA","Industry","UK","2014","Director","2014-02-16","Alfonso Cuarón","https://www.bafta.org/media-centre/press-releases/ee-british-academy-film-awards-in-2014-winners-press-conference-british-film-and-best-director/"
"BAFTA","Industry","UK","2015","Director","2015-02-08","Richard Linklater","https://www.bfi.org.uk/news/baftas-2015-winners-full"
"BAFTA","Industry","UK","2016","Director","2016-02-14","Alejandro G. Iñárritu","https://en.wikipedia.org/wiki/69th_British_Academy_Film_Awards"
"BAFTA","Industry","UK","2017","Director","2017-02-12","Damien Chazelle","https://www.bafta.org/media-centre/press-releases/winners-announced-for-the-ee-british-academy-film-awards-in-2017/"
"BAFTA","Industry","UK","2018","Director","2018-02-18","Guillermo del Toro","https://www.bafta.org/media-centre/press-releases/winners-announced-for-the-ee-british-academy-film-awards-in-2018/"
"BAFTA","Industry","UK","2019","Director","2019-02-10","Alfonso Cuarón","https://www.bafta.org/media-centre/press-releases/winners-announced-ee-british-academy-film-awards-in-2019/"
"BAFTA","Industry","UK","2020","Director","2020-02-02","Sam Mendes","https://www.bafta.org/media-centre/press-releases/winners-announced-ee-british-academy-film-awards-2020/"
"BAFTA","Industry","UK","2021","Director","2021-04-11","Chloé Zhao","https://en.wikipedia.org/wiki/74th_British_Academy_Film_Awards"
"BAFTA","Industry","UK","2022","Director","2022-03-13","Jane Campion","https://en.wikipedia.org/wiki/75th_British_Academy_Film_Awards"
"BAFTA","Industry","UK","2023","Director","2023-02-19","Edward Berger","https://www.hollywoodreporter.com/movies/movie-news/bafta-film-awards-winners-list-2023-1235329456/"
"BAFTA","Industry","UK","2024","Director","2024-02-18","Christopher Nolan","https://www.bfi.org.uk/news/baftas-2024-winners-full"
"BAFTA","Industry","UK","2025","Director","2025-02-16","Brady Corbet","https://www.bafta.org/media-centre/press-releases/winners-announced-2025-ee-bafta-film-awards/"
"BAFTA","Industry","UK","2026","Director","2026-02-22","Paul Thomas Anderson","https://www.bafta.org/media-centre/press-releases/winners-announced-2026-film-awards/"
"BAFTA","Industry","UK","2000","Leading Actor","2000-04-09","Kevin Spacey","https://en.wikipedia.org/wiki/53rd_British_Academy_Film_Awards"
"BAFTA","Industry","UK","2001","Leading Actor","2001-02-25","Jamie Bell","http://news.bbc.co.uk/2/hi/entertainment/1189682.stm"
"BAFTA","Industry","UK","2002","Leading Actor","2002-02-24","Russell Crowe","https://en.wikipedia.org/wiki/55th_British_Academy_Film_Awards"
"BAFTA","Industry","UK","2003","Leading Actor","2003-02-23","Daniel Day-Lewis","https://en.wikipedia.org/wiki/56th_British_Academy_Film_Awards"
"BAFTA","Industry","UK","2004","Leading Actor","2004-02-15","Bill Murray","https://en.wikipedia.org/wiki/57th_British_Academy_Film_Awards"
"BAFTA","Industry","UK","2005","Leading Actor","2005-02-12","Jamie Foxx","https://en.wikipedia.org/wiki/58th_British_Academy_Film_Awards"
"BAFTA","Industry","UK","2006","Leading Actor","2006-02-19","Philip Seymour Hoffman","http://news.bbc.co.uk/2/hi/entertainment/4730718.stm"
"BAFTA","Industry","UK","2007","Leading Actor","2007-02-11","Forest Whitaker","https://en.wikipedia.org/wiki/60th_British_Academy_Film_Awards"
"BAFTA","Industry","UK","2008","Leading Actor","2008-02-10","Daniel Day-Lewis","http://news.bbc.co.uk/2/hi/entertainment/7191143.stm"
"BAFTA","Industry","UK","2009","Leading Actor","2009-02-08","Mickey Rourke","https://www.bafta.org/media-centre/press-releases/film-awards-in-2009-winners-announced/"
"BAFTA","Industry","UK","2010","Leading Actor","2010-02-21","Colin Firth","https://www.bafta.org/media-centre/press-releases/film-awards-in-2010-winners-announced/"
"BAFTA","Industry","UK","2011","Leading Actor","2011-02-13","Colin Firth","https://www.bafta.org/media-centre/press-releases/film-awards-2011-winners-announced/"
"BAFTA","Industry","UK","2012","Leading Actor","2012-02-12","Jean Dujardin","https://www.bafta.org/media-centre/press-releases/2012-orange-british-academy-film-awards-winners-announced/"
"BAFTA","Industry","UK","2013","Leading Actor","2013-02-10","Daniel Day-Lewis","https://www.bafta.org/media-centre/press-releases/ee-british-academy-film-awards-in-2013-winners-announced/"
"BAFTA","Industry","UK","2014","Leading Actor","2014-02-16 (Film); 2014-05-18 (Television)","Chiwetel Ejiofor (Film); Sean Harris (Television)","https://en.wikipedia.org/wiki/67th_British_Academy_Film_Awards; https://en.wikipedia.org/wiki/2014_British_Academy_Television_Awards"
"BAFTA","Industry","UK","2015","Leading Actor","2015-02-08","Eddie Redmayne","https://en.wikipedia.org/wiki/68th_British_Academy_Film_Awards"
"BAFTA","Industry","UK","2016","Leading Actor","2016-02-14","Leonardo DiCaprio","https://en.wikipedia.org/wiki/69th_British_Academy_Film_Awards"
"BAFTA","Industry","UK","2017","Leading Actor","2017-02-12","Casey Affleck","https://www.bafta.org/media-centre/press-releases/winners-announced-for-the-ee-british-academy-film-awards-in-2017/"
"BAFTA","Industry","UK","2018","Leading Actor","2018-02-18","Gary Oldman","https://en.wikipedia.org/wiki/71st_British_Academy_Film_Awards"
"BAFTA","Industry","UK","2019","Leading Actor","2019-02-10","Rami Malek","https://www.bafta.org/media-centre/press-releases/winners-announced-ee-british-academy-film-awards-in-2019/"
"BAFTA","Industry","UK","2020","Leading Actor","2020-02-02","Joaquin Phoenix","https://www.bafta.org/media-centre/press-releases/winners-announced-ee-british-academy-film-awards-2020/"
"BAFTA","Industry","UK","2021","Leading Actor","2021-04-11","Anthony Hopkins","https://en.wikipedia.org/wiki/74th_British_Academy_Film_Awards"
"BAFTA","Industry","UK","2022","Leading Actor","2022-03-13 (Film), 2022-05-08 (Television)","Will Smith (Film), Sean Bean (Television)","https://en.wikipedia.org/wiki/75th_British_Academy_Film_Awards"
"BAFTA","Industry","UK","2023","Leading Actor","2023-02-19","Austin Butler","https://www.bafta.org/media-centre/press-releases/ee-bafta-film-awards-winners-announced-2023/"
"BAFTA","Industry","UK","2024","Leading Actor","2024-02-18","Cillian Murphy","https://www.bbc.com/news/entertainment-arts-68332535"
"BAFTA","Industry","UK","2025","Leading Actor","2025-02-16","Adrien Brody","https://www.bafta.org/media-centre/press-releases/winners-announced-2025-ee-bafta-film-awards/"
"BAFTA","Industry","UK","2026","Leading Actor","2026-02-22","Robert Aramayo","https://www.bafta.org/media-centre/press-releases/winners-announced-2026-film-awards/"
"BAFTA","Industry","UK","2000","Leading Actress","2000-04-09","Annette Bening","https://en.wikipedia.org/wiki/53rd_British_Academy_Film_Awards"
"BAFTA","Industry","UK","2001","Leading Actress","2001-02-25","Julia Roberts","http://news.bbc.co.uk/2/hi/entertainment/1189682.stm"
"BAFTA","Industry","UK","2002","Leading Actress","2002-02-24","Judi Dench","https://en.wikipedia.org/wiki/55th_British_Academy_Film_Awards"
"BAFTA","Industry","UK","2003","Leading Actress","2003-02-23","Nicole Kidman","http://news.bbc.co.uk/2/hi/entertainment/2697563.stm"
"BAFTA","Industry","UK","2004","Leading Actress","2004-02-15","Scarlett Johansson","https://en.wikipedia.org/wiki/57th_British_Academy_Film_Awards"
"BAFTA","Industry","UK","2005","Leading Actress","2005-02-12","Imelda Staunton","https://en.wikipedia.org/wiki/58th_British_Academy_Film_Awards"
"BAFTA","Industry","UK","2006","Leading Actress","2006-02-19","Reese Witherspoon","http://news.bbc.co.uk/2/hi/entertainment/4730718.stm"
"BAFTA","Industry","UK","2007","Leading Actress","2007-02-11","Helen Mirren","https://en.wikipedia.org/wiki/60th_British_Academy_Film_Awards"
"BAFTA","Industry","UK","2008","Leading Actress","2008-02-10","Marion Cotillard","https://en.wikipedia.org/wiki/61st_British_Academy_Film_Awards"
"BAFTA","Industry","UK","2009","Leading Actress","2009-02-08","Kate Winslet","https://www.bafta.org/media-centre/press-releases/film-awards-in-2009-winners-announced/"
"BAFTA","Industry","UK","2010","Leading Actress","2010-02-21","Carey Mulligan","https://www.bafta.org/media-centre/press-releases/film-awards-in-2010-winners-announced/"
"BAFTA","Industry","UK","2011","Leading Actress","2011-02-13","Natalie Portman","https://www.bafta.org/media-centre/press-releases/film-awards-2011-winners-announced/"
"BAFTA","Industry","UK","2012","Leading Actress","2012-02-12","Meryl Streep","https://www.bafta.org/media-centre/press-releases/2012-orange-british-academy-film-awards-winners-announced/"
"BAFTA","Industry","UK","2013","Leading Actress","2013-02-10","Emmanuelle Riva","https://www.bafta.org/media-centre/press-releases/ee-british-academy-film-awards-in-2013-winners-announced/"
"BAFTA","Industry","UK","2014","Leading Actress","2014-02-16","Cate Blanchett","https://www.bbc.com/news/entertainment-arts-26218678"
"BAFTA","Industry","UK","2015","Leading Actress","2015-02-08","Julianne Moore","https://en.wikipedia.org/wiki/68th_British_Academy_Film_Awards"
"BAFTA","Industry","UK","2016","Leading Actress","2016-02-14","Brie Larson","https://en.wikipedia.org/wiki/69th_British_Academy_Film_Awards"
"BAFTA","Industry","UK","2017","Leading Actress","2017-02-12","Emma Stone","https://www.bafta.org/media-centre/press-releases/winners-announced-for-the-ee-british-academy-film-awards-in-2017/"
"BAFTA","Industry","UK","2018","Leading Actress","2018-02-18","Frances McDormand","https://www.bafta.org/media-centre/press-releases/winners-announced-for-the-ee-british-academy-film-awards-in-2018/"
"BAFTA","Industry","UK","2019","Leading Actress","2019-02-10","Olivia Colman","https://en.wikipedia.org/wiki/72nd_British_Academy_Film_Awards"
"BAFTA","Industry","UK","2020","Leading Actress","2020-02-02","Renée Zellweger","https://www.bafta.org/media-centre/press-releases/winners-announced-ee-british-academy-film-awards-2020/"
"BAFTA","Industry","UK","2021","Leading Actress","2021-04-11","Frances McDormand","https://en.wikipedia.org/wiki/74th_British_Academy_Film_Awards"
"BAFTA","Industry","UK","2022","Leading Actress","2022-03-13","Joanna Scanlan","https://en.wikipedia.org/wiki/75th_British_Academy_Film_Awards"
"BAFTA","Industry","UK","2023","Leading Actress","2023-02-19","Cate Blanchett","https://www.bafta.org/media-centre/press-releases/ee-bafta-film-awards-winners-announced-2023/"
"BAFTA","Industry","UK","2024","Leading Actress","2024-02-18","Emma Stone","https://www.bbc.com/news/entertainment-arts-68332535"
"BAFTA","Industry","UK","2025","Leading Actress","2025-05-11","Marisa Abela","https://www.bafta.org/awards/television/"
"BAFTA","Industry","UK","2026","Leading Actress","2026-02-22","Jessie Buckley","https://www.bafta.org/media-centre/press-releases/winners-announced-2026-film-awards/"
"BAFTA","Industry","UK","2000","Supporting Actor","2000-04-09","Jude Law","https://en.wikipedia.org/wiki/53rd_British_Academy_Film_Awards"
"BAFTA","Industry","UK","2001","Supporting Actor","2001-02-25","Benicio del Toro","https://awards.bafta.org/award/2001/film"
"BAFTA","Industry","UK","2002","Supporting Actor","2002-02-24","Jim Broadbent","https://en.wikipedia.org/wiki/55th_British_Academy_Film_Awards"
"BAFTA","Industry","UK","2003","Supporting Actor","2003-02-23","Christopher Walken","https://www.bafta.org/awards/film/supporting-actor/"
"BAFTA","Industry","UK","2004","Supporting Actor","2004-02-15","Bill Nighy","http://news.bbc.co.uk/2/hi/entertainment/3490323.stm"
"BAFTA","Industry","UK","2005","Supporting Actor","2005-02-12","Clive Owen","http://news.bbc.co.uk/2/hi/entertainment/4260929.stm"
"BAFTA","Industry","UK","2006","Supporting Actor","2006-02-19","Jake Gyllenhaal","https://en.wikipedia.org/wiki/59th_British_Academy_Film_Awards"
"BAFTA","Industry","UK","2007","Supporting Actor","2007-02-11","Alan Arkin","https://en.wikipedia.org/wiki/60th_British_Academy_Film_Awards"
"BAFTA","Industry","UK","2008","Supporting Actor","2008-02-10","Javier Bardem","https://www.bafta.org/media-centre/press-releases/winners-announced/"
"BAFTA","Industry","UK","2009","Supporting Actor","2009-02-08","Heath Ledger","https://www.bafta.org/media-centre/press-releases/film-awards-in-2009-winners-announced/"
"BAFTA","Industry","UK","2010","Supporting Actor","2010-02-21","Christoph Waltz","https://www.bafta.org/media-centre/press-releases/film-awards-in-2010-winners-announced/"
"BAFTA","Industry","UK","2011","Supporting Actor","2011-02-13","Geoffrey Rush","https://www.bafta.org/media-centre/press-releases/film-awards-2011-winners-announced/"
"BAFTA","Industry","UK","2012","Supporting Actor","2012-02-12","Christopher Plummer","https://www.bafta.org/media-centre/press-releases/2012-orange-british-academy-film-awards-winners-announced/"
"BAFTA","Industry","UK","2013","Supporting Actor","2013-02-10","Christoph Waltz","https://en.wikipedia.org/wiki/66th_British_Academy_Film_Awards"
"BAFTA","Industry","UK","2014","Supporting Actor","2014-02-16","Barkhad Abdi","https://www.bbc.com/news/entertainment-arts-26218678"
"BAFTA","Industry","UK","2015","Supporting Actor","2015-02-08","J.K. Simmons","https://en.wikipedia.org/wiki/68th_British_Academy_Film_Awards"
"BAFTA","Industry","UK","2016","Supporting Actor","2016-02-14","Mark Rylance","https://en.wikipedia.org/wiki/69th_British_Academy_Film_Awards"
"BAFTA","Industry","UK","2017","Supporting Actor","2017-02-12","Dev Patel","https://www.bafta.org/media-centre/press-releases/winners-announced-for-the-ee-british-academy-film-awards-in-2017/"
"BAFTA","Industry","UK","2018","Supporting Actor","2018-02-18","Sam Rockwell","https://www.bafta.org/media-centre/press-releases/winners-announced-for-the-ee-british-academy-film-awards-in-2018/"
"BAFTA","Industry","UK","2019","Supporting Actor","2019-02-10","Mahershala Ali","https://en.wikipedia.org/wiki/72nd_British_Academy_Film_Awards"
"BAFTA","Industry","UK","2020","Supporting Actor","2020-02-02","Brad Pitt","https://www.bafta.org/media-centre/press-releases/winners-announced-ee-british-academy-film-awards-2020/"
"BAFTA","Industry","UK","2021","Supporting Actor","2021-04-11","Daniel Kaluuya","https://en.wikipedia.org/wiki/74th_British_Academy_Film_Awards"
"BAFTA","Industry","UK","2022","Supporting Actor","2022-03-13","Troy Kotsur","https://en.wikipedia.org/wiki/75th_British_Academy_Film_Awards"
"BAFTA","Industry","UK","2023","Supporting Actor","2023-02-19","Barry Keoghan","https://www.bafta.org/media-centre/press-releases/ee-bafta-film-awards-winners-announced-2023/"
"BAFTA","Industry","UK","2024","Supporting Actor","2024-02-18","Robert Downey Jr.","https://variety.com/2024/film/awards/bafta-film-awards-2024-winners-list-1235913491/"
"BAFTA","Industry","UK","2025","Supporting Actor","2025-02-16","Kieran Culkin","https://www.bbc.com/news/articles/cp3j3wdxxxgo"
"BAFTA","Industry","UK","2026","Supporting Actor","2026-02-22","Sean Penn","https://www.bafta.org/media-centre/press-releases/winners-announced-2026-film-awards/"
"BAFTA","Industry","UK","2000","Supporting Actress","2000-04-09","Maggie Smith","https://en.wikipedia.org/wiki/53rd_British_Academy_Film_Awards"
"BAFTA","Industry","UK","2001","Supporting Actress","2001-02-25","Julie Walters","https://en.wikipedia.org/wiki/54th_British_Academy_Film_Awards"
"BAFTA","Industry","UK","2002","Supporting Actress","2002-02-24","Jennifer Connelly","http://news.bbc.co.uk/2/hi/entertainment/1839175.stm"
"BAFTA","Industry","UK","2003","Supporting Actress","2003-02-23","Catherine Zeta-Jones","http://news.bbc.co.uk/2/hi/entertainment/2697563.stm"
"BAFTA","Industry","UK","2004","Supporting Actress","2004-02-15","Renée Zellweger","https://en.wikipedia.org/wiki/57th_British_Academy_Film_Awards"
"BAFTA","Industry","UK","2005","Supporting Actress","2005-02-12","Cate Blanchett","https://www.abc.net.au/news/2005-02-13/blanchett-wins-best-supporting-actress-bafta/1517952"
"BAFTA","Industry","UK","2006","Supporting Actress","2006-02-19","Thandiwe Newton","https://www.bafta.org/awards/film/supporting-actress"
"BAFTA","Industry","UK","2007","Supporting Actress","2007-02-11","Jennifer Hudson","http://news.bbc.co.uk/2/hi/entertainment/6254717.stm"
"BAFTA","Industry","UK","2008","Supporting Actress","2008-02-10","Tilda Swinton","https://en.wikipedia.org/wiki/61st_British_Academy_Film_Awards"
"BAFTA","Industry","UK","2009","Supporting Actress","2009-02-08","Penélope Cruz","https://www.bafta.org/media-centre/press-releases/film-awards-in-2009-winners-announced/"
"BAFTA","Industry","UK","2010","Supporting Actress","2010-02-21","Mo'Nique","https://www.bafta.org/media-centre/press-releases/film-awards-in-2010-winners-announced/"
"BAFTA","Industry","UK","2011","Supporting Actress","2011-02-13","Helena Bonham Carter","https://www.bafta.org/media-centre/press-releases/film-awards-2011-winners-announced/"
"BAFTA","Industry","UK","2012","Supporting Actress","2012-02-12","Octavia Spencer","https://www.bafta.org/media-centre/press-releases/2012-orange-british-academy-film-awards-winners-announced/"
"BAFTA","Industry","UK","2013","Supporting Actress","2013-02-10","Anne Hathaway","https://www.bafta.org/media-centre/press-releases/ee-british-academy-film-awards-in-2013-winners-announced/"
"BAFTA","Industry","UK","2014","Supporting Actress","2014-02-16","Jennifer Lawrence","https://www.theguardian.com/film/2014/feb/16/baftas-2014-jennifer-lawrence-supporting-actress-american-hustle"
"BAFTA","Industry","UK","2015","Supporting Actress","2015-02-08","Patricia Arquette","https://en.wikipedia.org/wiki/68th_British_Academy_Film_Awards"
"BAFTA","Industry","UK","2016","Supporting Actress","2016-02-14","Kate Winslet","https://www.hollywoodreporter.com/lists/2016-bafta-winners-complete-list-856951/"
"BAFTA","Industry","UK","2017","Supporting Actress","2017-02-12","Viola Davis","https://www.bafta.org/media-centre/press-releases/winners-announced-for-the-ee-british-academy-film-awards-in-2017/"
"BAFTA","Industry","UK","2018","Supporting Actress","2018-02-18","Allison Janney","https://www.bafta.org/media-centre/press-releases/winners-announced-for-the-ee-british-academy-film-awards-in-2018/"
"BAFTA","Industry","UK","2019","Supporting Actress","2019-02-10","Rachel Weisz","https://www.bafta.org/media-centre/press-releases/winners-announced-ee-british-academy-film-awards-in-2019/"
"BAFTA","Industry","UK","2020","Supporting Actress","2020-02-02","Laura Dern","https://www.bafta.org/media-centre/press-releases/winners-announced-ee-british-academy-film-awards-2020/"
"BAFTA","Industry","UK","2021","Supporting Actress","2021-04-11","Youn Yuh-jung","https://en.wikipedia.org/wiki/74th_British_Academy_Film_Awards"
"BAFTA","Industry","UK","2022","Supporting Actress","2022-03-13","Ariana DeBose","https://en.wikipedia.org/wiki/75th_British_Academy_Film_Awards"
"BAFTA","Industry","UK","2023","Supporting Actress","2023-02-19","Kerry Condon","https://www.bbc.com/news/entertainment-arts-64328586"
"BAFTA","Industry","UK","2024","Supporting Actress","2024-02-18","Da'Vine Joy Randolph","https://en.wikipedia.org/wiki/77th_British_Academy_Film_Awards"
"BAFTA","Industry","UK","2025","Supporting Actress","2025-02-16","Zoe Saldaña","https://www.bafta.org/media-centre/press-releases/winners-announced-2025-ee-bafta-film-awards/"
"BAFTA","Industry","UK","2026","Supporting Actress","2026-02-22","Wunmi Mosaku","https://www.bafta.org/media-centre/press-releases/winners-announced-2026-film-awards/"
"BAFTA","Industry","UK","2000","Cinematography","2000-04-09","Conrad Hall (American Beauty)","https://en.wikipedia.org/wiki/53rd_British_Academy_Film_Awards"
"BAFTA","Industry","UK","2001","Cinematography","2001-02-25","John Mathieson (Gladiator)","https://www.bafta.org/awards/film/cinematography/"
"BAFTA","Industry","UK","2002","Cinematography","2002-02-24","Roger Deakins (The Man Who Wasn't There)","http://news.bbc.co.uk/2/hi/entertainment/1839175.stm"
"BAFTA","Industry","UK","2003","Cinematography","2003-02-23","Conrad Hall (Road to Perdition)","https://en.wikipedia.org/wiki/56th_British_Academy_Film_Awards"
"BAFTA","Industry","UK","2004","Cinematography","2004-02-15","Andrew Lesnie (The Lord of the Rings: The Return of the King)","https://en.wikipedia.org/wiki/57th_British_Academy_Film_Awards"
"BAFTA","Industry","UK","2005","Cinematography","2005-02-12","Dion Beebe and Paul Cameron (Collateral)","https://en.wikipedia.org/wiki/58th_British_Academy_Film_Awards"
"BAFTA","Industry","UK","2006","Cinematography","2006-02-19","Dion Beebe (Memoirs of a Geisha)","https://en.wikipedia.org/wiki/59th_British_Academy_Film_Awards"
"BAFTA","Industry","UK","2007","Cinematography","2007-02-11","Emmanuel Lubezki (Children of Men)","http://news.bbc.co.uk/2/hi/entertainment/6254717.stm"
"BAFTA","Industry","UK","2008","Cinematography","2008-02-10","Roger Deakins (No Country for Old Men)","http://news.bbc.co.uk/2/hi/entertainment/7191143.stm"
"BAFTA","Industry","UK","2009","Cinematography","2009-02-08","Anthony Dod Mantle (Slumdog Millionaire)","https://www.bafta.org/media-centre/press-releases/film-awards-in-2009-winners-announced/"
"BAFTA","Industry","UK","2010","Cinematography","2010-02-21","The Hurt Locker (Barry Ackroyd)","https://www.bafta.org/media-centre/press-releases/film-awards-in-2010-winners-announced/"
"BAFTA","Industry","UK","2011","Cinematography","2011-02-13","Roger Deakins (True Grit)","https://www.bafta.org/media-centre/press-releases/film-awards-2011-winners-list/"
"BAFTA","Industry","UK","2012","Cinematography","2012-02-12","Guillaume Schiffman (The Artist)","https://en.wikipedia.org/wiki/65th_British_Academy_Film_Awards"
"BAFTA","Industry","UK","2013","Cinematography","2013-02-10","Claudio Miranda (Life of Pi)","https://en.wikipedia.org/wiki/66th_British_Academy_Film_Awards"
"BAFTA","Industry","UK","2014","Cinematography","2014-02-16","Emmanuel Lubezki (Gravity)","https://en.wikipedia.org/wiki/67th_British_Academy_Film_Awards"
"BAFTA","Industry","UK","2015","Cinematography","2015-02-08","Emmanuel Lubezki","https://variety.com/2015/film/news/bafta-award-winners-2015-baftas-winner-list-bafta-awards-1201427940/"
"BAFTA","Industry","UK","2016","Cinematography","2016-02-14","Emmanuel Lubezki","https://en.wikipedia.org/wiki/69th_British_Academy_Film_Awards"
"BAFTA","Industry","UK","2017","Cinematography","2017-02-12","Linus Sandgren","https://www.bafta.org/media-centre/press-releases/winners-announced-for-the-ee-british-academy-film-awards-in-2017/"
"BAFTA","Industry","UK","2018","Cinematography","2018-02-18","Roger Deakins","https://www.bafta.org/media-centre/press-releases/winners-announced-for-the-ee-british-academy-film-awards-in-2018/"
"BAFTA","Industry","UK","2019","Cinematography","2019-02-10","Alfonso Cuarón (Roma)","https://variety.com/2019/film/news/bafta-award-winners-2019-winners-list-1203133526/"
"BAFTA","Industry","UK","2020","Cinematography","2020-02-02","Roger Deakins (1917)","https://www.bafta.org/media-centre/press-releases/winners-announced-ee-british-academy-film-awards-2020/"
"BAFTA","Industry","UK","2021","Cinematography","2021-04-10","Joshua James Richards (Nomadland)","https://www.the-independent.com/arts-entertainment/films/news/bafta-winners-list-2021-baftas-b1829849.html"
"BAFTA","Industry","UK","2022","Cinematography","2022-03-13","Greig Fraser (Dune)","https://en.wikipedia.org/wiki/75th_British_Academy_Film_Awards"
"BAFTA","Industry","UK","2023","Cinematography","2023-02-19","James Friend, All Quiet on the Western Front","https://www.bafta.org/media-centre/press-releases/ee-bafta-film-awards-winners-announced-2023/"
"BAFTA","Industry","UK","2024","Cinematography","2024-02-18","Hoyte van Hoytema (Oppenheimer)","https://www.bafta.org/media-centre/press-releases/winners-announced-ee-bafta-film-awards/"
"BAFTA","Industry","UK","2025","Cinematography","2025-02-16","Lol Crawley (The Brutalist)","https://www.bafta.org/awards/film/cinematography/"
"BAFTA","Industry","UK","2026","Cinematography","2026-02-22","One Battle After Another","https://www.bafta.org/media-centre/press-releases/winners-announced-2026-film-awards/"
"BAFTA","Industry","UK","2000","Editing","2000-04-09","Tariq Anwar and Christopher Greenbury (American Beauty)","https://en.wikipedia.org/wiki/53rd_British_Academy_Film_Awards"
"BAFTA","Industry","UK","2001","Editing","2001-02-25","Pietro Scalia (Gladiator)","https://en.wikipedia.org/wiki/54th_British_Academy_Film_Awards"
"BAFTA","Industry","UK","2002","Editing","2002-02-24","Mary Sweeney","https://en.wikipedia.org/wiki/55th_British_Academy_Film_Awards"
"BAFTA","Industry","UK","2003","Editing","2003-02-23","Daniel Rezende","https://awards.bafta.org/award/2003/film/editing"
"BAFTA","Industry","UK","2004","Editing","2004-02-15","Sarah Flack (Lost in Translation)","https://en.wikipedia.org/wiki/57th_British_Academy_Film_Awards"
"BAFTA","Industry","UK","2005","Editing","2005-02-12","Eternal Sunshine of the Spotless Mind (Valdís Óskarsdóttir)","https://www.altfg.com/bafta-awards-2005/"
"BAFTA","Industry","UK","2006","Editing","2006-02-19","Claire Simpson (The Constant Gardener)","https://en.wikipedia.org/wiki/59th_British_Academy_Film_Awards"
"BAFTA","Industry","UK","2007","Editing","2007-02-11","United 93 (Clare Douglas, Christopher Rouse, Richard Pearson)","http://news.bbc.co.uk/2/hi/entertainment/6254717.stm"
"BAFTA","Industry","UK","2008","Editing","2008-02-10","The Bourne Ultimatum","http://news.bbc.co.uk/2/hi/entertainment/7191143.stm"
"BAFTA","Industry","UK","2009","Editing","2009-02-08","Chris Dickens (Slumdog Millionaire)","http://news.bbc.co.uk/2/hi/entertainment/7830076.stm"
"BAFTA","Industry","UK","2010","Editing","2010-02-21","The Hurt Locker (Bob Murawski, Chris Innis)","https://www.screendaily.com/2010-bafta-winners/5011747.article"
"BAFTA","Industry","UK","2011","Editing","2011-02-13","Angus Wall and Kirk Baxter (The Social Network)","https://www.bafta.org/media-centre/press-releases/film-awards-2011-winners-list/"
"BAFTA","Industry","UK","2012","Editing","2012-02-12","Senna","https://www.bafta.org/media-centre/press-releases/2012-orange-british-academy-film-awards-winners-announced/"
"BAFTA","Industry","UK","2013","Editing","2013-02-10","William Goldenberg (Argo)","https://www.bafta.org/media-centre/press-releases/ee-british-academy-film-awards-in-2013-winners-press-conference-editing/"
"BAFTA","Industry","UK","2014","Editing","2014-02-16","Rush (Dan Hanley, Mike Hill)","https://www.bafta.org/awards-database?year=2014&category=Film&award=Editing"
"BAFTA","Industry","UK","2015","Editing","2015-02-08","Tom Cross (Whiplash)","https://en.wikipedia.org/wiki/68th_British_Academy_Film_Awards"
"BAFTA","Industry","UK","2016","Editing","2016-02-14","Mad Max: Fury Road (Margaret Sixel)","https://www.theguardian.com/film/2016/feb/14/baftas-2016-full-list-of-winners"
"BAFTA","Industry","UK","2017","Editing","2017-02-12","Hacksaw Ridge","https://www.bafta.org/media-centre/press-releases/winners-announced-for-the-ee-british-academy-film-awards-in-2017/"
"BAFTA","Industry","UK","2018","Editing","2018-02-18","Baby Driver","https://www.bafta.org/media-centre/press-releases/winners-announced-for-the-ee-british-academy-film-awards-in-2018/"
"BAFTA","Industry","UK","2019","Editing","2019-02-10","Vice","https://www.bafta.org/media-centre/press-releases/winners-announced-ee-british-academy-film-awards-in-2019/"
"BAFTA","Industry","UK","2020","Editing","2020-02-02","Le Mans '66","https://www.bafta.org/media-centre/press-releases/winners-announced-ee-british-academy-film-awards-2020/"
"BAFTA","Industry","UK","2021","Editing","2021-04-10","Sound of Metal (Mikkel E.G. Nielsen)","https://www.bafta.org/awards/film/editing/"
"BAFTA","Industry","UK","2022","Editing","2022-03-13","No Time to Die (Tom Cross, Elliot Graham)","https://www.bafta.org/awards/film/editing/"
"BAFTA","Industry","UK","2023","Editing","2023-02-19","Everything Everywhere All at Once (Paul Rogers)","https://www.hollywoodreporter.com/movies/movie-news/bafta-film-awards-winners-list-2023-1235329456/"
"BAFTA","Industry","UK","2024","Editing","2024-02-18","Jennifer Lame (Oppenheimer)","https://www.bafta.org/awards/film/editing/"
"BAFTA","Industry","UK","2025","Editing","2025-02-16","Conclave (Nick Emerson)","https://www.bbc.com/news/articles/cp3j3wdxxxgo"
"BAFTA","Industry","UK","2026","Editing","2026-02-22","One Battle After Another (Andy Jurgensen)","https://www.bafta.org/media-centre/press-releases/winners-announced-2026-film-awards/"
"BAFTA","Industry","UK","2000","Adapted Screenplay","2000-04-09","Neil Jordan (The End of the Affair)","https://en.wikipedia.org/wiki/53rd_British_Academy_Film_Awards"
"BAFTA","Industry","UK","2001","Adapted Screenplay","2001-02-25","Stephen Gaghan (Traffic)","https://en.wikipedia.org/wiki/54th_British_Academy_Film_Awards"
"BAFTA","Industry","UK","2002","Adapted Screenplay","2002-02-24","Shrek (Ted Elliott, Terry Rossio, Joe Stillman, Roger S. H. Schulman)","https://en.wikipedia.org/wiki/55th_British_Academy_Film_Awards"
"BAFTA","Industry","UK","2003","Adapted Screenplay","2003-02-23","Charlie Kaufman and Donald Kaufman (Adaptation)","https://en.wikipedia.org/wiki/56th_British_Academy_Film_Awards"
"BAFTA","Industry","UK","2004","Adapted Screenplay","2004-02-15","The Lord of the Rings: The Return of the King (Fran Walsh, Philippa Boyens, Peter Jackson)","https://en.wikipedia.org/wiki/57th_British_Academy_Film_Awards"
"BAFTA","Industry","UK","2005","Adapted Screenplay","2005-02-12","Sideways (Alexander Payne and Jim Taylor)","https://en.wikipedia.org/wiki/58th_British_Academy_Film_Awards"
"BAFTA","Industry","UK","2006","Adapted Screenplay","2006-02-19","Brokeback Mountain (Larry McMurtry and Diana Ossana)","http://news.bbc.co.uk/2/hi/entertainment/4730718.stm"
"BAFTA","Industry","UK","2007","Adapted Screenplay","2007-02-11","The Last King of Scotland (Peter Morgan and Jeremy Brock)","https://en.wikipedia.org/wiki/60th_British_Academy_Film_Awards"
"BAFTA","Industry","UK","2008","Adapted Screenplay","2008-02-10","Ronald Harwood (The Diving Bell and the Butterfly)","https://en.wikipedia.org/wiki/61st_British_Academy_Film_Awards"
"BAFTA","Industry","UK","2009","Adapted Screenplay","2009-02-08","Simon Beaufoy (Slumdog Millionaire)","https://www.bafta.org/media-centre/press-releases/film-awards-in-2009-winners-announced/"
"BAFTA","Industry","UK","2010","Adapted Screenplay","2010-02-21","Up in the Air (Jason Reitman, Sheldon Turner)","https://www.bafta.org/media-centre/press-releases/film-awards-in-2010-winners-announced/"
"BAFTA","Industry","UK","2011","Adapted Screenplay","2011-02-13","Aaron Sorkin (The Social Network)","https://www.bafta.org/media-centre/press-releases/film-awards-2011-winners-announced/"
"BAFTA","Industry","UK","2012","Adapted Screenplay","2012-02-12","Tinker Tailor Soldier Spy (Bridget O'Connor and Peter Straughan)","https://www.bafta.org/media-centre/press-releases/2012-orange-british-academy-film-awards-winners-announced/"
"BAFTA","Industry","UK","2013","Adapted Screenplay","2013-02-10","David O. Russell (Silver Linings Playbook)","https://www.screendaily.com/baftas-2013-winners/5051829.article"
"BAFTA","Industry","UK","2014","Adapted Screenplay","2014-02-16","Steve Coogan and Jeff Pope (Philomena)","https://en.wikipedia.org/wiki/67th_British_Academy_Film_Awards"
"BAFTA","Industry","UK","2015","Adapted Screenplay","2015-02-08","The Theory of Everything – Anthony McCarten","https://variety.com/2015/film/news/bafta-award-winners-2015-baftas-winner-list-bafta-awards-1201427940/"
"BAFTA","Industry","UK","2016","Adapted Screenplay","2016-02-14","The Big Short (Adam McKay, Charles Randolph)","https://www.bafta.org/media-centre/press-releases/the-big-short-winner-acceptance-speech-adapted-screenplay-ee-british/"
"BAFTA","Industry","UK","2017","Adapted Screenplay","2017-02-12","Luke Davies (Lion)","https://www.bafta.org/media-centre/press-releases/winners-announced-for-the-ee-british-academy-film-awards-in-2017/"
"BAFTA","Industry","UK","2018","Adapted Screenplay","2018-02-18","James Ivory (Call Me by Your Name)","https://www.bafta.org/media-centre/press-releases/film-awards-2018-winners-list/"
"BAFTA","Industry","UK","2019","Adapted Screenplay","2019-02-10","BlacKkKlansman (Spike Lee, David Rabinowitz, Charlie Wachtel, and Kevin Willmott)","https://en.wikipedia.org/wiki/72nd_British_Academy_Film_Awards"
"BAFTA","Industry","UK","2020","Adapted Screenplay","2020-02-02","Jojo Rabbit (Taika Waititi)","https://www.bafta.org/media-centre/press-releases/winners-announced-ee-british-academy-film-awards-2020/"
"BAFTA","Industry","UK","2021","Adapted Screenplay","2021-04-11","The Father (Christopher Hampton and Florian Zeller)","https://www.bafta.org/film/awards/2021-nominations-winners#adapted-screenplay"
"BAFTA","Industry","UK","2022","Adapted Screenplay","2022-03-13","Siân Heder (CODA)","https://www.cnn.com/2022/03/13/entertainment/baftas-2022-winners-list"
"BAFTA","Industry","UK","2023","Adapted Screenplay","2023-02-19","All Quiet on the Western Front (Edward Berger, Lesley Paterson, Ian Stokell)","https://www.bafta.org/media-centre/press-releases/ee-bafta-film-awards-winners-announced-2023/"
"BAFTA","Industry","UK","2024","Adapted Screenplay","2024-02-18","American Fiction (Cord Jefferson)","https://en.wikipedia.org/wiki/77th_British_Academy_Film_Awards"
"BAFTA","Industry","UK","2025","Adapted Screenplay","2025-02-16","Conclave","https://www.bbc.com/news/articles/cp3j3wdxxxgo"
"BAFTA","Industry","UK","2026","Adapted Screenplay","2026-02-22","Paul Thomas Anderson (One Battle After Another)","https://www.bafta.org/media-centre/press-releases/winners-announced-2026-film-awards/"
"BAFTA","Industry","UK","2000","Original Screenplay","2000-04-09","Being John Malkovich – Charlie Kaufman","https://awards.bafta.org/award/2000/film/original-screenplay"
"BAFTA","Industry","UK","2001","Original Screenplay","2001-02-25","Cameron Crowe (Almost Famous)","http://news.bbc.co.uk/2/hi/entertainment/1189682.stm"
"BAFTA","Industry","UK","2002","Original Screenplay","2002-02-24","Amélie (Guillaume Laurant and Jean-Pierre Jeunet)","http://news.bbc.co.uk/2/hi/entertainment/1839175.stm"
"BAFTA","Industry","UK","2003","Original Screenplay","2003-02-23","Pedro Almodóvar (Talk to Her)","https://en.wikipedia.org/wiki/56th_British_Academy_Film_Awards"
"BAFTA","Industry","UK","2004","Original Screenplay","2004-02-15","The Station Agent (Tom McCarthy)","http://news.bbc.co.uk/2/hi/entertainment/3490323.stm"
"BAFTA","Industry","UK","2005","Original Screenplay","2005-02-12","Charlie Kaufman (Eternal Sunshine of the Spotless Mind)","http://news.bbc.co.uk/2/hi/entertainment/4260929.stm"
"BAFTA","Industry","UK","2006","Original Screenplay","2006-02-19","Crash (Paul Haggis and Bobby Moresco)","https://en.wikipedia.org/wiki/59th_British_Academy_Film_Awards"
"BAFTA","Industry","UK","2007","Original Screenplay","2007-02-11","Michael Arndt (Little Miss Sunshine)","http://news.bbc.co.uk/2/hi/entertainment/6254717.stm"
"BAFTA","Industry","UK","2008","Original Screenplay","2008-02-10","Diablo Cody (Juno)","https://www.bafta.org/media-centre/press-releases/winners-announced/"
"BAFTA","Industry","UK","2009","Original Screenplay","2009-02-08","Martin McDonagh (In Bruges)","https://www.bafta.org/media-centre/press-releases/film-awards-in-2009-winners-announced/"
"BAFTA","Industry","UK","2010","Original Screenplay","2010-02-21","The Hurt Locker (Mark Boal)","https://www.bafta.org/media-centre/press-releases/film-awards-in-2010-winners-announced/"
"BAFTA","Industry","UK","2011","Original Screenplay","2011-02-13","The King's Speech (David Seidler)","https://www.bafta.org/media-centre/press-releases/film-awards-2011-winners-list/"
"BAFTA","Industry","UK","2012","Original Screenplay","2012-02-12","Michel Hazanavicius (The Artist)","https://www.bafta.org/media-centre/press-releases/2012-orange-british-academy-film-awards-winners-announced/"
"BAFTA","Industry","UK","2013","Original Screenplay","2013-02-10","Quentin Tarantino (Django Unchained)","https://www.bafta.org/media-centre/press-releases/ee-british-academy-film-awards-in-2013-winners-announced/"
"BAFTA","Industry","UK","2014","Original Screenplay","2014-02-16","American Hustle","https://www.bbc.com/news/entertainment-arts-26218678"
"BAFTA","Industry","UK","2015","Original Screenplay","2015-02-08","Wes Anderson (The Grand Budapest Hotel)","https://awards.bafta.org/award/2015/film/original-screenplay"
"BAFTA","Industry","UK","2016","Original Screenplay","2016-02-14","Spotlight (Tom McCarthy and Josh Singer)","https://www.bfi.org.uk/news/baftas-2016-winners-full"
"BAFTA","Industry","UK","2017","Original Screenplay","2017-02-12","Manchester by the Sea (Kenneth Lonergan)","https://en.wikipedia.org/wiki/70th_British_Academy_Film_Awards"
"BAFTA","Industry","UK","2018","Original Screenplay","2018-02-18","Three Billboards Outside Ebbing, Missouri - Martin McDonagh","https://www.bafta.org/media-centre/press-releases/film-awards-2018-winners-list/"
"BAFTA","Industry","UK","2019","Original Screenplay","2019-02-10","The Favourite (Deborah Davis and Tony McNamara)","https://www.bafta.org/media-centre/press-releases/winners-announced-ee-british-academy-film-awards-in-2019/"
"BAFTA","Industry","UK","2020","Original Screenplay","2020-02-02","Bong Joon Ho and Han Jin Won (Parasite)","https://www.bafta.org/media-centre/press-releases/winners-announced-ee-british-academy-film-awards-2020/"
"BAFTA","Industry","UK","2021","Original Screenplay","2021-04-11","Promising Young Woman (Emerald Fennell)","https://en.wikipedia.org/wiki/74th_British_Academy_Film_Awards"
"BAFTA","Industry","UK","2022","Original Screenplay","2022-03-13","Licorice Pizza (Paul Thomas Anderson)","https://en.wikipedia.org/wiki/75th_British_Academy_Film_Awards"
"BAFTA","Industry","UK","2023","Original Screenplay","2023-02-19","Martin McDonagh (The Banshees of Inisherin)","https://en.wikipedia.org/wiki/76th_British_Academy_Film_Awards"
"BAFTA","Industry","UK","2024","Original Screenplay","2024-02-18","Anatomy of a Fall (Justine Triet, Arthur Harari)","https://www.hollywoodreporter.com/movies/movie-news/bafta-film-awards-winners-list-2024-1235824589/"
"BAFTA","Industry","UK","2025","Original Screenplay","2025-02-16","A Real Pain (written by Jesse Eisenberg)","https://www.theguardian.com/film/2025/feb/16/baftas-2025-the-full-list-of-winners-live"
"BAFTA","Industry","UK","2026","Original Screenplay","2026-02-22","Sinners (Ryan Coogler)","https://variety.com/lists/bafta-film-awards-2026-winners-list/"
"BAFTA","Industry","UK","2000","Original Score","2000-04-09","Thomas Newman (American Beauty)","https://awards.bafta.org/award/2000/film/anthony-asquith-award-for-achievement-in-film-music"
"BAFTA","Industry","UK","2001","Original Score","2001-02-25","Tan Dun for Crouching Tiger, Hidden Dragon","https://en.wikipedia.org/wiki/54th_British_Academy_Film_Awards"
"BAFTA","Industry","UK","2002","Original Score","2002-02-24","Craig Armstrong and Marius de Vries (for 'Moulin Rouge!')","https://en.wikipedia.org/wiki/55th_British_Academy_Film_Awards"
"BAFTA","Industry","UK","2003","Original Score","2003-02-23","Philip Glass (The Hours)","http://news.bbc.co.uk/2/hi/entertainment/2697563.stm"
"BAFTA","Industry","UK","2004","Original Score","2004-02-15","Gabriel Yared and T Bone Burnett for Cold Mountain","http://news.bbc.co.uk/2/hi/entertainment/3490323.stm"
"BAFTA","Industry","UK","2005","Original Score","2005-02-12","Gustavo Santaolalla (The Motorcycle Diaries)","https://www.bafta.org/awards/film/anthony-asquith-award-for-achievement-in-film-music/"
"BAFTA","Industry","UK","2006","Original Score","2006-02-19","John Williams (Memoirs of a Geisha)","https://en.wikipedia.org/wiki/59th_British_Academy_Film_Awards"
"BAFTA","Industry","UK","2007","Original Score","2007-02-11","Gustavo Santaolalla (for Babel)","http://news.bbc.co.uk/2/hi/entertainment/6254717.stm"
"BAFTA","Industry","UK","2008","Original Score","2008-02-10","Christopher Gunning (for La Vie en Rose)","https://en.wikipedia.org/wiki/61st_British_Academy_Film_Awards"
"BAFTA","Industry","UK","2009","Original Score","2009-02-08","Slumdog Millionaire (A.R. Rahman)","https://www.bafta.org/media-centre/press-releases/film-awards-in-2009-winners-announced/"
"BAFTA","Industry","UK","2010","Original Score","2010-02-21","Michael Giacchino (Up)","https://www.bafta.org/media-centre/press-releases/film-awards-in-2010-winners-announced/"
"BAFTA","Industry","UK","2011","Original Score","2011-02-13","Alexandre Desplat (The King's Speech)","https://www.bafta.org/media-centre/press-releases/film-awards-2011-winners-list/"
"BAFTA","Industry","UK","2012","Original Score","2012-02-12","The Artist","https://www.bafta.org/media-centre/press-releases/2012-orange-british-academy-film-awards-winners-announced/"
"BAFTA","Industry","UK","2013","Original Score","2013-02-10","Skyfall (Thomas Newman)","https://www.bafta.org/media-centre/press-releases/ee-british-academy-film-awards-in-2013-winners-announced/"
"BAFTA","Industry","UK","2014","Original Score","2014-02-16","Steven Price (Gravity)","https://en.wikipedia.org/wiki/67th_British_Academy_Film_Awards"
"BAFTA","Industry","UK","2015","Original Score","2015-02-08","Alexandre Desplat (The Grand Budapest Hotel)","https://awards.bafta.org/award/2015/film/original-music"
"BAFTA","Industry","UK","2016","Original Score","2016-02-14","Ennio Morricone (The Hateful Eight)","https://www.bafta.org/media-centre/press-releases/ennio-morricone-winner-acceptance-speech-original-music-ee-british-academy-film-awards-in-2016/"
"BAFTA","Industry","UK","2017","Original Score","2017-02-12","Justin Hurwitz (La La Land)","https://www.bafta.org/media-centre/press-releases/winners-list-for-the-ee-british-academy-film-awards-in-2017-plain-text/"
"BAFTA","Industry","UK","2018","Original Score","2018-02-18","Alexandre Desplat (The Shape of Water)","https://www.bafta.org/media-centre/press-releases/winners-announced-for-the-ee-british-academy-film-awards-in-2018/"
"BAFTA","Industry","UK","2019","Original Score","2019-02-10","A Star Is Born","https://www.bafta.org/media-centre/press-releases/winners-announced-ee-british-academy-film-awards-in-2019/"
"BAFTA","Industry","UK","2020","Original Score","2020-02-02","Hildur Guðnadóttir","https://www.bafta.org/media-centre/press-releases/winners-announced-ee-british-academy-film-awards-2020/"
"BAFTA","Industry","UK","2021","Original Score","2021-04-11","Soul (Jon Batiste, Trent Reznor, and Atticus Ross)","https://en.wikipedia.org/wiki/74th_British_Academy_Film_Awards"
"BAFTA","Industry","UK","2022","Original Score","2022-03-13","Hans Zimmer (Dune)","https://en.wikipedia.org/wiki/75th_British_Academy_Film_Awards"
"BAFTA","Industry","UK","2023","Original Score","2023-02-19","Volker Bertelmann (All Quiet on the Western Front)","https://www.bafta.org/media-centre/press-releases/ee-bafta-film-awards-winners-announced-2023/"
"BAFTA","Industry","UK","2024","Original Score","2024-02-18","Ludwig Göransson (Oppenheimer)","https://www.bbc.com/news/entertainment-arts-68332535"
"BAFTA","Industry","UK","2025","Original Score","2025-02-16","Daniel Blumberg - The Brutalist","https://www.bbc.com/news/articles/cp3j3wdxxxgo"
"BAFTA","Industry","UK","2026","Original Score","2026-02-22","Sinners - Ludwig Göransson","https://www.bafta.org/media-centre/press-releases/winners-announced-2026-film-awards/"
"BAFTA","Industry","UK","2000","Costume Design","2000-04-09","Sleepy Hollow (Colleen Atwood)","https://www.bafta.org/awards/film/costume-design/"
"BAFTA","Industry","UK","2001","Costume Design","2001-02-25","Tim Yip (Crouching Tiger, Hidden Dragon)","https://www.bafta.org/awards/film/costume-design/"
"BAFTA","Industry","UK","2002","Costume Design","2002-02-24","Jenny Beavan (Gosford Park)","https://en.wikipedia.org/wiki/55th_British_Academy_Film_Awards"
"BAFTA","Industry","UK","2003","Costume Design","2003-02-23","The Lord of the Rings: The Two Towers (Ngila Dickson, Richard Taylor)","https://www.bafta.org/awards/film/costume-design/"
"BAFTA","Industry","UK","2004","Costume Design","2004-02-15","Wendy Stites (Master and Commander: The Far Side of the World)","https://www.bafta.org/awards/film/costume-design/"
"BAFTA","Industry","UK","2005","Costume Design","2005-02-12","Jacqueline Durran (Vera Drake)","https://en.wikipedia.org/wiki/58th_British_Academy_Film_Awards"
"BAFTA","Industry","UK","2006","Costume Design","2006-02-19","Colleen Atwood (Memoirs of a Geisha)","https://www.bafta.org/awards/film/costume-design/"
"BAFTA","Industry","UK","2007","Costume Design","2007-02-11","Pan's Labyrinth (Lala Huete)","https://www.bafta.org/awards/film/costume-design/"
"BAFTA","Industry","UK","2008","Costume Design","2008-02-10","Marit Allen (La Vie En Rose)","https://www.bafta.org/awards/film/costume-design/"
"BAFTA","Industry","UK","2009","Costume Design","2009-02-08","Michael O'Connor (The Duchess)","https://www.bafta.org/awards/film/costume-design/"
"BAFTA","Industry","UK","2010","Costume Design","2010-02-21","The Young Victoria","https://www.bafta.org/media-centre/press-releases/film-awards-in-2010-winners-announced/"
"BAFTA","Industry","UK","2011","Costume Design","2011-02-13","Colleen Atwood (Alice in Wonderland)","https://www.bafta.org/awards/film/costume-design/"
"BAFTA","Industry","UK","2012","Costume Design","2012-02-12","The Artist","https://www.bafta.org/media-centre/press-releases/2012-orange-british-academy-film-awards-winners-announced/"
"BAFTA","Industry","UK","2013","Costume Design","2013-02-10","Jacqueline Durran (Anna Karenina)","https://www.bafta.org/media-centre/press-releases/ee-british-academy-film-awards-in-2013-winners-press-conference-costume-design/"
"BAFTA","Industry","UK","2014","Costume Design","2014-02-16","Catherine Martin (The Great Gatsby)","https://www.bafta.org/awards/film/costume-design/"
"BAFTA","Industry","UK","2015","Costume Design","2015-02-08","Milena Canonero (The Grand Budapest Hotel)","https://awards.bafta.org/award/2015/film/costume-design"
"BAFTA","Industry","UK","2016","Costume Design","2016-02-14","Jenny Beavan (Mad Max: Fury Road)","https://www.bafta.org/awards/film/costume-design/"
"BAFTA","Industry","UK","2017","Costume Design","2017-02-12","Jackie (Madeline Fontaine)","https://www.theguardian.com/film/2017/feb/12/baftas-2017-film-full-list-of-winners"
"BAFTA","Industry","UK","2018","Costume Design","2018-02-18","Mark Bridges (Phantom Thread)","https://www.bafta.org/awards/film/costume-design/"
"BAFTA","Industry","UK","2019","Costume Design","2019-02-10","Sandy Powell","https://www.bafta.org/media-centre/press-releases/winners-announced-ee-british-academy-film-awards-in-2019/"
"BAFTA","Industry","UK","2020","Costume Design","2020-02-02","Jacqueline Durran (Little Women)","https://www.bafta.org/awards/film/costume-design/"
"BAFTA","Industry","UK","2021","Costume Design","2021-04-10","Ma Rainey's Black Bottom (Ann Roth)","https://www.bafta.org/awards/film/costume-design/"
"BAFTA","Industry","UK","2022","Costume Design","2022-03-13","Jenny Beavan (Cruella)","https://www.bafta.org/awards/film/costume-design/"
"BAFTA","Industry","UK","2023","Costume Design","2023-02-19","Catherine Martin (Elvis)","https://www.bafta.org/awards/film/costume-design/"
"BAFTA","Industry","UK","2024","Costume Design","2024-02-18","Holly Waddington (Poor Things)","https://www.bafta.org/awards/film/costume-design"
"BAFTA","Industry","UK","2025","Costume Design","2025-02-16","Wicked (Paul Tazewell)","https://www.bbc.com/news/articles/cp3j3wdxxxgo"
"BAFTA","Industry","UK","2026","Costume Design","2026-02-22","Kate Hawley (Frankenstein)","https://variety.com/lists/bafta-film-awards-2026-winners-list/"
"BAFTA","Industry","UK","2000","Make Up & Hair","2000-04-09","Christine Blundell (Topsy-Turvy)","https://en.wikipedia.org/wiki/53rd_British_Academy_Film_Awards"
"BAFTA","Industry","UK","2001","Make Up & Hair","2001-02-25","Rick Baker, Kazuhiro Tsuji, Toni G, Gail Ryan, Sylvia Nava (How the Grinch Stole Christmas)","https://en.wikipedia.org/wiki/54th_British_Academy_Film_Awards"
"BAFTA","Industry","UK","2002","Make Up & Hair","2002-02-24","The Lord of the Rings: The Fellowship of the Ring (Peter Owen, Peter King, Richard Taylor)","https://www.bafta.org/awards/film/make-up-hair/"
"BAFTA","Industry","UK","2003","Make Up & Hair","2003-02-23","Frida (Judy Chin, Beatrice De Alba, John E. Jackson, Regina Reyes)","https://en.wikipedia.org/wiki/56th_British_Academy_Film_Awards"
"BAFTA","Industry","UK","2004","Make Up & Hair","2004-02-15","Pirates of the Caribbean: The Curse of the Black Pearl","http://news.bbc.co.uk/2/hi/entertainment/3490323.stm"
"BAFTA","Industry","UK","2005","Make Up & Hair","2005-02-12","The Aviator - Morag Ross, Kathryn Blondell, Sian Grigg","https://en.wikipedia.org/wiki/58th_British_Academy_Film_Awards"
"BAFTA","Industry","UK","2006","Make Up & Hair","2006-02-19","The Chronicles of Narnia: The Lion, the Witch and the Wardrobe (Howard Berger, Gregory Nicotero, Nikki Gooley)","https://www.bafta.org/awards/film/make-up-hair/2006"
"BAFTA","Industry","UK","2007","Make Up & Hair","2007-02-11","José Quetglas, Blanca Sánchez (Pan's Labyrinth)","https://awards.bafta.org/award/2007/film/make-up-and-hair"
"BAFTA","Industry","UK","2008","Make Up & Hair","2008-02-10","La Vie en Rose (Jan Archibald and Didier Lavergne)","https://en.wikipedia.org/wiki/61st_British_Academy_Film_Awards"
"BAFTA","Industry","UK","2009","Make Up & Hair","2009-02-08","The Curious Case of Benjamin Button","https://www.bafta.org/media-centre/press-releases/film-awards-in-2009-winners-announced/"
"BAFTA","Industry","UK","2010","Make Up & Hair","2010-02-21","The Young Victoria","https://awards.bafta.org/award/2010/film/make-up-and-hair"
"BAFTA","Industry","UK","2011","Make Up & Hair","2011-02-13","Alice in Wonderland (Valli O’Reilly, Paul Gooch)","https://www.bafta.org/media-centre/press-releases/film-awards-2011-winners-list/"
"BAFTA","Industry","UK","2012","Make Up & Hair","2012-02-12","The Iron Lady (Mark Coulier, J. Roy Helland, Marese Langan)","https://www.bafta.org/media-centre/press-releases/2012-orange-british-academy-film-awards-winners-announced/"
"BAFTA","Industry","UK","2013","Make Up & Hair","2013-02-10","Lisa Westcott (Les Misérables)","https://www.bafta.org/awards/film/make-up-hair/"
"BAFTA","Industry","UK","2014","Make Up & Hair","2014-02-16","American Hustle","https://www.the-independent.com/arts-entertainment/films/news/baftas-2014-winners-list-in-full-9132397.html"
"BAFTA","Industry","UK","2015","Make Up & Hair","2015-02-08","The Grand Budapest Hotel (Frances Hannon, Mark Coulier)","https://www.bafta.org/awards/film/make-up-hair/"
"BAFTA","Industry","UK","2016","Make Up & Hair","2016-02-14","Mad Max: Fury Road (Lesley Vanderwalt, Damian Martin)","https://www.hollywoodreporter.com/lists/2016-bafta-winners-complete-list-856951/"
"BAFTA","Industry","UK","2017","Make Up & Hair","2017-02-12","Florence Foster Jenkins (J. Roy Helland, Daniel Phillips)","https://en.wikipedia.org/wiki/70th_British_Academy_Film_Awards"
"BAFTA","Industry","UK","2018","Make Up & Hair","2018-02-18","Darkest Hour (David Malinowski, Ivana Primorac, Lucy Sibbick, Kazu Hiro)","https://www.bafta.org/film/awards/ee-british-academy-film-awards-in-2018"
"BAFTA","Industry","UK","2019","Make Up & Hair","2019-02-10","Nadia Stacey (The Favourite)","https://www.bafta.org/media-centre/press-releases/winners-announced-ee-british-academy-film-awards-in-2019/"
"BAFTA","Industry","UK","2020","Make Up & Hair","2020-02-02","Bombshell","https://www.bafta.org/media-centre/press-releases/winners-announced-ee-british-academy-film-awards-2020/"
"BAFTA","Industry","UK","2021","Make Up & Hair","2021-04-10","Ma Rainey's Black Bottom","https://www.bafta.org/media-centre/press-releases/ee-british-academy-film-awards-all-winners-announced"
"BAFTA","Industry","UK","2022","Make Up & Hair","2022-03-13","The Eyes of Tammy Faye (Linda Dowds, Stephanie Ingram, and Justin Raleigh)","https://en.wikipedia.org/wiki/75th_British_Academy_Film_Awards"
"BAFTA","Industry","UK","2023","Make Up & Hair","2023-02-19","Jason Baird, Mark Coulier, Louise Coulston, and Shane Thomas (Elvis)","https://www.hollywoodreporter.com/movies/movie-news/bafta-film-awards-winners-list-2023-1235329456/"
"BAFTA","Industry","UK","2024","Make Up & Hair","2024-02-18","Poor Things (Nadia Stacey, Mark Coulier, Josh Weston)","https://www.bbc.com/news/entertainment-arts-68332535"
"BAFTA","Industry","UK","2025","Make Up & Hair","2025-02-16","The Substance (Pierre-Olivier Persin, Stéphanie Guillon, Frédérique Arguello, Marilyne Scarselli)","https://www.bafta.org/media-centre/press-releases/winners-announced-2025-ee-bafta-film-awards/"
"BAFTA","Industry","UK","2026","Make Up & Hair","2026-02-22","Frankenstein (Jordan Samuel, Cliona Furey, Mike Hill, Megan Many)","https://www.bafta.org/media-centre/press-releases/winners-announced-2026-film-awards/"
"BAFTA","Industry","UK","2000","Production Design","2000-04-09","Rick Heinrichs (Sleepy Hollow)","https://en.wikipedia.org/wiki/53rd_British_Academy_Film_Awards"
"BAFTA","Industry","UK","2001","Production Design","2001-02-25","Arthur Max (Gladiator)","https://www.bafta.org/awards/film/production-design/"
"BAFTA","Industry","UK","2002","Production Design","2002-02-24","Aline Bonetto (Amélie)","https://en.wikipedia.org/wiki/55th_British_Academy_Film_Awards"
"BAFTA","Industry","UK","2003","Production Design","2003-02-23","Road to Perdition (Dennis Gassner)","https://en.wikipedia.org/wiki/56th_British_Academy_Film_Awards"
"BAFTA","Industry","UK","2004","Production Design","2004-02-15","Master and Commander: The Far Side of the World (William Sandell)","https://en.wikipedia.org/wiki/57th_British_Academy_Film_Awards"
"BAFTA","Industry","UK","2005","Production Design","2005-02-12","Dante Ferretti (The Aviator)","https://en.wikipedia.org/wiki/58th_British_Academy_Film_Awards"
"BAFTA","Industry","UK","2006","Production Design","2006-02-19","Stuart Craig (Harry Potter and the Goblet of Fire)","https://en.wikipedia.org/wiki/59th_British_Academy_Film_Awards"
"BAFTA","Industry","UK","2007","Production Design","2007-02-11","Children of Men","http://news.bbc.co.uk/2/hi/entertainment/6254717.stm"
"BAFTA","Industry","UK","2008","Production Design","2008-02-10","Atonement (Sarah Greenwood, Katie Spencer)","https://en.wikipedia.org/wiki/61st_British_Academy_Film_Awards"
"BAFTA","Industry","UK","2009","Production Design","2009-02-08","The Curious Case of Benjamin Button (Donald Graham Burt, Victor J. Zolfo)","https://www.bafta.org/awards/film/production-design/"
"BAFTA","Industry","UK","2010","Production Design","2010-02-21","Avatar","https://www.bafta.org/media-centre/press-releases/film-awards-in-2010-winners-announced/"
"BAFTA","Industry","UK","2011","Production Design","2011-02-13","Inception (Guy Hendrix Dyas, Larry Dias, Doug Mowat)","https://www.bafta.org/media-centre/press-releases/film-awards-2011-winners-announced/"
"BAFTA","Industry","UK","2012","Production Design","2012-02-12","Hugo","https://www.bafta.org/media-centre/press-releases/2012-orange-british-academy-film-awards-winners-announced/"
"BAFTA","Industry","UK","2013","Production Design","2013-02-10","Les Misérables (Eve Stewart, Anna Lynch-Robinson)","https://www.screendaily.com/baftas-2013-winners/5051829.article"
"BAFTA","Industry","UK","2014","Production Design","2014-02-16","The Great Gatsby (Catherine Martin, Beverley Dunn)","https://www.bafta.org/media-centre/press-releases/ee-british-academy-film-awards-winners-announced-4/"
"BAFTA","Industry","UK","2015","Production Design","2015-02-08","The Grand Budapest Hotel (Adam Stockhausen, Anna Pinnock)","https://www.bfi.org.uk/news/baftas-2015-winners-full"
"BAFTA","Industry","UK","2016","Production Design","2016-02-14","Colin Gibson and Lisa Thompson (Mad Max: Fury Road)","https://en.wikipedia.org/wiki/69th_British_Academy_Film_Awards"
"BAFTA","Industry","UK","2017","Production Design","2017-02-12","Fantastic Beasts and Where to Find Them (Stuart Craig, Anna Pinnock)","https://www.bafta.org/media-centre/press-releases/winners-announced-for-the-ee-british-academy-film-awards-in-2017/"
"BAFTA","Industry","UK","2018","Production Design","2018-02-18","The Shape of Water (Paul Denham Austerberry, Jeff Melvin, Shane Vieau)","https://en.wikipedia.org/wiki/71st_British_Academy_Film_Awards"
"BAFTA","Industry","UK","2019","Production Design","2019-02-10","Fiona Crombie, Alice Felton","https://www.bafta.org/media-centre/press-releases/winners-announced-ee-british-academy-film-awards-in-2019/"
"BAFTA","Industry","UK","2020","Production Design","2020-02-02","Dennis Gassner, Lee Sandales (1917)","https://en.wikipedia.org/wiki/73rd_British_Academy_Film_Awards"
"BAFTA","Industry","UK","2021","Production Design","2021-04-10","Mank (Donald Graham Burt, Jan Pascale)","https://www.hollywoodreporter.com/movies/movie-news/bafta-awards-2021-craft-winners-list-4163768/"
"BAFTA","Industry","UK","2022","Production Design","2022-03-13","Dune (Patrice Vermette, Zsuzsanna Sipos)","https://en.wikipedia.org/wiki/75th_British_Academy_Film_Awards"
"BAFTA","Industry","UK","2023","Production Design","2023-02-19","Babylon (Florencia Martin, Anthony Carlino)","https://www.bafta.org/media-centre/press-releases/ee-bafta-film-awards-winners-announced-2023/"
"BAFTA","Industry","UK","2024","Production Design","2024-02-18","Shona Heath, James Price, Zsuzsa Mihalek (Poor Things)","https://www.bafta.org/media-centre/press-releases/winners-announced-ee-bafta-film-awards/"
"BAFTA","Industry","UK","2025","Production Design","2025-02-16","Wicked","https://www.bafta.org/media-centre/press-releases/winners-announced-2025-ee-bafta-film-awards/"
"BAFTA","Industry","UK","2026","Production Design","2026-02-22","Frankenstein (Tamara Deverell, Shane Vieau)","https://www.bafta.org/media-centre/press-releases/winners-announced-2026-film-awards/"
"BAFTA","Industry","UK","2000","Sound","2000-04-09","The Matrix (David Lee, John Reitz, Gregg Rudloff, David Campbell, Dane A Davis)","https://www.bafta.org/awards/film/sound/"
"BAFTA","Industry","UK","2001","Sound","2001-02-25","Jeff Wexler, Doug Hemphill, Rick Kline, Paul Massey, and Mike Wilhoit (Almost Famous)","https://en.wikipedia.org/wiki/54th_British_Academy_Film_Awards"
"BAFTA","Industry","UK","2002","Sound","2002-02-24","Moulin Rouge! (Anna Behlmer, Andy Nelson, Roger Savage, Guntis Sics, Gareth Vanderhope, and Antony Gray)","https://en.wikipedia.org/wiki/55th_British_Academy_Film_Awards"
"BAFTA","Industry","UK","2003","Sound","2003-02-23","Chicago (Michael Minkler, Dominick Tavella, David Lee, and Maurice Schell)","https://en.wikipedia.org/wiki/56th_British_Academy_Film_Awards"
"BAFTA","Industry","UK","2004","Sound","2004-02-15","Master and Commander: The Far Side of the World","https://www.bafta.org/awards/film/sound/"
"BAFTA","Industry","UK","2005","Sound","2005-02-12","Ray (Steve Cantamessa, Scott Millan, Greg Orloff, Bob Beemer)","https://en.wikipedia.org/wiki/58th_British_Academy_Film_Awards"
"BAFTA","Industry","UK","2006","Sound","2006-02-19","Walk the Line (Paul Massey, Doug Hemphill, Peter Kurland, Donald Sylvester)","https://www.bafta.org/awards/film/sound/"
"BAFTA","Industry","UK","2007","Sound","2007-02-11","Casino Royale (Chris Munro, Eddy Joseph, Mike Prestwood Smith, Martin Cantwell, Mark Taylor)","https://www.filmaffinity.com/en/awards-history.php?cat-id=bafta_best_sound"
"BAFTA","Industry","UK","2008","Sound","2008-02-10","The Bourne Ultimatum (Kirk Francis, Scott Millan, Dave Parker, Karen Baker Landers, Per Hallberg)","https://www.bafta.org/awards/film/sound/"
"BAFTA","Industry","UK","2009","Sound","2009-02-08","Slumdog Millionaire (Glenn Freemantle, Resul Pookutty, Richard Pryke, Tom Sayers, Ian Tapp)","https://www.bafta.org/media-centre/press-releases/film-awards-in-2009-winners-announced/"
"BAFTA","Industry","UK","2010","Sound","2010-02-21","The Hurt Locker","https://www.bafta.org/media-centre/press-releases/film-awards-in-2010-winners-announced/"
"BAFTA","Industry","UK","2011","Sound","2011-02-13","Inception (Richard King, Lora Hirschberg, Gary A. Rizzo, Ed Novick)","https://www.bafta.org/media-centre/press-releases/film-awards-2011-winners-list/"
"BAFTA","Industry","UK","2012","Sound","2012-02-12","Hugo (Philip Stockton, Eugene Gearty, Tom Fleischman, John Midgley)","https://awards.bafta.org/award/2012/film/sound"
"BAFTA","Industry","UK","2013","Sound","2013-02-10","Les Misérables (Simon Hayes, Andy Nelson, Mark Paterson, Jonathan Allen, Lee Walpole, John Warhurst)","https://www.bafta.org/media-centre/press-releases/ee-british-academy-film-awards-in-2013-winners-announced/"
"BAFTA","Industry","UK","2014","Sound","2014-02-16","Gravity (Glenn Freemantle, Skip Lievsay, Christopher Benstead, Niv Adiri, Chris Munro)","https://en.wikipedia.org/wiki/67th_British_Academy_Film_Awards"
"BAFTA","Industry","UK","2015","Sound","2015-02-08","Whiplash (Thomas Curley, Ben Wilkins, Craig Mann)","https://en.wikipedia.org/wiki/68th_British_Academy_Film_Awards"
"BAFTA","Industry","UK","2016","Sound","2016-02-14","The Revenant (Lon Bender, Chris Duesterdiek, Martin Hernández, Frank A. Montaño, Jon Taylor, Randy Thom)","https://en.wikipedia.org/wiki/69th_British_Academy_Film_Awards"
"BAFTA","Industry","UK","2017","Sound","2017-02-12","Arrival","https://www.bafta.org/media-centre/press-releases/winners-announced-for-the-ee-british-academy-film-awards-in-2017/"
"BAFTA","Industry","UK","2018","Sound","2018-02-18","Dunkirk","https://www.bafta.org/media-centre/press-releases/winners-announced-for-the-ee-british-academy-film-awards-in-2018/"
"BAFTA","Industry","UK","2019","Sound","2019-02-10","Bohemian Rhapsody","https://www.bafta.org/media-centre/press-releases/winners-announced-ee-british-academy-film-awards-in-2019/"
"BAFTA","Industry","UK","2020","Sound","2020-02-02","1917","https://www.bafta.org/media-centre/press-releases/winners-announced-ee-british-academy-film-awards-2020/"
"BAFTA","Industry","UK","2021","Sound","2021-04-10","Sound of Metal","https://www.hollywoodreporter.com/movies/movie-news/bafta-awards-2021-craft-winners-list-4163768/"
"BAFTA","Industry","UK","2022","Sound","2022-03-13","Dune","https://en.wikipedia.org/wiki/75th_British_Academy_Film_Awards"
"BAFTA","Industry","UK","2023","Sound","2023-02-19","All Quiet on the Western Front","https://www.bafta.org/media-centre/press-releases/ee-bafta-film-awards-winners-announced-2023/"
"BAFTA","Industry","UK","2024","Sound","2024-02-18","The Zone of Interest (Johnnie Burn, Tarn Willers)","https://www.bafta.org/awards/film/sound/"
"BAFTA","Industry","UK","2025","Sound","2025-02-16","Dune: Part Two (Ron Bartlett, Doug Hemphill, Gareth John, Richard King)","https://www.bbc.com/news/articles/cp3j3wdxxxgo"
"BAFTA","Industry","UK","2026","Sound","2026-02-22","F1","https://www.bafta.org/media-centre/press-releases/winners-announced-2026-film-awards/"
"BAFTA","Industry","UK","2000","Animated Film","","",""
"BAFTA","Industry","UK","2001","Animated Film","","",""
"BAFTA","Industry","UK","2002","Animated Film","2002-02-24","Category did not exist","https://en.wikipedia.org/wiki/55th_British_Academy_Film_Awards"
"BAFTA","Industry","UK","2003","Animated Film","","",""
"BAFTA","Industry","UK","2004","Animated Film","","",""
"BAFTA","Industry","UK","2005","Animated Film","","",""
"BAFTA","Industry","UK","2006","Animated Film","","",""
"BAFTA","Industry","UK","2007","Animated Film","2007-02-11","Happy Feet","https://en.wikipedia.org/wiki/60th_British_Academy_Film_Awards"
"BAFTA","Industry","UK","2008","Animated Film","2008-02-10","Ratatouille","https://awards.bafta.org/award/2008/film"
"BAFTA","Industry","UK","2009","Animated Film","2009-02-08","WALL-E","https://www.bafta.org/media-centre/press-releases/film-awards-in-2009-winners-announced/"
"BAFTA","Industry","UK","2010","Animated Film","2010-02-21","Up","https://www.bafta.org/media-centre/press-releases/film-awards-in-2010-winners-announced/"
"BAFTA","Industry","UK","2011","Animated Film","2011-02-13","Toy Story 3","https://www.bafta.org/media-centre/press-releases/film-awards-2011-winners-announced/"
"BAFTA","Industry","UK","2012","Animated Film","2012-02-12","Rango","https://www.bafta.org/media-centre/press-releases/2012-orange-british-academy-film-awards-winners-announced/"
"BAFTA","Industry","UK","2013","Animated Film","2013-02-10","Brave","https://en.wikipedia.org/wiki/66th_British_Academy_Film_Awards"
"BAFTA","Industry","UK","2014","Animated Film","2014-02-16","Frozen","https://awards.bafta.org/award/2014/film"
"BAFTA","Industry","UK","2015","Animated Film","2015-02-08","The LEGO Movie","https://www.bfi.org.uk/news/baftas-2015-winners-full"
"BAFTA","Industry","UK","2016","Animated Film","2016-02-14","Inside Out","https://en.wikipedia.org/wiki/69th_British_Academy_Film_Awards"
"BAFTA","Industry","UK","2017","Animated Film","2017-02-12","Kubo and the Two Strings","https://www.bafta.org/media-centre/press-releases/winners-announced-for-the-ee-british-academy-film-awards-in-2017/"
"BAFTA","Industry","UK","2018","Animated Film","2018-02-18","Coco","https://www.bafta.org/media-centre/press-releases/winners-announced-for-the-ee-british-academy-film-awards-in-2018/"
"BAFTA","Industry","UK","2019","Animated Film","2019-02-10","Spider-Man: Into the Spider-Verse","https://www.bafta.org/media-centre/press-releases/winners-announced-ee-british-academy-film-awards-in-2019/"
"BAFTA","Industry","UK","2020","Animated Film","2020-02-02","Klaus","https://en.wikipedia.org/wiki/73rd_British_Academy_Film_Awards"
"BAFTA","Industry","UK","2021","Animated Film","2021-04-11","Soul","https://en.wikipedia.org/wiki/74th_British_Academy_Film_Awards"
"BAFTA","Industry","UK","2022","Animated Film","2022-03-13","Encanto","https://en.wikipedia.org/wiki/75th_British_Academy_Film_Awards"
"BAFTA","Industry","UK","2023","Animated Film","2023-02-19","Guillermo del Toro's Pinocchio","https://www.bafta.org/media-centre/press-releases/ee-bafta-film-awards-winners-announced-2023/"
"BAFTA","Industry","UK","2024","Animated Film","2024-02-18","The Boy and the Heron","https://en.wikipedia.org/wiki/77th_British_Academy_Film_Awards"
"BAFTA","Industry","UK","2025","Animated Film","2025-02-16","Wallace & Gromit: Vengeance Most Fowl","https://www.bafta.org/media-centre/press-releases/winners-announced-2025-ee-bafta-film-awards/"
"BAFTA","Industry","UK","2026","Animated Film","2026-02-22","Zootropolis 2","https://www.bafta.org/media-centre/press-releases/winners-announced-2026-film-awards/"
"BAFTA","Industry","UK","2000","Film Not in the English Language","2000-04-09","All About My Mother","https://en.wikipedia.org/wiki/53rd_British_Academy_Film_Awards"
"BAFTA","Industry","UK","2001","Film Not in the English Language","2001-02-25","Crouching Tiger, Hidden Dragon","https://awards.bafta.org/award/2001/film/film-not-in-the-english-language"
"BAFTA","Industry","UK","2002","Film Not in the English Language","2002-02-24","Amores perros","https://en.wikipedia.org/wiki/55th_British_Academy_Film_Awards"
"BAFTA","Industry","UK","2003","Film Not in the English Language","2003-02-23","Talk to Her","https://en.wikipedia.org/wiki/56th_British_Academy_Film_Awards"
"BAFTA","Industry","UK","2004","Film Not in the English Language","2004-02-15","In This World","https://en.wikipedia.org/wiki/57th_British_Academy_Film_Awards"
"BAFTA","Industry","UK","2005","Film Not in the English Language","2005-02-12","The Motorcycle Diaries","https://en.wikipedia.org/wiki/58th_British_Academy_Film_Awards"
"BAFTA","Industry","UK","2006","Film Not in the English Language","2006-02-19","The Beat That My Heart Skipped","https://en.wikipedia.org/wiki/59th_British_Academy_Film_Awards"
"BAFTA","Industry","UK","2007","Film Not in the English Language","2007-02-11","Pan's Labyrinth","https://en.wikipedia.org/wiki/60th_British_Academy_Film_Awards"
"BAFTA","Industry","UK","2008","Film Not in the English Language","2008-02-10","The Lives of Others","https://www.bafta.org/awards/film/film-not-in-the-english-language/"
"BAFTA","Industry","UK","2009","Film Not in the English Language","2009-02-08","I’ve Loved You So Long","https://www.bafta.org/media-centre/press-releases/film-awards-in-2009-winners-announced/"
"BAFTA","Industry","UK","2010","Film Not in the English Language","2010-02-21","A Prophet","https://en.wikipedia.org/wiki/63rd_British_Academy_Film_Awards"
"BAFTA","Industry","UK","2011","Film Not in the English Language","2011-02-13","The Girl with the Dragon Tattoo","https://en.wikipedia.org/wiki/64th_British_Academy_Film_Awards"
"BAFTA","Industry","UK","2012","Film Not in the English Language","2012-02-12","The Skin I Live In","https://www.bafta.org/media-centre/press-releases/2012-orange-british-academy-film-awards-winners-announced/"
"BAFTA","Industry","UK","2013","Film Not in the English Language","2013-02-10","Amour","https://www.bafta.org/awards/film/film-not-in-the-english-language/"
"BAFTA","Industry","UK","2014","Film Not in the English Language","2014-02-16","The Great Beauty","https://www.bbc.com/news/entertainment-arts-26218678"
"BAFTA","Industry","UK","2015","Film Not in the English Language","2015-02-08","Ida","https://en.wikipedia.org/wiki/68th_British_Academy_Film_Awards"
"BAFTA","Industry","UK","2016","Film Not in the English Language","2016-02-14","Wild Tales","https://en.wikipedia.org/wiki/69th_British_Academy_Film_Awards"
"BAFTA","Industry","UK","2017","Film Not in the English Language","2017-02-12","Son of Saul","https://www.bafta.org/media-centre/press-releases/winners-announced-for-the-ee-british-academy-film-awards-in-2017/"
"BAFTA","Industry","UK","2018","Film Not in the English Language","2018-02-18","The Handmaiden","https://en.wikipedia.org/wiki/71st_British_Academy_Film_Awards"
"BAFTA","Industry","UK","2019","Film Not in the English Language","2019-02-10","Roma","https://en.wikipedia.org/wiki/72nd_British_Academy_Film_Awards"
"BAFTA","Industry","UK","2020","Film Not in the English Language","2020-02-02","Parasite","https://www.bafta.org/media-centre/press-releases/winners-announced-ee-british-academy-film-awards-2020/"
"BAFTA","Industry","UK","2021","Film Not in the English Language","2021-04-11","Another Round","https://en.wikipedia.org/wiki/74th_British_Academy_Film_Awards"
"BAFTA","Industry","UK","2022","Film Not in the English Language","2022-03-13","Drive My Car","https://variety.com/2022/film/awards/bafta-film-awards-2022-winners-1235203261/"
"BAFTA","Industry","UK","2023","Film Not in the English Language","2023-02-19","All Quiet on the Western Front","https://www.hollywoodreporter.com/movies/movie-news/bafta-film-awards-winners-list-2023-1235329456/"
"BAFTA","Industry","UK","2024","Film Not in the English Language","2024-02-18","The Zone of Interest","https://variety.com/2024/film/awards/bafta-film-awards-2024-winners-list-1235913491/"
"BAFTA","Industry","UK","2025","Film Not in the English Language","2025-02-16","Emilia Pérez","https://www.hollywoodreporter.com/movies/movie-news/bafta-awards-2025-winners-list-film-1236136679/"
"BAFTA","Industry","UK","2026","Film Not in the English Language","2026-02-22","Sentimental Value","https://www.bafta.org/media-centre/press-releases/winners-announced-2026-film-awards/"
"BAFTA","Industry","UK","2000","Documentary","2000-05-14","True Stories – Divorce Iranian Style","https://www.bafta.org/awards/television?award-year=2000"
"BAFTA","Industry","UK","2001","Documentary","2001-05-13","True Stories: 100% White (Leo Regan)","https://www.bafta.org/awards/television?award-year=2001"
"BAFTA","Industry","UK","2002","Documentary","2002-04-21","Kelly and Her Sisters","https://en.wikipedia.org/wiki/2002_British_Academy_Television_Awards"
"BAFTA","Industry","UK","2003","Documentary","2003-04-13","Feltham Sings","https://en.wikipedia.org/wiki/2003_British_Academy_Television_Awards"
"BAFTA","Industry","UK","2004","Documentary","2004-04-18","One Life: Lager, Mum And Me","https://en.wikipedia.org/wiki/2004_British_Academy_Television_Awards"
"BAFTA","Industry","UK","2005","Documentary","2005-04-17","The Orphans of Nkandla","https://en.wikipedia.org/wiki/2005_British_Academy_Television_Awards"
"BAFTA","Industry","UK","2006","Documentary","2006-05-07","Make Me Normal","http://news.bbc.co.uk/2/hi/entertainment/4983252.stm"
"BAFTA","Industry","UK","2007","Documentary","2007-05-20","Evicted","https://en.wikipedia.org/wiki/2007_British_Academy_Television_Awards"
"BAFTA","Industry","UK","2008","Documentary","2008-04-20","Lie of the Land","https://en.wikipedia.org/wiki/2008_British_Academy_Television_Awards"
"BAFTA","Industry","UK","2009","Documentary","2009-02-08","Man on Wire (Outstanding British Film)","https://www.bafta.org/media-centre/press-releases/film-awards-in-2009-winners-announced/"
"BAFTA","Industry","UK","2010","Documentary","","",""
"BAFTA","Industry","UK","2011","Documentary","2011-05-22","Between Life And Death","https://www.bafta.org/television/awards/television-awards-winners-in-2011"
"BAFTA","Industry","UK","2012","Documentary","2012-02-12","Senna","https://www.bafta.org/media-centre/press-releases/2012-orange-british-academy-film-awards-winners-announced/"
"BAFTA","Industry","UK","2013","Documentary","2013-02-10","Searching for Sugar Man","https://www.bafta.org/media-centre/press-releases/ee-british-academy-film-awards-in-2013-winners-announced/"
"BAFTA","Industry","UK","2014","Documentary","2014-02-16","The Act of Killing","https://www.bafta.org/media-centre/press-releases/ee-british-academy-film-awards-in-2014-winners-acceptance-speech-documentary"
"BAFTA","Industry","UK","2015","Documentary","2015-02-08","Citizenfour","https://en.wikipedia.org/wiki/68th_British_Academy_Film_Awards"
"BAFTA","Industry","UK","2016","Documentary","2016-02-14","Amy","https://en.wikipedia.org/wiki/69th_British_Academy_Film_Awards"
"BAFTA","Industry","UK","2017","Documentary","2017-02-12","13th","https://www.bafta.org/media-centre/press-releases/winners-announced-for-the-ee-british-academy-film-awards-in-2017/"
"BAFTA","Industry","UK","2018","Documentary","2018-02-18","I Am Not Your Negro","https://www.bafta.org/media-centre/press-releases/winners-announced-for-the-ee-british-academy-film-awards-in-2018/"
"BAFTA","Industry","UK","2019","Documentary","2019-02-10","Free Solo","https://en.wikipedia.org/wiki/72nd_British_Academy_Film_Awards"
"BAFTA","Industry","UK","2020","Documentary","2020-02-02","For Sama","https://www.bafta.org/media-centre/press-releases/winners-announced-ee-british-academy-film-awards-2020/"
"BAFTA","Industry","UK","2021","Documentary","2021-04-11","My Octopus Teacher","https://www.the-independent.com/arts-entertainment/films/news/bafta-winners-list-2021-baftas-b1829849.html"
"BAFTA","Industry","UK","2022","Documentary","2022-03-13","Summer of Soul (...Or, When the Revolution Could Not Be Televised)","https://en.wikipedia.org/wiki/75th_British_Academy_Film_Awards"
"BAFTA","Industry","UK","2023","Documentary","2023-02-19","Navalny","https://www.bafta.org/media-centre/press-releases/ee-bafta-film-awards-winners-announced-2023/"
"BAFTA","Industry","UK","2024","Documentary","2024-02-18","20 Days in Mariupol","https://www.pbs.org/wgbh/frontline/article/frontline-and-ap-documentary-20-days-in-mariupol-wins-best-documentary-at-2024-ee-bafta-film-awards/"
"BAFTA","Industry","UK","2025","Documentary","2025-02-16","Super/Man: The Christopher Reeve Story","https://deadline.com/2025/02/bafta-film-awards-winners-list-conclave-emilia-perez-2025-1236291491/"
"BAFTA","Industry","UK","2026","Documentary","2026-02-22","Mr. Nobody Against Putin","https://www.bafta.org/media-centre/press-releases/winners-announced-2026-film-awards/"
"BAFTA","Industry","UK","2000","British Short Animation","2000-04-09","The Man With The Beautiful Eyes (Jonathan Bairstow, Jonathan Hodgson)","https://www.bafta.org/awards/film/short-animated-film/"
"BAFTA","Industry","UK","2001","British Short Animation","2001-02-25","Father and Daughter (Michael Dudok de Wit, Claire Jennings, Willem Thijssen)","https://awards.bafta.org/award/2001/film/british-short-animation"
"BAFTA","Industry","UK","2002","British Short Animation","2002-02-24","Dog","http://news.bbc.co.uk/2/hi/entertainment/1839175.stm"
"BAFTA","Industry","UK","2003","British Short Animation","2003-02-23","Fish Never Sleep","https://en.wikipedia.org/wiki/56th_British_Academy_Film_Awards"
"BAFTA","Industry","UK","2004","British Short Animation","2004-02-15","Jo Jo in the Stars","https://en.wikipedia.org/wiki/57th_British_Academy_Film_Awards"
"BAFTA","Industry","UK","2005","British Short Animation","2005-02-12","Birthday Boy (Andrew Gregory and Sejong Park)","https://en.wikipedia.org/wiki/58th_British_Academy_Film_Awards"
"BAFTA","Industry","UK","2006","British Short Animation","2006-02-19","Fallen Art (Jarek Sawko, Piotr Sikora, Tomasz Bagiński)","https://www.screendaily.com/bafta-2006-winners-in-full/4026239.article"
"BAFTA","Industry","UK","2007","British Short Animation","2007-02-11","Guy 101","https://en.wikipedia.org/wiki/60th_British_Academy_Film_Awards"
"BAFTA","Industry","UK","2008","British Short Animation","2008-02-10","The Pearce Sisters","https://en.wikipedia.org/wiki/61st_British_Academy_Film_Awards"
"BAFTA","Industry","UK","2009","British Short Animation","2009-02-08","A Matter of Loaf and Death","https://www.bafta.org/media-centre/press-releases/film-awards-in-2009-winners-announced/"
"BAFTA","Industry","UK","2010","British Short Animation","2010-02-21","Mother of Many","https://www.bafta.org/media-centre/press-releases/film-awards-in-2010-winners-announced/"
"BAFTA","Industry","UK","2011","British Short Animation","2011-02-13","The Eagleman Stag","https://www.bafta.org/media-centre/press-releases/film-awards-2011-winners-announced/"
"BAFTA","Industry","UK","2012","British Short Animation","2012-02-12","A Morning Stroll (Grant Orchard and Sue Goffe)","https://www.theguardian.com/film/2012/feb/12/baftas-2012-winners-full-list"
"BAFTA","Industry","UK","2013","British Short Animation","2013-02-10","The Making of Longbird (Will Anderson, Ainslie Henderson)","https://www.bafta.org/media-centre/press-releases/ee-british-academy-film-awards-in-2013-winners-announced/"
"BAFTA","Industry","UK","2014","British Short Animation","2014-02-16","Sleeping with the Fishes","https://awards.bafta.org/award/2014/film/british-short-animation"
"BAFTA","Industry","UK","2015","British Short Animation","2015-02-08","The Bigger Picture (Chris Hees, Daisy Jacobs, Jennifer Majka)","https://www.bafta.org/awards/film/british-short-animation/"
"BAFTA","Industry","UK","2016","British Short Animation","2016-02-14","Edmond (Nina Gantz, Emilie Jouffroy)","https://www.bfi.org.uk/news/baftas-2016-winners-full"
"BAFTA","Industry","UK","2017","British Short Animation","2017-02-12","A Love Story (Khaled Gad, Anushka Kishani Naanayakkara, Elena Ruscombe-King)","https://www.bafta.org/media-centre/press-releases/winners-announced-for-the-ee-british-academy-film-awards-in-2017/"
"BAFTA","Industry","UK","2018","British Short Animation","2018-02-18","Poles Apart","https://www.bafta.org/awards/film/british-short-animation/"
"BAFTA","Industry","UK","2019","British Short Animation","2019-02-10","Roughhouse","https://www.bafta.org/media-centre/press-releases/winners-announced-ee-british-academy-film-awards-in-2019/"
"BAFTA","Industry","UK","2020","British Short Animation","2020-02-02","Grandad Was a Romantic","https://www.bafta.org/media-centre/press-releases/winners-announced-ee-british-academy-film-awards-2020/"
"BAFTA","Industry","UK","2021","British Short Animation","2021-04-10","The Owl and the Pussycat","https://www.bafta.org/film/awards/2021-nominations-winners-list"
"BAFTA","Industry","UK","2022","British Short Animation","2022-03-13","Do Not Feed the Pigeons (Jordi Morera, Antonin Niclass, and Vladimir Krasilnikov)","https://en.wikipedia.org/wiki/75th_British_Academy_Film_Awards"
"BAFTA","Industry","UK","2023","British Short Animation","2023-02-19","The Boy, the Mole, the Fox and the Horse","https://www.bafta.org/awards/film/british-short-animation/"
"BAFTA","Industry","UK","2024","British Short Animation","2024-02-18","Crab Day","https://www.bafta.org/awards/film/british-short-animation/"
"BAFTA","Industry","UK","2025","British Short Animation","2025-02-16","Wander to Wonder","https://www.theguardian.com/film/2025/feb/16/baftas-2025-the-full-list-of-winners-live"
"BAFTA","Industry","UK","2026","British Short Animation","2026-02-22","Two Black Boys in Paradise","https://www.bafta.org/media-centre/press-releases/winners-announced-2026-film-awards/"
"BAFTA","Industry","UK","2000","British Short Film","2000-04-09","Who's My Favourite Girl?","https://awards.bafta.org/award/2000/film/short-film"
"BAFTA","Industry","UK","2001","British Short Film","2001-02-25","Shadowscan (Gary Holding, Justine Leahy, Tinge Krishnan)","http://news.bbc.co.uk/2/hi/entertainment/1189682.stm"
"BAFTA","Industry","UK","2002","British Short Film","2002-02-24","About a Girl","https://en.wikipedia.org/wiki/55th_British_Academy_Film_Awards"
"BAFTA","Industry","UK","2003","British Short Film","2003-02-23","My Wrongs 8245-8249 & 117","http://news.bbc.co.uk/2/hi/entertainment/2697563.stm"
"BAFTA","Industry","UK","2004","British Short Film","2004-02-15","Brown Paper Bag","http://news.bbc.co.uk/2/hi/entertainment/3490323.stm"
"BAFTA","Industry","UK","2005","British Short Film","2005-02-12","The Banker","https://awards.bafta.org/award/2005/film/short-film"
"BAFTA","Industry","UK","2006","British Short Film","2006-02-19","Antonio's Breakfast","https://en.wikipedia.org/wiki/59th_British_Academy_Film_Awards"
"BAFTA","Industry","UK","2007","British Short Film","2007-02-11","Do Not Erase","http://news.bbc.co.uk/2/hi/entertainment/6254717.stm"
"BAFTA","Industry","UK","2008","British Short Film","2008-02-10","Dog Altogether","https://www.bafta.org/media-centre/press-releases/60-seconds-of-fame-for-2008"
"BAFTA","Industry","UK","2009","British Short Film","2009-02-08","September","https://www.bafta.org/media-centre/press-releases/film-awards-in-2009-winners-announced/"
"BAFTA","Industry","UK","2010","British Short Film","2010-02-21","I Do Air","https://www.bafta.org/media-centre/press-releases/film-awards-in-2010-winners-announced/"
"BAFTA","Industry","UK","2011","British Short Film","2011-02-13","Until the River Runs Red","https://www.bafta.org/media-centre/press-releases/film-awards-2011-winners-list/"
"BAFTA","Industry","UK","2012","British Short Film","2012-02-12","Pitch Black Heist","https://www.bafta.org/media-centre/press-releases/2012-orange-british-academy-film-awards-winners-announced/"
"BAFTA","Industry","UK","2013","British Short Film","2013-02-10","Swimmer","https://www.bafta.org/media-centre/press-releases/ee-british-academy-film-awards-in-2013-winners-announced/"
"BAFTA","Industry","UK","2014","British Short Film","2014-02-16","Room 8","https://www.bafta.org/media-centre/press-releases/ee-british-academy-film-awards-in-2014-winners-acceptance-speech-short-film/"
"BAFTA","Industry","UK","2015","British Short Film","2015-02-08","Boogaloo and Graham","https://awards.bafta.org/award/2015/film"
"BAFTA","Industry","UK","2016","British Short Film","2016-02-14","Operator","https://www.bfi.org.uk/news/baftas-2016-winners-full"
"BAFTA","Industry","UK","2017","British Short Film","2017-02-12","Home","https://www.bafta.org/media-centre/press-releases/winners-announced-for-the-ee-british-academy-film-awards-in-2017/"
"BAFTA","Industry","UK","2018","British Short Film","2018-02-18","Cowboy Dave","https://www.bafta.org/media-centre/press-releases/winners-announced-for-the-ee-british-academy-film-awards-in-2018/"
"BAFTA","Industry","UK","2019","British Short Film","2019-02-10","73 Cows","https://www.bafta.org/media-centre/press-releases/winners-announced-ee-british-academy-film-awards-in-2019/"
"BAFTA","Industry","UK","2020","British Short Film","2020-02-02","Learning to Skateboard in a Warzone (If You're a Girl)","https://www.bafta.org/media-centre/press-releases/winners-announced-ee-british-academy-film-awards-2020/"
"BAFTA","Industry","UK","2021","British Short Film","2021-04-10","The Present","https://en.wikipedia.org/wiki/74th_British_Academy_Film_Awards"
"BAFTA","Industry","UK","2022","British Short Film","2022-03-13","The Black Cop","https://en.wikipedia.org/wiki/75th_British_Academy_Film_Awards"
"BAFTA","Industry","UK","2023","British Short Film","2023-02-19","An Irish Goodbye","https://en.wikipedia.org/wiki/76th_British_Academy_Film_Awards"
"BAFTA","Industry","UK","2024","British Short Film","2024-02-18","Jellyfish and Lobster","https://en.wikipedia.org/wiki/77th_British_Academy_Film_Awards"
"BAFTA","Industry","UK","2025","British Short Film","2025-02-16","Rock, Paper, Scissors","https://www.bbc.com/news/articles/cp3j3wdxxxgo"
"BAFTA","Industry","UK","2026","British Short Film","2026-02-22","This Is Endometriosis","https://www.bafta.org/media-centre/press-releases/winners-announced-2026-film-awards/"
"BAFTA","Industry","UK","2000","Special Visual Effects","2000-04-09","The Matrix (John Gaeta, Steve Courtley, Janek Sirrs, Jon Thum)","https://www.bafta.org/awards/film/achievement-in-special-visual-effects/"
"BAFTA","Industry","UK","2001","Special Visual Effects","2001-02-25","Stefen Fangmeier, John Frazier, Walt Conti, Habib Zargarpour, and Tim Alexander (The Perfect Storm)","http://news.bbc.co.uk/2/hi/entertainment/1189682.stm"
"BAFTA","Industry","UK","2002","Special Visual Effects","2002-02-24","The Lord of the Rings: The Fellowship of the Ring","https://en.wikipedia.org/wiki/55th_British_Academy_Film_Awards"
"BAFTA","Industry","UK","2003","Special Visual Effects","2003-02-23","The Lord Of The Rings: The Two Towers (Jim Rygiel, Joe Letteri, Randall William Cook, Alex Funke)","https://www.bafta.org/awards/film/achievement-in-special-visual-effects/"
"BAFTA","Industry","UK","2004","Special Visual Effects","2004-02-15","The Lord of the Rings: The Return of the King (Joe Letteri, Jim Rygiel, Randall William Cook, Alex Funke)","https://en.wikipedia.org/wiki/57th_British_Academy_Film_Awards"
"BAFTA","Industry","UK","2005","Special Visual Effects","2005-02-12","The Day After Tomorrow (Karen Goulekas, Neil Corbould, Greg Strause, Remo Balcells)","https://en.wikipedia.org/wiki/58th_British_Academy_Film_Awards"
"BAFTA","Industry","UK","2006","Special Visual Effects","2006-02-19","Joe Letteri, Christian Rivers, Brian Van't Hul, Richard Taylor (King Kong) [fe5f7e]","https://www.bafta.org/awards/search?search=2006&type=Film&pagenum=4"
"BAFTA","Industry","UK","2007","Special Visual Effects","2007-02-11","Pirates of the Caribbean: Dead Man's Chest (John Knoll, Hal Hickel, Charles Gibson, Allen Hall)","https://en.wikipedia.org/wiki/60th_British_Academy_Film_Awards"
"BAFTA","Industry","UK","2008","Special Visual Effects","2008-02-10","The Golden Compass (Michael Fink, Bill Westenhofer, Ben Morris, Trevor Wood)","https://www.bafta.org/awards/film/special-visual-effects/"
"BAFTA","Industry","UK","2009","Special Visual Effects","2009-02-08","The Curious Case of Benjamin Button (Eric Barba, Craig Barron, Nathan McGuinness, Edson Williams)","https://www.bafta.org/media-centre/press-releases/film-awards-in-2009-winners-announced/"
"BAFTA","Industry","UK","2010","Special Visual Effects","2010-02-21","Avatar (Joe Letteri, Stephen Rosenbaum, Richard Baneham, Andrew R. Jones)","https://www.bafta.org/media-centre/press-releases/film-awards-in-2010-winners-announced/"
"BAFTA","Industry","UK","2011","Special Visual Effects","2011-02-13","Inception","https://www.bafta.org/awards/film/special-visual-effects/"
"BAFTA","Industry","UK","2012","Special Visual Effects","2012-02-12","Harry Potter and the Deathly Hallows – Part 2","https://www.bafta.org/media-centre/press-releases/2012-orange-british-academy-film-awards-winners-announced/"
"BAFTA","Industry","UK","2013","Special Visual Effects","2013-02-10","Life of Pi","https://www.bafta.org/awards/film/special-visual-effects/"
"BAFTA","Industry","UK","2014","Special Visual Effects","2014-02-16","Gravity (Tim Webber, Chris Lawrence, David Shirk, Neil Corbould, Nikki Penny)","https://www.bfi.org.uk/news/baftas-2014-winners-full"
"BAFTA","Industry","UK","2015","Special Visual Effects","2015-02-08","Interstellar (Paul Franklin, Scott Fisher, Andrew Lockley, Ian Hunter)","https://www.bafta.org/awards/film/special-visual-effects/"
"BAFTA","Industry","UK","2016","Special Visual Effects","2016-02-14","Star Wars: The Force Awakens (Chris Corbould, Roger Guyett, Paul Kavanagh, Neal Scanlan)","https://www.bafta.org/awards/film/special-visual-effects/"
"BAFTA","Industry","UK","2017","Special Visual Effects","2017-02-12","The Jungle Book","https://www.bafta.org/media-centre/press-releases/winners-announced-for-the-ee-british-academy-film-awards-in-2017/"
"BAFTA","Industry","UK","2018","Special Visual Effects","2018-02-18","Blade Runner 2049 (Richard R. Hoover, Paul Lambert, Gerd Nefzer, John Nelson)","https://www.bafta.org/media-centre/press-releases/winners-announced-for-the-ee-british-academy-film-awards-in-2018/"
"BAFTA","Industry","UK","2019","Special Visual Effects","2019-02-10","Black Panther","https://www.bafta.org/media-centre/press-releases/winners-announced-ee-british-academy-film-awards-in-2019/"
"BAFTA","Industry","UK","2020","Special Visual Effects","2020-02-02","1917 (Greg Butler, Guillaume Rocheron, Dominic Tuohy)","https://en.wikipedia.org/wiki/73rd_British_Academy_Film_Awards"
"BAFTA","Industry","UK","2021","Special Visual Effects","2021-04-10","Tenet (Scott Fisher, Andrew Jackson, Andrew Lockley)","https://www.bafta.org/media-centre/press-releases/ee-british-academy-film-awards-all-winners-announced/"
"BAFTA","Industry","UK","2022","Special Visual Effects","2022-03-13","Dune","https://en.wikipedia.org/wiki/75th_British_Academy_Film_Awards"
"BAFTA","Industry","UK","2023","Special Visual Effects","2023-02-19","Avatar: The Way of Water","https://www.bafta.org/media-centre/press-releases/ee-bafta-film-awards-winners-announced-2023/"
"BAFTA","Industry","UK","2024","Special Visual Effects","2024-02-18","Poor Things","https://www.bafta.org/awards/film/special-visual-effects/"
"BAFTA","Industry","UK","2025","Special Visual Effects","2025-02-16","Dune: Part Two (Paul Lambert, Stephen James, Gerd Nefzer, Rhys Salcombe)","https://variety.com/2025/film/awards/bafta-film-awards-2025-winners-list-1236302717/"
"BAFTA","Industry","UK","2026","Special Visual Effects","2026-02-22","Avatar: Fire and Ash (Joe Letteri, Richard Baneham, Daniel Barrett, Eric Saindon)","https://www.bafta.org/media-centre/press-releases/winners-announced-2026-film-awards/"
"BAFTA","Industry","UK","2000","Casting","","",""
"BAFTA","Industry","UK","2001","Casting","","",""
"BAFTA","Industry","UK","2002","Casting","","",""
"BAFTA","Industry","UK","2003","Casting","","",""
"BAFTA","Industry","UK","2004","Casting","","",""
"BAFTA","Industry","UK","2005","Casting","","",""
"BAFTA","Industry","UK","2006","Casting","","",""
"BAFTA","Industry","UK","2007","Casting","","",""
"BAFTA","Industry","UK","2008","Casting","","",""
"BAFTA","Industry","UK","2009","Casting","","",""
"BAFTA","Industry","UK","2010","Casting","","",""
"BAFTA","Industry","UK","2011","Casting","","",""
"BAFTA","Industry","UK","2012","Casting","","","https://en.wikipedia.org/wiki/BAFTA_Award_for_Best_Casting"
"BAFTA","Industry","UK","2013","Casting","","",""
"BAFTA","Industry","UK","2014","Casting","","",""
"BAFTA","Industry","UK","2015","Casting","","",""
"BAFTA","Industry","UK","2016","Casting","","",""
"BAFTA","Industry","UK","2017","Casting","","",""
"BAFTA","Industry","UK","2018","Casting","","",""
"BAFTA","Industry","UK","2019","Casting","","",""
"BAFTA","Industry","UK","2020","Casting","2020-02-02","Shayna Markowitz (Joker)","https://www.bafta.org/media-centre/press-releases/winners-announced-ee-british-academy-film-awards-2020/"
"BAFTA","Industry","UK","2021","Casting","2021-04-10","Lucy Pardee (Rocks)","https://en.wikipedia.org/wiki/74th_British_Academy_Film_Awards"
"BAFTA","Industry","UK","2022","Casting","2022-03-13","Cindy Tolan (West Side Story)","https://www.bbc.com/news/entertainment-arts-60243683"
"BAFTA","Industry","UK","2023","Casting","2023-02-19","Nikki Barrett, Denise Chamian (Elvis)","https://www.hollywoodreporter.com/movies/movie-news/bafta-film-awards-winners-list-2023-1235329456/"
"BAFTA","Industry","UK","2024","Casting","2024-02-18","The Holdovers (Susan Shopmaker)","https://www.bbc.com/news/entertainment-arts-68332535"
"BAFTA","Industry","UK","2025","Casting","2025-02-16","Anora (Sean Baker and Samantha Quan)","https://www.bafta.org/media-centre/press-releases/winners-announced-2025-ee-bafta-film-awards/"
"BAFTA","Industry","UK","2026","Casting","2026-02-22","I Swear (Lauren Evans)","https://www.bafta.org/media-centre/press-releases/winners-announced-2026-film-awards/"
"Golden Globes","Industry","USA","2000","Best Motion Picture - Drama","2000-01-23","American Beauty","https://en.wikipedia.org/wiki/57th_Golden_Globe_Awards"
"Golden Globes","Industry","USA","2001","Best Motion Picture - Drama","2001-01-21","Gladiator","https://en.wikipedia.org/wiki/58th_Golden_Globe_Awards"
"Golden Globes","Industry","USA","2002","Best Motion Picture - Drama","2002-01-20","A Beautiful Mind","https://en.wikipedia.org/wiki/59th_Golden_Globes"
"Golden Globes","Industry","USA","2003","Best Motion Picture - Drama","2003-01-19","The Hours","https://en.wikipedia.org/wiki/60th_Golden_Globe_Awards"
"Golden Globes","Industry","USA","2004","Best Motion Picture - Drama","2004-01-25","The Lord of the Rings: The Return of the King","https://en.wikipedia.org/wiki/61st_Golden_Globe_Awards"
"Golden Globes","Industry","USA","2005","Best Motion Picture - Drama","2005-01-16","The Aviator","https://en.wikipedia.org/wiki/62nd_Golden_Globe_Awards"
"Golden Globes","Industry","USA","2006","Best Motion Picture - Drama","2006-01-16","Brokeback Mountain","https://en.wikipedia.org/wiki/63rd_Golden_Globes"
"Golden Globes","Industry","USA","2007","Best Motion Picture - Drama","2007-01-15","Babel","https://goldenglobes.com/articles/64th-golden-globe-award-winners/"
"Golden Globes","Industry","USA","2008","Best Motion Picture - Drama","2008-01-13","Atonement","https://en.wikipedia.org/wiki/65th_Golden_Globes"
"Golden Globes","Industry","USA","2009","Best Motion Picture - Drama","2009-01-11","Slumdog Millionaire","https://goldenglobes.com/winners-nominees/?y=2009"
"Golden Globes","Industry","USA","2010","Best Motion Picture - Drama","2010-01-17","Avatar","https://variety.com/2010/film/awards/67th-annual-golden-globes-winners-list-1118013907/"
"Golden Globes","Industry","USA","2011","Best Motion Picture - Drama","2011-01-16","The Social Network","https://en.wikipedia.org/wiki/68th_Golden_Globe_Awards"
"Golden Globes","Industry","USA","2012","Best Motion Picture - Drama","2012-01-15","The Descendants","https://www.hollywoodreporter.com/news/general-news/golden-globes-2012-winners-list-282032/"
"Golden Globes","Industry","USA","2013","Best Motion Picture - Drama","2013-01-13","Argo","https://abcnews.go.com/Entertainment/2013-golden-globe-award-winners-full-list/story?id=18205341"
"Golden Globes","Industry","USA","2014","Best Motion Picture - Drama","2014-01-12","12 Years a Slave","https://en.wikipedia.org/wiki/71st_Golden_Globes"
"Golden Globes","Industry","USA","2015","Best Motion Picture - Drama","2015-01-11","Boyhood","https://goldenglobes.com/articles/2015-golden-globe-awards-winners/"
"Golden Globes","Industry","USA","2016","Best Motion Picture - Drama","2016-01-10","The Revenant","https://en.wikipedia.org/wiki/73rd_Golden_Globe_Awards"
"Golden Globes","Industry","USA","2017","Best Motion Picture - Drama","2017-01-08","Moonlight","https://en.wikipedia.org/wiki/74th_Golden_Globes"
"Golden Globes","Industry","USA","2018","Best Motion Picture - Drama","2018-01-07","Three Billboards Outside Ebbing, Missouri","https://variety.com/2018/film/awards/2018-golden-globe-winners-list-1202653737/"
"Golden Globes","Industry","USA","2019","Best Motion Picture - Drama","2019-01-06","Bohemian Rhapsody","https://www.hollywoodreporter.com/lists/2019-golden-globes-winners-list-1172257/"
"Golden Globes","Industry","USA","2020","Best Motion Picture - Drama","2020-01-05","1917","https://www.hollywoodreporter.com/lists/2020-golden-globes-winners-full-list-updating-live-1265577/"
"Golden Globes","Industry","USA","2021","Best Motion Picture - Drama","2021-02-28","Nomadland","https://en.wikipedia.org/wiki/78th_Golden_Globes"
"Golden Globes","Industry","USA","2022","Best Motion Picture - Drama","2022-01-09","The Power of the Dog","https://goldenglobes.com/articles/golden-globes-2022-the-winners/"
"Golden Globes","Industry","USA","2023","Best Motion Picture - Drama","2023-01-10","The Fabelmans","https://en.wikipedia.org/wiki/80th_Golden_Globes"
"Golden Globes","Industry","USA","2024","Best Motion Picture - Drama","2024-01-07","Oppenheimer","https://en.wikipedia.org/wiki/81st_Golden_Globes"
"Golden Globes","Industry","USA","2025","Best Motion Picture - Drama","2025-01-05","The Brutalist","https://www.bbc.com/news/articles/c1ely36qvd9o"
"Golden Globes","Industry","USA","2026","Best Motion Picture - Drama","2026-01-11","Hamnet","https://goldenglobes.com/video/hamnet-wins-best-picture-drama/"
"Golden Globes","Industry","USA","2000","Best Motion Picture - Musical or Comedy","2000-01-23","Toy Story 2","https://en.wikipedia.org/wiki/57th_Golden_Globe_Awards"
"Golden Globes","Industry","USA","2001","Best Motion Picture - Musical or Comedy","2001-01-21","Almost Famous","https://en.wikipedia.org/wiki/58th_Golden_Globe_Awards"
"Golden Globes","Industry","USA","2002","Best Motion Picture - Musical or Comedy","2002-01-20","Moulin Rouge!","https://en.wikipedia.org/wiki/59th_Golden_Globe_Awards"
"Golden Globes","Industry","USA","2003","Best Motion Picture - Musical or Comedy","2003-01-19","Chicago","https://goldenglobes.com/articles/2003-musical-or-comedy-chicago/"
"Golden Globes","Industry","USA","2004","Best Motion Picture - Musical or Comedy","2004-01-25","Lost in Translation","https://en.wikipedia.org/wiki/61st_Golden_Globe_Awards"
"Golden Globes","Industry","USA","2005","Best Motion Picture - Musical or Comedy","2005-01-16","Sideways","https://en.wikipedia.org/wiki/62nd_Golden_Globe_Awards"
"Golden Globes","Industry","USA","2006","Best Motion Picture - Musical or Comedy","2006-01-16","Walk the Line","https://en.wikipedia.org/wiki/63rd_Golden_Globes"
"Golden Globes","Industry","USA","2007","Best Motion Picture - Musical or Comedy","2007-01-15","Dreamgirls","https://goldenglobes.com/articles/64th-golden-globe-award-winners/"
"Golden Globes","Industry","USA","2008","Best Motion Picture - Musical or Comedy","2008-01-13","Sweeney Todd: The Demon Barber of Fleet Street","https://goldenglobes.com/articles/65th-golden-globe-award-winners/"
"Golden Globes","Industry","USA","2009","Best Motion Picture - Musical or Comedy","2009-01-11","Vicky Cristina Barcelona","https://en.wikipedia.org/wiki/66th_Golden_Globes"
"Golden Globes","Industry","USA","2010","Best Motion Picture - Musical or Comedy","2010-01-17","The Hangover","https://en.wikipedia.org/wiki/67th_Golden_Globes"
"Golden Globes","Industry","USA","2011","Best Motion Picture - Musical or Comedy","2011-01-16","The Kids Are All Right","https://www.hollywoodreporter.com/news/general-news/winners-list-68th-golden-globe-72356/"
"Golden Globes","Industry","USA","2012","Best Motion Picture - Musical or Comedy","2012-01-15","The Artist","https://en.wikipedia.org/wiki/69th_Golden_Globe_Awards"
"Golden Globes","Industry","USA","2013","Best Motion Picture - Musical or Comedy","2013-01-13","Les Misérables","https://en.wikipedia.org/wiki/70th_Golden_Globes"
"Golden Globes","Industry","USA","2014","Best Motion Picture - Musical or Comedy","2014-01-12","American Hustle","https://www.theguardian.com/film/2014/jan/12/golden-globes-2014-full-list-of-winners"
"Golden Globes","Industry","USA","2015","Best Motion Picture - Musical or Comedy","2015-01-11","The Grand Budapest Hotel","https://goldenglobes.com/articles/2015-golden-globe-awards-winners/"
"Golden Globes","Industry","USA","2016","Best Motion Picture - Musical or Comedy","2016-01-10","The Martian","https://en.wikipedia.org/wiki/73rd_Golden_Globes"
"Golden Globes","Industry","USA","2017","Best Motion Picture - Musical or Comedy","2017-01-08","La La Land","https://deadline.com/2017/01/golden-globes-winners-list-2017-1201880951/"
"Golden Globes","Industry","USA","2018","Best Motion Picture - Musical or Comedy","2018-01-07","Lady Bird","https://www.goldenglobes.com/winners-nominees/2018"
"Golden Globes","Industry","USA","2019","Best Motion Picture - Musical or Comedy","2019-01-06","Green Book","https://www.hollywoodreporter.com/lists/2019-golden-globes-winners-list-1172257/"
"Golden Globes","Industry","USA","2020","Best Motion Picture - Musical or Comedy","2020-01-05","Once Upon a Time in Hollywood","https://en.wikipedia.org/wiki/77th_Golden_Globes"
"Golden Globes","Industry","USA","2021","Best Motion Picture - Musical or Comedy","2021-02-28","Borat Subsequent Moviefilm","https://www.bbc.com/news/entertainment-arts-55916768"
"Golden Globes","Industry","USA","2022","Best Motion Picture - Musical or Comedy","2022-01-09","West Side Story","https://www.nytimes.com/2022/01/09/movies/golden-globes-winners-list.html"
"Golden Globes","Industry","USA","2023","Best Motion Picture - Musical or Comedy","2023-01-10","The Banshees of Inisherin","https://www.hollywoodreporter.com/movies/movie-news/golden-globes-2023-winners-list-1235294541/"
"Golden Globes","Industry","USA","2024","Best Motion Picture - Musical or Comedy","2024-01-07","Poor Things","https://www.hollywoodreporter.com/movies/movie-news/golden-globes-2024-winners-list-1235781166/"
"Golden Globes","Industry","USA","2025","Best Motion Picture - Musical or Comedy","2025-01-05","Emilia Pérez","https://variety.com/2025/film/news/golden-globes-2025-winners-emilia-perez-shogun-1236262416/"
"Golden Globes","Industry","USA","2026","Best Motion Picture - Musical or Comedy","2026-01-11","One Battle After Another","https://www.nytimes.com/live/2026/01/11/arts/golden-globes-2026-watch"
"Golden Globes","Industry","USA","2000","Best Director - Motion Picture","2000-01-23","Sam Mendes","https://en.wikipedia.org/wiki/57th_Golden_Globes"
"Golden Globes","Industry","USA","2001","Best Director - Motion Picture","2001-01-21","Ang Lee","https://en.wikipedia.org/wiki/58th_Golden_Globes"
"Golden Globes","Industry","USA","2002","Best Director - Motion Picture","2002-01-20","Robert Altman","https://en.wikipedia.org/wiki/59th_Golden_Globe_Awards"
"Golden Globes","Industry","USA","2003","Best Director - Motion Picture","2003-01-19","Martin Scorsese (Gangs of New York)","https://en.wikipedia.org/wiki/60th_Golden_Globe_Awards"
"Golden Globes","Industry","USA","2004","Best Director - Motion Picture","2004-01-25","Peter Jackson","https://en.wikipedia.org/wiki/61st_Golden_Globe_Awards"
"Golden Globes","Industry","USA","2005","Best Director - Motion Picture","2005-01-16","Clint Eastwood","https://en.wikipedia.org/wiki/62nd_Golden_Globe_Awards"
"Golden Globes","Industry","USA","2006","Best Director - Motion Picture","2006-01-16","Ang Lee","https://goldenglobes.com/articles/63rd-golden-globe-award-winners/"
"Golden Globes","Industry","USA","2007","Best Director - Motion Picture","2007-01-15","Martin Scorsese","https://goldenglobes.com/articles/64th-golden-globe-award-winners/"
"Golden Globes","Industry","USA","2008","Best Director - Motion Picture","2008-01-13","Julian Schnabel","https://goldenglobes.com/articles/65th-golden-globe-award-winners/"
"Golden Globes","Industry","USA","2009","Best Director - Motion Picture","2009-01-11","Danny Boyle","https://en.wikipedia.org/wiki/66th_Golden_Globe_Awards"
"Golden Globes","Industry","USA","2010","Best Director - Motion Picture","2010-01-17","James Cameron (Avatar)","https://variety.com/2010/film/awards/67th-annual-golden-globes-winners-list-1118013907/"
"Golden Globes","Industry","USA","2011","Best Director - Motion Picture","2011-01-16","David Fincher","https://en.wikipedia.org/wiki/68th_Golden_Globe_Awards"
"Golden Globes","Industry","USA","2012","Best Director - Motion Picture","2012-01-15","Martin Scorsese","https://www.hollywoodreporter.com/news/general-news/golden-globes-2012-winners-list-282032/"
"Golden Globes","Industry","USA","2013","Best Director - Motion Picture","2013-01-13","Ben Affleck","https://en.wikipedia.org/wiki/70th_Golden_Globes"
"Golden Globes","Industry","USA","2014","Best Director - Motion Picture","2014-01-12","Alfonso Cuarón","https://en.wikipedia.org/wiki/71st_Golden_Globe_Awards"
"Golden Globes","Industry","USA","2015","Best Director - Motion Picture","2015-01-11","Richard Linklater","https://en.wikipedia.org/wiki/72nd_Golden_Globes"
"Golden Globes","Industry","USA","2016","Best Director - Motion Picture","2016-01-10","Alejandro G. Iñárritu","https://deadline.com/2016/01/golden-globe-winners-2016-golden-globes-awards-winner-list-1201679616/"
"Golden Globes","Industry","USA","2017","Best Director - Motion Picture","2017-01-08","Damien Chazelle","https://en.wikipedia.org/wiki/74th_Golden_Globe_Awards"
"Golden Globes","Industry","USA","2018","Best Director - Motion Picture","2018-01-07","Guillermo del Toro","https://goldenglobes.com/winners-nominees/best-director-motion-picture/"
"Golden Globes","Industry","USA","2019","Best Director - Motion Picture","2019-01-06","Alfonso Cuarón","https://goldenglobes.com/articles/all-the-winners-of-the-76th-golden-globes/"
"Golden Globes","Industry","USA","2020","Best Director - Motion Picture","2020-01-05","Sam Mendes","https://en.wikipedia.org/wiki/77th_Golden_Globes"
"Golden Globes","Industry","USA","2021","Best Director - Motion Picture","2021-02-28","Chloé Zhao","https://goldenglobes.com/articles/2021-chloe-zhao-makes-history/"
"Golden Globes","Industry","USA","2022","Best Director - Motion Picture","2022-01-09","Jane Campion","https://en.wikipedia.org/wiki/79th_Golden_Globes"
"Golden Globes","Industry","USA","2023","Best Director - Motion Picture","2023-01-10","Steven Spielberg","https://en.wikipedia.org/wiki/80th_Golden_Globes"
"Golden Globes","Industry","USA","2024","Best Director - Motion Picture","2024-01-07","Christopher Nolan","https://www.hollywoodreporter.com/movies/movie-news/golden-globes-2024-winners-list-1235781166/"
"Golden Globes","Industry","USA","2025","Best Director - Motion Picture","2025-01-05","Brady Corbet","https://www.cbsnews.com/news/golden-globes-winners-2025-list/"
"Golden Globes","Industry","USA","2026","Best Director - Motion Picture","2026-01-11","Paul Thomas Anderson","https://www.billboard.com/lists/2026-golden-globes-winners-list/"
"Golden Globes","Industry","USA","2000","Best Performance by a Male Actor in a Motion Picture – Drama","2000-01-23","Denzel Washington","https://en.wikipedia.org/wiki/57th_Golden_Globe_Awards"
"Golden Globes","Industry","USA","2001","Best Performance by a Male Actor in a Motion Picture – Drama","2001-01-21","Tom Hanks (Cast Away)","https://en.wikipedia.org/wiki/58th_Golden_Globe_Awards"
"Golden Globes","Industry","USA","2002","Best Performance by a Male Actor in a Motion Picture – Drama","2002-01-20","Russell Crowe","https://goldenglobes.com/articles/2002-drama-a-beautiful-mind/"
"Golden Globes","Industry","USA","2003","Best Performance by a Male Actor in a Motion Picture – Drama","2003-01-19","Jack Nicholson","https://en.wikipedia.org/wiki/60th_Golden_Globes"
"Golden Globes","Industry","USA","2004","Best Performance by a Male Actor in a Motion Picture – Drama","2004-01-25","Sean Penn","https://en.wikipedia.org/wiki/61st_Golden_Globe_Awards"
"Golden Globes","Industry","USA","2005","Best Performance by a Male Actor in a Motion Picture – Drama","2005-01-16","Leonardo DiCaprio","https://www.imdb.com/event/ev0000292/2005/1/"
"Golden Globes","Industry","USA","2006","Best Performance by a Male Actor in a Motion Picture – Drama","2006-01-16","Philip Seymour Hoffman","https://en.wikipedia.org/wiki/63rd_Golden_Globe_Awards"
"Golden Globes","Industry","USA","2007","Best Performance by a Male Actor in a Motion Picture – Drama","2007-01-15","Forest Whitaker","https://en.wikipedia.org/wiki/64th_Golden_Globe_Awards"
"Golden Globes","Industry","USA","2008","Best Performance by a Male Actor in a Motion Picture – Drama","2008-01-13","Daniel Day-Lewis","https://goldenglobes.com/articles/65th-golden-globe-award-winners/"
"Golden Globes","Industry","USA","2009","Best Performance by a Male Actor in a Motion Picture – Drama","2009-01-11","Mickey Rourke","https://en.wikipedia.org/wiki/66th_Golden_Globe_Awards"
"Golden Globes","Industry","USA","2010","Best Performance by a Male Actor in a Motion Picture – Drama","2010-01-17","Jeff Bridges","https://variety.com/2010/film/awards/67th-annual-golden-globes-winners-list-1118013907/"
"Golden Globes","Industry","USA","2011","Best Performance by a Male Actor in a Motion Picture – Drama","2011-01-16","Colin Firth","https://en.wikipedia.org/wiki/68th_Golden_Globe_Awards"
"Golden Globes","Industry","USA","2012","Best Performance by a Male Actor in a Motion Picture – Drama","2012-01-15","George Clooney","https://www.hollywoodreporter.com/news/general-news/golden-globes-2012-winners-list-282032/"
"Golden Globes","Industry","USA","2013","Best Performance by a Male Actor in a Motion Picture – Drama","2013-01-13","Daniel Day-Lewis","https://en.wikipedia.org/wiki/70th_Golden_Globe_Awards"
"Golden Globes","Industry","USA","2014","Best Performance by a Male Actor in a Motion Picture – Drama","2014-01-12","Matthew McConaughey","https://variety.com/2014/film/news/golden-globe-awards-winners-2014-list-golden-globes-1201050486/"
"Golden Globes","Industry","USA","2015","Best Performance by a Male Actor in a Motion Picture – Drama","2015-01-11","Eddie Redmayne","https://en.wikipedia.org/wiki/72nd_Golden_Globe_Awards"
"Golden Globes","Industry","USA","2016","Best Performance by a Male Actor in a Motion Picture – Drama","2016-01-10","Leonardo DiCaprio","https://ew.com/golden-globes/2016/01/10/golden-globes-2016-best-actor-leonardo-dicaprio/"
"Golden Globes","Industry","USA","2017","Best Performance by a Male Actor in a Motion Picture – Drama","2017-01-08","Casey Affleck","https://www.hollywoodreporter.com/news/general-news/casey-affleck-wins-best-performance-by-an-actor-a-motion-picture-drama-golden-globes-2017-96040-960403/"
"Golden Globes","Industry","USA","2018","Best Performance by a Male Actor in a Motion Picture – Drama","2018-01-07","Gary Oldman","https://www.hollywoodreporter.com/movies/movie-news/gary-oldman-wins-best-drama-actor-darkest-hour-golden-globes-2018-1072148/"
"Golden Globes","Industry","USA","2019","Best Performance by a Male Actor in a Motion Picture – Drama","2019-01-06","Rami Malek","https://www.hollywoodreporter.com/lists/2019-golden-globes-winners-list-1172257/"
"Golden Globes","Industry","USA","2020","Best Performance by a Male Actor in a Motion Picture – Drama","2020-01-05","Joaquin Phoenix","https://en.wikipedia.org/wiki/77th_Golden_Globes"
"Golden Globes","Industry","USA","2021","Best Performance by a Male Actor in a Motion Picture – Drama","2021-02-28","Chadwick Boseman","https://www.nytimes.com/2021/02/28/movies/golden-globes-winners-list.html"
"Golden Globes","Industry","USA","2022","Best Performance by a Male Actor in a Motion Picture – Drama","2022-01-09","Will Smith","https://en.wikipedia.org/wiki/79th_Golden_Globe_Awards"
"Golden Globes","Industry","USA","2023","Best Performance by a Male Actor in a Motion Picture – Drama","2023-01-10","Austin Butler","https://en.wikipedia.org/wiki/80th_Golden_Globes"
"Golden Globes","Industry","USA","2024","Best Performance by a Male Actor in a Motion Picture – Drama","2024-01-07","Cillian Murphy","https://variety.com/2024/film/news/cillian-murphy-golden-globe-best-actor-motion-picture-drama-1235860563/"
"Golden Globes","Industry","USA","2025","Best Performance by a Male Actor in a Motion Picture – Drama","2025-01-05","Adrien Brody","https://www.hollywoodreporter.com/lists/golden-globes-2025-winners-list/"
"Golden Globes","Industry","USA","2026","Best Performance by a Male Actor in a Motion Picture – Drama","2026-01-11","Wagner Moura","https://www.reuters.com/business/media-telecom/complete-list-winners-83rd-golden-globe-awards-2026-01-12/"
"Golden Globes","Industry","USA","2000","Best Performance by a Male Actor in a Motion Picture – Musical or Comedy","2000-01-23","Jim Carrey","https://www.imdb.com/event/ev0000292/2000/1/"
"Golden Globes","Industry","USA","2001","Best Performance by a Male Actor in a Motion Picture – Musical or Comedy","2001-01-21","George Clooney, O Brother, Where Art Thou?","https://goldenglobes.com/winners-nominees/?y=2001"
"Golden Globes","Industry","USA","2002","Best Performance by a Male Actor in a Motion Picture – Musical or Comedy","2002-01-20","Gene Hackman","https://en.wikipedia.org/wiki/59th_Golden_Globe_Awards"
"Golden Globes","Industry","USA","2003","Best Performance by a Male Actor in a Motion Picture – Musical or Comedy","2003-01-19","Richard Gere","https://en.wikipedia.org/wiki/60th_Golden_Globe_Awards"
"Golden Globes","Industry","USA","2004","Best Performance by a Male Actor in a Motion Picture – Musical or Comedy","2004-01-25","Bill Murray","https://en.wikipedia.org/wiki/61st_Golden_Globe_Awards"
"Golden Globes","Industry","USA","2005","Best Performance by a Male Actor in a Motion Picture – Musical or Comedy","2005-01-16","Jamie Foxx","https://en.wikipedia.org/wiki/62nd_Golden_Globes"
"Golden Globes","Industry","USA","2006","Best Performance by a Male Actor in a Motion Picture – Musical or Comedy","2006-01-16","Joaquin Phoenix","https://goldenglobes.com/articles/63rd-golden-globe-award-winners/"
"Golden Globes","Industry","USA","2007","Best Performance by a Male Actor in a Motion Picture – Musical or Comedy","2007-01-15","Sacha Baron Cohen","https://en.wikipedia.org/wiki/64th_Golden_Globe_Awards"
"Golden Globes","Industry","USA","2008","Best Performance by a Male Actor in a Motion Picture – Musical or Comedy","2008-01-13","Johnny Depp","https://en.wikipedia.org/wiki/65th_Golden_Globe_Awards"
"Golden Globes","Industry","USA","2009","Best Performance by a Male Actor in a Motion Picture – Musical or Comedy","2009-01-11","Colin Farrell","https://en.wikipedia.org/wiki/66th_Golden_Globe_Awards"
"Golden Globes","Industry","USA","2010","Best Performance by a Male Actor in a Motion Picture – Musical or Comedy","2010-01-17","Robert Downey Jr.","https://en.wikipedia.org/wiki/67th_Golden_Globes"
"Golden Globes","Industry","USA","2011","Best Performance by a Male Actor in a Motion Picture – Musical or Comedy","2011-01-16","Paul Giamatti","https://en.wikipedia.org/wiki/68th_Golden_Globe_Awards"
"Golden Globes","Industry","USA","2012","Best Performance by a Male Actor in a Motion Picture – Musical or Comedy","2012-01-15","Jean Dujardin","https://goldenglobes.com/winners-nominees/?y=2012"
"Golden Globes","Industry","USA","2013","Best Performance by a Male Actor in a Motion Picture – Musical or Comedy","2013-01-13","Hugh Jackman","https://goldenglobes.com/winners-nominees/?y=2013"
"Golden Globes","Industry","USA","2014","Best Performance by a Male Actor in a Motion Picture – Musical or Comedy","2014-01-12","Leonardo DiCaprio","https://goldenglobes.com/photo-gallery/telecast-winners-71st-annual-golden-globes/"
"Golden Globes","Industry","USA","2015","Best Performance by a Male Actor in a Motion Picture – Musical or Comedy","2015-01-11","Michael Keaton","https://en.wikipedia.org/wiki/72nd_Golden_Globes"
"Golden Globes","Industry","USA","2016","Best Performance by a Male Actor in a Motion Picture – Musical or Comedy","2016-01-10","Matt Damon","https://variety.com/2016/film/awards/golden-globes-winners-updated-list-1201676275/"
"Golden Globes","Industry","USA","2017","Best Performance by a Male Actor in a Motion Picture – Musical or Comedy","2017-01-08","Ryan Gosling","https://en.wikipedia.org/wiki/74th_Golden_Globe_Awards"
"Golden Globes","Industry","USA","2018","Best Performance by a Male Actor in a Motion Picture – Musical or Comedy","2018-01-07","James Franco","https://www.today.com/popculture/golden-globes-2018-here-s-winners-list-t120801"
"Golden Globes","Industry","USA","2019","Best Performance by a Male Actor in a Motion Picture – Musical or Comedy","2019-01-06","Christian Bale","https://en.wikipedia.org/wiki/76th_Golden_Globe_Awards"
"Golden Globes","Industry","USA","2020","Best Performance by a Male Actor in a Motion Picture – Musical or Comedy","2020-01-05","Taron Egerton","https://ew.com/golden-globes/2020/01/05/golden-globes-2020-winners-list/"
"Golden Globes","Industry","USA","2021","Best Performance by a Male Actor in a Motion Picture – Musical or Comedy","2021-02-28","Sacha Baron Cohen","https://en.wikipedia.org/wiki/78th_Golden_Globe_Awards"
"Golden Globes","Industry","USA","2022","Best Performance by a Male Actor in a Motion Picture – Musical or Comedy","2022-01-09","Andrew Garfield (tick, tick... BOOM!)","https://en.wikipedia.org/wiki/79th_Golden_Globe_Awards"
"Golden Globes","Industry","USA","2023","Best Performance by a Male Actor in a Motion Picture – Musical or Comedy","2023-01-10","Colin Farrell","https://en.wikipedia.org/wiki/80th_Golden_Globe_Awards"
"Golden Globes","Industry","USA","2024","Best Performance by a Male Actor in a Motion Picture – Musical or Comedy","2024-01-07","Paul Giamatti","https://www.theguardian.com/film/2024/jan/07/golden-globes-2024-the-full-list-of-winners"
"Golden Globes","Industry","USA","2025","Best Performance by a Male Actor in a Motion Picture – Musical or Comedy","2025-01-05","Sebastian Stan","https://goldenglobes.com/articles/the-82nd-golden-globe-awards-winners/"
"Golden Globes","Industry","USA","2026","Best Performance by a Male Actor in a Motion Picture – Musical or Comedy","2026-01-11","Timothée Chalamet","https://en.wikipedia.org/wiki/83rd_Golden_Globes"
"Golden Globes","Industry","USA","2000","Best Performance by a Female Actor in a Motion Picture – Drama","2000-01-23","Hilary Swank","https://en.wikipedia.org/wiki/57th_Golden_Globe_Awards"
"Golden Globes","Industry","USA","2001","Best Performance by a Female Actor in a Motion Picture – Drama","2001-01-21","Julia Roberts","https://goldenglobes.com/film/erin-brockovich/"
"Golden Globes","Industry","USA","2002","Best Performance by a Female Actor in a Motion Picture – Drama","2002-01-20","Sissy Spacek","https://en.wikipedia.org/wiki/59th_Golden_Globes"
"Golden Globes","Industry","USA","2003","Best Performance by a Female Actor in a Motion Picture – Drama","2003-01-19","Nicole Kidman","https://en.wikipedia.org/wiki/60th_Golden_Globe_Awards"
"Golden Globes","Industry","USA","2004","Best Performance by a Female Actor in a Motion Picture – Drama","2004-01-25","Charlize Theron","https://en.wikipedia.org/wiki/61st_Golden_Globes"
"Golden Globes","Industry","USA","2005","Best Performance by a Female Actor in a Motion Picture – Drama","2005-01-16","Hilary Swank","https://en.wikipedia.org/wiki/62nd_Golden_Globes"
"Golden Globes","Industry","USA","2006","Best Performance by a Female Actor in a Motion Picture – Drama","2006-01-16","Felicity Huffman","https://en.wikipedia.org/wiki/63rd_Golden_Globes"
"Golden Globes","Industry","USA","2007","Best Performance by a Female Actor in a Motion Picture – Drama","2007-01-15","Helen Mirren","https://en.wikipedia.org/wiki/64th_Golden_Globe_Awards"
"Golden Globes","Industry","USA","2008","Best Performance by a Female Actor in a Motion Picture – Drama","2008-01-13","Julie Christie","https://goldenglobes.com/winners-nominees/2008"
"Golden Globes","Industry","USA","2009","Best Performance by a Female Actor in a Motion Picture – Drama","2009-01-11","Kate Winslet","https://www.theguardian.com/culture/2009/jan/12/golden-globes-full-list-winners"
"Golden Globes","Industry","USA","2010","Best Performance by a Female Actor in a Motion Picture – Drama","2010-01-17","Sandra Bullock","https://en.wikipedia.org/wiki/67th_Golden_Globe_Awards"
"Golden Globes","Industry","USA","2011","Best Performance by a Female Actor in a Motion Picture – Drama","2011-01-16","Natalie Portman","https://en.wikipedia.org/wiki/68th_Golden_Globe_Awards"
"Golden Globes","Industry","USA","2012","Best Performance by a Female Actor in a Motion Picture – Drama","2012-01-15","Meryl Streep","https://en.wikipedia.org/wiki/69th_Golden_Globe_Awards"
"Golden Globes","Industry","USA","2013","Best Performance by a Female Actor in a Motion Picture – Drama","2013-01-13","Jessica Chastain","https://en.wikipedia.org/wiki/70th_Golden_Globe_Awards"
"Golden Globes","Industry","USA","2014","Best Performance by a Female Actor in a Motion Picture – Drama","2014-01-12","Cate Blanchett","https://en.wikipedia.org/wiki/71st_Golden_Globe_Awards"
"Golden Globes","Industry","USA","2015","Best Performance by a Female Actor in a Motion Picture – Drama","2015-01-11","Julianne Moore","https://goldenglobes.com/winners-nominees/?y=2015"
"Golden Globes","Industry","USA","2016","Best Performance by a Female Actor in a Motion Picture – Drama","2016-01-10","Brie Larson","https://www.cbsnews.com/news/golden-globe-awards-2016-complete-list-of-winners/"
"Golden Globes","Industry","USA","2017","Best Performance by a Female Actor in a Motion Picture – Drama","2017-01-08","Isabelle Huppert","https://www.hollywoodreporter.com/lists/golden-globes-2017-full-list-winners-960076/"
"Golden Globes","Industry","USA","2018","Best Performance by a Female Actor in a Motion Picture – Drama","2018-01-07","Frances McDormand","https://en.wikipedia.org/wiki/75th_Golden_Globe_Awards"
"Golden Globes","Industry","USA","2019","Best Performance by a Female Actor in a Motion Picture – Drama","2019-01-06","Glenn Close","https://www.hollywoodreporter.com/lists/2019-golden-globes-winners-list-1172257/"
"Golden Globes","Industry","USA","2020","Best Performance by a Female Actor in a Motion Picture – Drama","2020-01-05","Renée Zellweger","https://en.wikipedia.org/wiki/77th_Golden_Globes"
"Golden Globes","Industry","USA","2021","Best Performance by a Female Actor in a Motion Picture – Drama","2021-02-28","Andra Day","https://en.wikipedia.org/wiki/78th_Golden_Globes"
"Golden Globes","Industry","USA","2022","Best Performance by a Female Actor in a Motion Picture – Drama","2022-01-09","Nicole Kidman","https://en.wikipedia.org/wiki/79th_Golden_Globe_Awards"
"Golden Globes","Industry","USA","2023","Best Performance by a Female Actor in a Motion Picture – Drama","2023-01-10","Cate Blanchett","https://www.hollywoodreporter.com/movies/movie-news/golden-globes-2023-winners-list-1235294541/"
"Golden Globes","Industry","USA","2024","Best Performance by a Female Actor in a Motion Picture – Drama","2024-01-07","Lily Gladstone","https://www.hollywoodreporter.com/movies/movie-news/golden-globes-2024-winners-list-1235781166/"
"Golden Globes","Industry","USA","2025","Best Performance by a Female Actor in a Motion Picture – Drama","2025-01-05","Fernanda Torres","https://www.usatoday.com/story/entertainment/movies/2025/01/05/golden-globes-2025-winners-complete-list/77332489007/"
"Golden Globes","Industry","USA","2026","Best Performance by a Female Actor in a Motion Picture – Drama","2026-01-11","Jessie Buckley","https://www.hollywoodreporter.com/lists/golden-globes-2026-winners-list/"
"Golden Globes","Industry","USA","2000","Best Performance by a Female Actor in a Motion Picture – Musical or Comedy","2000-01-23","Janet McTeer","https://www.imdb.com/event/ev0000292/2000/1/"
"Golden Globes","Industry","USA","2001","Best Performance by a Female Actor in a Motion Picture – Musical or Comedy","2001-01-21","Renée Zellweger","https://en.wikipedia.org/wiki/58th_Golden_Globe_Awards"
"Golden Globes","Industry","USA","2002","Best Performance by a Female Actor in a Motion Picture – Musical or Comedy","2002-01-20","Nicole Kidman","https://en.wikipedia.org/wiki/59th_Golden_Globe_Awards"
"Golden Globes","Industry","USA","2003","Best Performance by a Female Actor in a Motion Picture – Musical or Comedy","2003-01-19","Renée Zellweger","https://en.wikipedia.org/wiki/60th_Golden_Globes"
"Golden Globes","Industry","USA","2004","Best Performance by a Female Actor in a Motion Picture – Musical or Comedy","2004-01-25","Diane Keaton","https://en.wikipedia.org/wiki/61st_Golden_Globes"
"Golden Globes","Industry","USA","2005","Best Performance by a Female Actor in a Motion Picture – Musical or Comedy","2005-01-16","Annette Bening","https://en.wikipedia.org/wiki/62nd_Golden_Globe_Awards"
"Golden Globes","Industry","USA","2006","Best Performance by a Female Actor in a Motion Picture – Musical or Comedy","2006-01-16","Reese Witherspoon","https://en.wikipedia.org/wiki/63rd_Golden_Globe_Awards"
"Golden Globes","Industry","USA","2007","Best Performance by a Female Actor in a Motion Picture – Musical or Comedy","2007-01-15","Meryl Streep","https://en.wikipedia.org/wiki/64th_Golden_Globe_Awards"
"Golden Globes","Industry","USA","2008","Best Performance by a Female Actor in a Motion Picture – Musical or Comedy","2008-01-13","Marion Cotillard","https://goldenglobes.com/articles/65th-golden-globe-award-winners/"
"Golden Globes","Industry","USA","2009","Best Performance by a Female Actor in a Motion Picture – Musical or Comedy","2009-01-11","Sally Hawkins","https://www.theguardian.com/culture/2009/jan/12/golden-globes-full-list-winners"
"Golden Globes","Industry","USA","2010","Best Performance by a Female Actor in a Motion Picture – Musical or Comedy","2010-01-17","Meryl Streep","https://en.wikipedia.org/wiki/67th_Golden_Globe_Awards"
"Golden Globes","Industry","USA","2011","Best Performance by a Female Actor in a Motion Picture – Musical or Comedy","2011-01-16","Annette Bening","https://en.wikipedia.org/wiki/68th_Golden_Globe_Awards"
"Golden Globes","Industry","USA","2012","Best Performance by a Female Actor in a Motion Picture – Musical or Comedy","2012-01-15","Michelle Williams","https://en.wikipedia.org/wiki/69th_Golden_Globes"
"Golden Globes","Industry","USA","2013","Best Performance by a Female Actor in a Motion Picture – Musical or Comedy","2013-01-13","Jennifer Lawrence","https://en.wikipedia.org/wiki/70th_Golden_Globe_Awards"
"Golden Globes","Industry","USA","2014","Best Performance by a Female Actor in a Motion Picture – Musical or Comedy","2014-01-12","Amy Adams","https://goldenglobes.com/articles/2014-musical-or-comedy-american-hustle/"
"Golden Globes","Industry","USA","2015","Best Performance by a Female Actor in a Motion Picture – Musical or Comedy","2015-01-11","Amy Adams","https://goldenglobes.com/winners-nominees/?y=2015"
"Golden Globes","Industry","USA","2016","Best Performance by a Female Actor in a Motion Picture – Musical or Comedy","2016-01-10","Jennifer Lawrence","https://goldenglobes.com/articles/golden-globes-2016-the-complete-winners-list/"
"Golden Globes","Industry","USA","2017","Best Performance by a Female Actor in a Motion Picture – Musical or Comedy","2017-01-08","Emma Stone","https://abcnews.go.com/Entertainment/golden-globes-2017-complete-winners-list/story?id=44610222"
"Golden Globes","Industry","USA","2018","Best Performance by a Female Actor in a Motion Picture – Musical or Comedy","2018-01-07","Saoirse Ronan","https://www.vanityfair.com/hollywood/2018/01/golden-globes-2018-winners-list"
"Golden Globes","Industry","USA","2019","Best Performance by a Female Actor in a Motion Picture – Musical or Comedy","2019-01-06","Olivia Colman","https://goldenglobes.com/articles/all-the-winners-of-the-76th-golden-globes/"
"Golden Globes","Industry","USA","2020","Best Performance by a Female Actor in a Motion Picture – Musical or Comedy","2020-01-05","Awkwafina","https://en.wikipedia.org/wiki/77th_Golden_Globes"
"Golden Globes","Industry","USA","2021","Best Performance by a Female Actor in a Motion Picture – Musical or Comedy","2021-02-28","Rosamund Pike","https://en.wikipedia.org/wiki/78th_Golden_Globe_Awards"
"Golden Globes","Industry","USA","2022","Best Performance by a Female Actor in a Motion Picture – Musical or Comedy","2022-01-09","Rachel Zegler","https://goldenglobes.com/articles/golden-globes-2022-the-winners/"
"Golden Globes","Industry","USA","2023","Best Performance by a Female Actor in a Motion Picture – Musical or Comedy","2023-01-10","Michelle Yeoh","https://en.wikipedia.org/wiki/80th_Golden_Globe_Awards"
"Golden Globes","Industry","USA","2024","Best Performance by a Female Actor in a Motion Picture – Musical or Comedy","2024-01-07","Emma Stone (Poor Things)","https://deadline.com/2024/01/2024-golden-globes-winners-1235697375/"
"Golden Globes","Industry","USA","2025","Best Performance by a Female Actor in a Motion Picture – Musical or Comedy","2025-01-05","Demi Moore","https://variety.com/2025/film/news/demi-moore-golden-globes-best-actress-musical-comedy-1236262291/"
"Golden Globes","Industry","USA","2026","Best Performance by a Female Actor in a Motion Picture – Musical or Comedy","2026-01-11","Rose Byrne","https://www.hollywoodreporter.com/lists/golden-globes-2026-winners-list/"
"Golden Globes","Industry","USA","2000","Best Performance by a Male Actor in a Supporting Role in any Motion Picture","2000-01-23","Tom Cruise","https://en.wikipedia.org/wiki/57th_Golden_Globes"
"Golden Globes","Industry","USA","2001","Best Performance by a Male Actor in a Supporting Role in any Motion Picture","2001-01-21","Benicio del Toro","https://goldenglobes.com/articles/2001-connecting-with-the-world/"
"Golden Globes","Industry","USA","2002","Best Performance by a Male Actor in a Supporting Role in any Motion Picture","2002-01-20","Jim Broadbent","https://en.wikipedia.org/wiki/59th_Golden_Globes"
"Golden Globes","Industry","USA","2003","Best Performance by a Male Actor in a Supporting Role in any Motion Picture","2003-01-19","Chris Cooper","https://en.wikipedia.org/wiki/60th_Golden_Globes"
"Golden Globes","Industry","USA","2004","Best Performance by a Male Actor in a Supporting Role in any Motion Picture","2004-01-25","Tim Robbins","https://en.wikipedia.org/wiki/61st_Golden_Globe_Awards"
"Golden Globes","Industry","USA","2005","Best Performance by a Male Actor in a Supporting Role in any Motion Picture","2005-01-16","Clive Owen","https://en.wikipedia.org/wiki/62nd_Golden_Globe_Awards"
"Golden Globes","Industry","USA","2006","Best Performance by a Male Actor in a Supporting Role in any Motion Picture","2006-01-16","George Clooney","https://goldenglobes.com/articles/63rd-golden-globe-award-winners/"
"Golden Globes","Industry","USA","2007","Best Performance by a Male Actor in a Supporting Role in any Motion Picture","2007-01-15","Eddie Murphy","https://goldenglobes.com/articles/64th-golden-globe-award-winners/"
"Golden Globes","Industry","USA","2008","Best Performance by a Male Actor in a Supporting Role in any Motion Picture","2008-01-13","Javier Bardem","https://en.wikipedia.org/wiki/65th_Golden_Globe_Awards"
"Golden Globes","Industry","USA","2009","Best Performance by a Male Actor in a Supporting Role in any Motion Picture","2009-01-11","Heath Ledger","https://en.wikipedia.org/wiki/66th_Golden_Globe_Awards"
"Golden Globes","Industry","USA","2010","Best Performance by a Male Actor in a Supporting Role in any Motion Picture","2010-01-17","Christoph Waltz","https://en.wikipedia.org/wiki/67th_Golden_Globe_Awards"
"Golden Globes","Industry","USA","2011","Best Performance by a Male Actor in a Supporting Role in any Motion Picture","2011-01-16","Christian Bale","https://en.wikipedia.org/wiki/68th_Golden_Globe_Awards"
"Golden Globes","Industry","USA","2012","Best Performance by a Male Actor in a Supporting Role in any Motion Picture","2012-01-15","Christopher Plummer","https://en.wikipedia.org/wiki/69th_Golden_Globes"
"Golden Globes","Industry","USA","2013","Best Performance by a Male Actor in a Supporting Role in any Motion Picture","2013-01-13","Christoph Waltz","https://en.wikipedia.org/wiki/70th_Golden_Globe_Awards"
"Golden Globes","Industry","USA","2014","Best Performance by a Male Actor in a Supporting Role in any Motion Picture","2014-01-12","Jared Leto","https://en.wikipedia.org/wiki/71st_Golden_Globe_Awards"
"Golden Globes","Industry","USA","2015","Best Performance by a Male Actor in a Supporting Role in any Motion Picture","2015-01-11","J.K. Simmons","https://goldenglobes.com/winners-nominees/?y=2015"
"Golden Globes","Industry","USA","2016","Best Performance by a Male Actor in a Supporting Role in any Motion Picture","2016-01-10","Sylvester Stallone","https://variety.com/2016/film/awards/golden-globes-winners-updated-list-1201676275/"
"Golden Globes","Industry","USA","2017","Best Performance by a Male Actor in a Supporting Role in any Motion Picture","2017-01-08","Aaron Taylor-Johnson","https://en.wikipedia.org/wiki/74th_Golden_Globe_Awards"
"Golden Globes","Industry","USA","2018","Best Performance by a Male Actor in a Supporting Role in any Motion Picture","2018-01-07","Sam Rockwell","https://www.hollywoodreporter.com/movies/movie-news/sam-rockwell-wins-best-performance-by-a-supporting-actor-a-motion-picture-golden-globes-2018-1072156/"
"Golden Globes","Industry","USA","2019","Best Performance by a Male Actor in a Supporting Role in any Motion Picture","2019-01-06","Mahershala Ali","https://en.wikipedia.org/wiki/76th_Golden_Globe_Awards"
"Golden Globes","Industry","USA","2020","Best Performance by a Male Actor in a Supporting Role in any Motion Picture","2020-01-05","Brad Pitt","https://en.wikipedia.org/wiki/77th_Golden_Globe_Awards"
"Golden Globes","Industry","USA","2021","Best Performance by a Male Actor in a Supporting Role in any Motion Picture","2021-02-28","Daniel Kaluuya","https://en.wikipedia.org/wiki/78th_Golden_Globe_Awards"
"Golden Globes","Industry","USA","2022","Best Performance by a Male Actor in a Supporting Role in any Motion Picture","2022-01-09","Kodi Smit-McPhee","https://goldenglobes.com/winners-nominees/?y=2022"
"Golden Globes","Industry","USA","2023","Best Performance by a Male Actor in a Supporting Role in any Motion Picture","2023-01-10","Ke Huy Quan","https://goldenglobes.com/winners-nominees/2023/"
"Golden Globes","Industry","USA","2024","Best Performance by a Male Actor in a Supporting Role in any Motion Picture","2024-01-07","Robert Downey Jr.","https://people.com/golden-globes-2024-robert-downey-jr-best-supporting-actor-in-a-movie-8419918"
"Golden Globes","Industry","USA","2025","Best Performance by a Male Actor in a Supporting Role in any Motion Picture","2025-01-05","Kieran Culkin","https://goldenglobes.com/articles/the-82nd-golden-globe-awards-winners/"
"Golden Globes","Industry","USA","2026","Best Performance by a Male Actor in a Supporting Role in any Motion Picture","2026-01-11","Stellan Skarsgård (Sentimental Value)","https://www.latimes.com/entertainment-arts/story/2026-01-11/golden-globes-2026-winners-list"
"Golden Globes","Industry","USA","2000","Best Performance by a Female Actor in a Supporting Role in any Motion Picture","2000-01-23","Angelina Jolie","https://en.wikipedia.org/wiki/57th_Golden_Globes"
"Golden Globes","Industry","USA","2001","Best Performance by a Female Actor in a Supporting Role in any Motion Picture","2001-01-21","Kate Hudson","https://goldenglobes.com/winners-nominees/2001/"
"Golden Globes","Industry","USA","2002","Best Performance by a Female Actor in a Supporting Role in any Motion Picture","2002-01-20","Jennifer Connelly","https://en.wikipedia.org/wiki/59th_Golden_Globe_Awards"
"Golden Globes","Industry","USA","2003","Best Performance by a Female Actor in a Supporting Role in any Motion Picture","2003-01-19","Meryl Streep","https://www.upi.com/Archives/2003/01/19/Winners-at-60th-Annual-Golden-Globes/3661042952400/"
"Golden Globes","Industry","USA","2004","Best Performance by a Female Actor in a Supporting Role in any Motion Picture","2004-01-25","Renée Zellweger","https://goldenglobes.com/person/renee-zellweger/"
"Golden Globes","Industry","USA","2005","Best Performance by a Female Actor in a Supporting Role in any Motion Picture","2005-01-16","Natalie Portman","https://goldenglobes.com/winners-nominees/?y=2005"
"Golden Globes","Industry","USA","2006","Best Performance by a Female Actor in a Supporting Role in any Motion Picture","2006-01-16","Rachel Weisz","https://goldenglobes.com/articles/63rd-golden-globe-award-winners/"
"Golden Globes","Industry","USA","2007","Best Performance by a Female Actor in a Supporting Role in any Motion Picture","2007-01-15","Jennifer Hudson","https://www.imdb.com/event/ev0000292/2007/1/"
"Golden Globes","Industry","USA","2008","Best Performance by a Female Actor in a Supporting Role in any Motion Picture","2008-01-13","Cate Blanchett","https://goldenglobes.com/articles/65th-golden-globe-award-winners/"
"Golden Globes","Industry","USA","2009","Best Performance by a Female Actor in a Supporting Role in any Motion Picture","2009-01-11","Kate Winslet","https://www.theguardian.com/culture/2009/jan/12/golden-globes-full-list-winners"
"Golden Globes","Industry","USA","2010","Best Performance by a Female Actor in a Supporting Role in any Motion Picture","2010-01-17","Mo'Nique","https://variety.com/2010/film/awards/67th-annual-golden-globes-winners-list-1118013907/"
"Golden Globes","Industry","USA","2011","Best Performance by a Female Actor in a Supporting Role in any Motion Picture","2011-01-16","Melissa Leo","https://en.wikipedia.org/wiki/68th_Golden_Globes"
"Golden Globes","Industry","USA","2012","Best Performance by a Female Actor in a Supporting Role in any Motion Picture","2012-01-15","Octavia Spencer","https://www.hollywoodreporter.com/news/general-news/golden-globes-2012-winners-list-282032/"
"Golden Globes","Industry","USA","2013","Best Performance by a Female Actor in a Supporting Role in any Motion Picture","2013-01-13","Anne Hathaway","https://en.wikipedia.org/wiki/70th_Golden_Globe_Awards"
"Golden Globes","Industry","USA","2014","Best Performance by a Female Actor in a Supporting Role in any Motion Picture","2014-01-12","Jennifer Lawrence","https://en.wikipedia.org/wiki/71st_Golden_Globe_Awards"
"Golden Globes","Industry","USA","2015","Best Performance by a Female Actor in a Supporting Role in any Motion Picture","2015-01-11","Patricia Arquette","https://goldenglobes.com/articles/2015-golden-globe-awards-winners/"
"Golden Globes","Industry","USA","2016","Best Performance by a Female Actor in a Supporting Role in any Motion Picture","2016-01-10","Kate Winslet","https://variety.com/2016/film/awards/golden-globes-winners-updated-list-1201676275/"
"Golden Globes","Industry","USA","2017","Best Performance by a Female Actor in a Supporting Role in any Motion Picture","2017-01-08","Viola Davis","https://en.wikipedia.org/wiki/74th_Golden_Globe_Awards"
"Golden Globes","Industry","USA","2018","Best Performance by a Female Actor in a Supporting Role in any Motion Picture","2018-01-07","Allison Janney","https://goldenglobes.com/winners-nominees/best-performance-by-a-female-actor-in-a-supporting-role-in-any-motion-picture/"
"Golden Globes","Industry","USA","2019","Best Performance by a Female Actor in a Supporting Role in any Motion Picture","2019-01-06","Regina King","https://www.hollywoodreporter.com/lists/2019-golden-globes-winners-list-1172257/"
"Golden Globes","Industry","USA","2020","Best Performance by a Female Actor in a Supporting Role in any Motion Picture","2020-01-05","Laura Dern","https://www.etonline.com/laura-dern-wins-best-supporting-actress-at-2020-golden-globes-138694"
"Golden Globes","Industry","USA","2021","Best Performance by a Female Actor in a Supporting Role in any Motion Picture","February 28, 2021","Jodie Foster","https://goldenglobes.com/articles/golden-globes-2021-the-winners/"
"Golden Globes","Industry","USA","2022","Best Performance by a Female Actor in a Supporting Role in any Motion Picture","2022-01-09","Ariana DeBose","https://en.wikipedia.org/wiki/79th_Golden_Globe_Awards"
"Golden Globes","Industry","USA","2023","Best Performance by a Female Actor in a Supporting Role in any Motion Picture","2023-01-10","Angela Bassett","https://en.wikipedia.org/wiki/80th_Golden_Globe_Awards"
"Golden Globes","Industry","USA","2024","Best Performance by a Female Actor in a Supporting Role in any Motion Picture","2024-01-07","Da'Vine Joy Randolph","https://deadline.com/2024/01/2024-golden-globes-winners-1235697375/"
"Golden Globes","Industry","USA","2025","Best Performance by a Female Actor in a Supporting Role in any Motion Picture","2025-01-05","Zoe Saldaña","https://goldenglobes.com/articles/the-82nd-golden-globe-awards-winners/"
"Golden Globes","Industry","USA","2026","Best Performance by a Female Actor in a Supporting Role in any Motion Picture","2026-01-11","Teyana Taylor","https://www.vanityfair.com/hollywood/story/golden-globes-winners-list-2026"
"Golden Globes","Industry","USA","2000","Best Screenplay - Motion Picture","2000-01-23","Alan Ball (American Beauty)","https://en.wikipedia.org/wiki/57th_Golden_Globe_Awards"
"Golden Globes","Industry","USA","2001","Best Screenplay - Motion Picture","2001-01-21","Stephen Gaghan (Traffic)","https://en.wikipedia.org/wiki/58th_Golden_Globe_Awards"
"Golden Globes","Industry","USA","2002","Best Screenplay - Motion Picture","2002-01-20","Akiva Goldsman (A Beautiful Mind)","https://en.wikipedia.org/wiki/59th_Golden_Globe_Awards"
"Golden Globes","Industry","USA","2003","Best Screenplay - Motion Picture","2003-01-19","Alexander Payne and Jim Taylor (About Schmidt)","https://en.wikipedia.org/wiki/60th_Golden_Globe_Awards"
"Golden Globes","Industry","USA","2004","Best Screenplay - Motion Picture","2004-01-25","Sofia Coppola (Lost in Translation)","https://www.imdb.com/event/ev0000292/2004/1/"
"Golden Globes","Industry","USA","2005","Best Screenplay - Motion Picture","2005-01-16","Alexander Payne and Jim Taylor","https://en.wikipedia.org/wiki/62nd_Golden_Globes"
"Golden Globes","Industry","USA","2006","Best Screenplay - Motion Picture","2006-01-16","Larry McMurtry and Diana Ossana","https://en.wikipedia.org/wiki/63rd_Golden_Globe_Awards"
"Golden Globes","Industry","USA","2007","Best Screenplay - Motion Picture","2007-01-15","Peter Morgan (The Queen)","https://en.wikipedia.org/wiki/64th_Golden_Globes"
"Golden Globes","Industry","USA","2008","Best Screenplay - Motion Picture","2008-01-13","Joel Coen and Ethan Coen","https://goldenglobes.com/articles/65th-golden-globe-award-winners/"
"Golden Globes","Industry","USA","2009","Best Screenplay - Motion Picture","2009-01-11","Simon Beaufoy (Slumdog Millionaire)","https://en.wikipedia.org/wiki/66th_Golden_Globes"
"Golden Globes","Industry","USA","2010","Best Screenplay - Motion Picture","2010-01-17","Jason Reitman and Sheldon Turner (Up in the Air)","https://variety.com/2010/film/awards/67th-annual-golden-globes-winners-list-1118013907/"
"Golden Globes","Industry","USA","2011","Best Screenplay - Motion Picture","2011-01-16","Aaron Sorkin (The Social Network)","https://en.wikipedia.org/wiki/68th_Golden_Globes"
"Golden Globes","Industry","USA","2012","Best Screenplay - Motion Picture","2012-01-15","Woody Allen (Midnight in Paris)","https://www.hollywoodreporter.com/news/general-news/golden-globes-2012-winners-list-282032/"
"Golden Globes","Industry","USA","2013","Best Screenplay - Motion Picture","2013-01-13","Quentin Tarantino (Django Unchained)","https://abcnews.go.com/Entertainment/2013-golden-globe-award-winners-full-list/story?id=18205341"
"Golden Globes","Industry","USA","2014","Best Screenplay - Motion Picture","2014-01-12","Spike Jonze","https://variety.com/2014/film/news/golden-globe-awards-winners-2014-list-golden-globes-1201050486/"
"Golden Globes","Industry","USA","2015","Best Screenplay - Motion Picture","2015-01-11","Alejandro González Iñárritu, Nicolás Giacobone, Alexander Dinelaris, and Armando Bo (Birdman)","https://variety.com/2015/film/news/golden-globe-winners-2015-updated-list-1201400369/"
"Golden Globes","Industry","USA","2016","Best Screenplay - Motion Picture","2016-01-10","Aaron Sorkin (Steve Jobs)","https://deadline.com/2016/01/golden-globe-winners-2016-golden-globes-awards-winner-list-1201679616/"
"Golden Globes","Industry","USA","2017","Best Screenplay - Motion Picture","2017-01-08","Damien Chazelle (for La La Land)","https://www.hollywoodreporter.com/lists/golden-globes-2017-full-list-winners-960076/"
"Golden Globes","Industry","USA","2018","Best Screenplay - Motion Picture","2018-01-07","Martin McDonagh","https://goldenglobes.com/person/martin-mcdonagh/"
"Golden Globes","Industry","USA","2019","Best Screenplay - Motion Picture","2019-01-06","Nick Vallelonga, Brian Currie, and Peter Farrelly (Green Book)","https://en.wikipedia.org/wiki/76th_Golden_Globes"
"Golden Globes","Industry","USA","2020","Best Screenplay - Motion Picture","2020-01-05","Quentin Tarantino (Once Upon a Time... in Hollywood)","https://goldenglobes.com/articles/77th-golden-globe-awards-winners/"
"Golden Globes","Industry","USA","2021","Best Screenplay - Motion Picture","2021-02-28","Aaron Sorkin (The Trial of the Chicago 7)","https://www.nytimes.com/2021/02/28/movies/golden-globes-winners-list.html"
"Golden Globes","Industry","USA","2022","Best Screenplay - Motion Picture","2022-01-09","Kenneth Branagh","https://en.wikipedia.org/wiki/79th_Golden_Globes"
"Golden Globes","Industry","USA","2023","Best Screenplay - Motion Picture","2023-01-10","Martin McDonagh - The Banshees of Inisherin","https://goldenglobes.com/winners-nominees/?y=2023"
"Golden Globes","Industry","USA","2024","Best Screenplay - Motion Picture","January 7, 2024","Justine Triet and Arthur Harari (Anatomy of a Fall)","https://en.wikipedia.org/wiki/81st_Golden_Globe_Awards"
"Golden Globes","Industry","USA","2025","Best Screenplay - Motion Picture","2025-01-05","Peter Straughan, Conclave","https://www.vogue.com/article/full-list-of-2025-golden-globe-winners"
"Golden Globes","Industry","USA","2026","Best Screenplay - Motion Picture","2026-01-11","Paul Thomas Anderson","https://goldenglobes.com/winners-nominees/best-screenplay-motion-picture/"
"Golden Globes","Industry","USA","2000","Best Original Song - Motion Picture","2000-01-23","""You'll Be in My Heart"" (Phil Collins) from Tarzan","https://en.wikipedia.org/wiki/57th_Golden_Globe_Awards"
"Golden Globes","Industry","USA","2001","Best Original Song - Motion Picture","2001-01-21","Bob Dylan, ""Things Have Changed"" (Wonder Boys)","https://en.wikipedia.org/wiki/58th_Golden_Globes"
"Golden Globes","Industry","USA","2002","Best Original Song - Motion Picture","2002-01-20","""Until..."" (from Kate & Leopold) - Sting","https://en.wikipedia.org/wiki/59th_Golden_Globe_Awards"
"Golden Globes","Industry","USA","2003","Best Original Song - Motion Picture","2003-01-19","""The Hands That Built America"" (U2) from Gangs of New York","https://www.starnewsonline.com/story/news/2003/01/21/complete-list-of-winners-at-the-60th-annual-golden-globe-awards/30505953007/"
"Golden Globes","Industry","USA","2004","Best Original Song - Motion Picture","2004-01-25","""Into the West"" (Annie Lennox, Fran Walsh, and Howard Shore) from The Lord of the Rings: The Return of the King","https://en.wikipedia.org/wiki/61st_Golden_Globes"
"Golden Globes","Industry","USA","2005","Best Original Song - Motion Picture","2005-01-16","Old Habits Die Hard","https://goldenglobes.com/winners-nominees/?y=2005"
"Golden Globes","Industry","USA","2006","Best Original Song - Motion Picture","2006-01-16","""A Love That Will Never Grow Old"" (Brokeback Mountain)","https://en.wikipedia.org/wiki/63rd_Golden_Globes"
"Golden Globes","Industry","USA","2007","Best Original Song - Motion Picture","2007-01-15","The Song of the Heart (Happy Feet) - Prince","https://goldenglobes.com/articles/64th-golden-globe-award-winners/"
"Golden Globes","Industry","USA","2008","Best Original Song - Motion Picture","2008-01-13","Guaranteed","https://goldenglobes.com/articles/65th-golden-globe-award-winners/"
"Golden Globes","Industry","USA","2009","Best Original Song - Motion Picture","2009-01-11","Bruce Springsteen (""The Wrestler"")","https://goldenglobes.com/photo-gallery/winners-2009/"
"Golden Globes","Industry","USA","2010","Best Original Song - Motion Picture","2010-01-17","""The Weary Kind"" (Ryan Bingham and T Bone Burnett) - Crazy Heart","https://en.wikipedia.org/wiki/67th_Golden_Globe_Awards"
"Golden Globes","Industry","USA","2011","Best Original Song - Motion Picture","2011-01-16","""You Haven't Seen the Last of Me"" (Burlesque)","https://en.wikipedia.org/wiki/68th_Golden_Globes"
"Golden Globes","Industry","USA","2012","Best Original Song - Motion Picture","2012-01-15","""Masterpiece"" from W.E. (Madonna, Julie Frost, and Jimmy Harry)","https://en.wikipedia.org/wiki/69th_Golden_Globe_Awards"
"Golden Globes","Industry","USA","2013","Best Original Song - Motion Picture","2013-01-13","""Skyfall"" (Adele and Paul Epworth)","https://www.hollywoodreporter.com/news/general-news/golden-globes-2013-adele-wins-411903/"
"Golden Globes","Industry","USA","2014","Best Original Song - Motion Picture","2014-01-12","""Ordinary Love"" - Mandela: Long Walk to Freedom (Music & Lyrics by Bono, The Edge, Adam Clayton, Larry Mullen Jr., Brian Burton)","https://en.wikipedia.org/wiki/71st_Golden_Globe_Awards"
"Golden Globes","Industry","USA","2015","Best Original Song - Motion Picture","2015-01-11","Common and John Legend (for ""Glory"")","https://www.bmi.com/news/entry/common_and_john_legend_win_best_original_song_at_the_2015_golden_globes"
"Golden Globes","Industry","USA","2016","Best Original Song - Motion Picture","2016-01-10","""Writing's on the Wall"" (Spectre) - Music and Lyrics by Sam Smith and Jimmy Napes","https://en.wikipedia.org/wiki/73rd_Golden_Globe_Awards"
"Golden Globes","Industry","USA","2017","Best Original Song - Motion Picture","2017-01-08","""City of Stars"" - La La Land","https://goldenglobes.com/film/la-la-land/"
"Golden Globes","Industry","USA","2018","Best Original Song - Motion Picture","2018-01-07","""This Is Me"" - The Greatest Showman","https://goldenglobes.com/video/the-greatest-showman-wins-best-original-song-golden-globes-2018/"
"Golden Globes","Industry","USA","2019","Best Original Song - Motion Picture","2019-01-06","""Shallow"" (Lady Gaga, Mark Ronson, Anthony Rossomando, Andrew Wyatt)","https://www.hollywoodreporter.com/lists/2019-golden-globes-winners-list-1172257/"
"Golden Globes","Industry","USA","2020","Best Original Song - Motion Picture","2020-01-05","""(I'm Gonna) Love Me Again"" - Rocketman (Music & Lyrics by Elton John and Bernie Taupin)","https://en.wikipedia.org/wiki/77th_Golden_Globes"
"Golden Globes","Industry","USA","2021","Best Original Song - Motion Picture","2021-02-28","""Io Sì (Seen)"" - The Life Ahead (Music by Diane Warren; Lyrics by Diane Warren, Laura Pausini, Niccolò Agliardi)","https://www.billboard.com/music/awards/io-si-seen-best-original-song-2021-golden-globes-9532710/"
"Golden Globes","Industry","USA","2022","Best Original Song - Motion Picture","2022-01-09","No Time to Die","https://goldenglobes.com/articles/golden-globes-2022-the-winners/"
"Golden Globes","Industry","USA","2023","Best Original Song - Motion Picture","2023-01-10","""Naatu Naatu"" from RRR (M. M. Keeravani and Chandrabose)","https://en.wikipedia.org/wiki/80th_Golden_Globes"
"Golden Globes","Industry","USA","2024","Best Original Song - Motion Picture","2024-01-07","""What Was I Made For?"" (Barbie) - Music and Lyrics by Billie Eilish O'Connell and Finneas O'Connell","https://en.wikipedia.org/wiki/81st_Golden_Globes"
"Golden Globes","Industry","USA","2025","Best Original Song - Motion Picture","2025-01-05","""El Mal"" from Emilia Pérez (Songwriters: Clément Ducol, Camille, and Jacques Audiard)","https://www.billboard.com/music/awards/emilia-perez-el-mal-wins-2025-golden-globes-best-original-song-1235869669/"
"Golden Globes","Industry","USA","2026","Best Original Song - Motion Picture","2026-01-11","""Golden"" from KPop Demon Hunters","https://www.billboard.com/lists/2026-golden-globes-winners-list/"
"Golden Globes","Industry","USA","2000","Best Original Score - Motion Picture","2000-01-23","Ennio Morricone (The Legend of 1900)","https://en.wikipedia.org/wiki/57th_Golden_Globe_Awards"
"Golden Globes","Industry","USA","2001","Best Original Score - Motion Picture","2001-01-21","Hans Zimmer and Lisa Gerrard (Gladiator)","https://en.wikipedia.org/wiki/58th_Golden_Globe_Awards"
"Golden Globes","Industry","USA","2002","Best Original Score - Motion Picture","2002-01-20","Craig Armstrong (Moulin Rouge!)","https://en.wikipedia.org/wiki/59th_Golden_Globe_Awards"
"Golden Globes","Industry","USA","2003","Best Original Score - Motion Picture","2003-01-19","Elliot Goldenthal (Frida)","https://en.wikipedia.org/wiki/60th_Golden_Globe_Awards"
"Golden Globes","Industry","USA","2004","Best Original Score - Motion Picture","2004-01-25","Howard Shore (The Lord of the Rings: The Return of the King)","https://www.imdb.com/event/ev0000292/2004/1/"
"Golden Globes","Industry","USA","2005","Best Original Score - Motion Picture","2005-01-16","Howard Shore (The Aviator)","https://en.wikipedia.org/wiki/62nd_Golden_Globes"
"Golden Globes","Industry","USA","2006","Best Original Score - Motion Picture","2006-01-16","John Williams (Memoirs of a Geisha)","https://goldenglobes.com/articles/63rd-golden-globe-award-winners/"
"Golden Globes","Industry","USA","2007","Best Original Score - Motion Picture","2007-01-15","Alexandre Desplat (The Painted Veil)","https://www.imdb.com/event/ev0000292/2007/1/"
"Golden Globes","Industry","USA","2008","Best Original Score - Motion Picture","2008-01-13","Dario Marianelli (Atonement)","http://news.bbc.co.uk/2/hi/entertainment/7186422.stm"
"Golden Globes","Industry","USA","2009","Best Original Score - Motion Picture","2009-01-11","A. R. Rahman (Slumdog Millionaire)","https://en.wikipedia.org/wiki/66th_Golden_Globe_Awards"
"Golden Globes","Industry","USA","2010","Best Original Score - Motion Picture","2010-01-17","Michael Giacchino - Up","https://variety.com/2010/film/awards/67th-annual-golden-globes-winners-list-1118013907/"
"Golden Globes","Industry","USA","2011","Best Original Score - Motion Picture","2011-01-16","Trent Reznor and Atticus Ross (The Social Network)","https://en.wikipedia.org/wiki/68th_Golden_Globe_Awards"
"Golden Globes","Industry","USA","2012","Best Original Score - Motion Picture","2012-01-15","Ludovic Bource - The Artist","https://en.wikipedia.org/wiki/69th_Golden_Globe_Awards"
"Golden Globes","Industry","USA","2013","Best Original Score - Motion Picture","2013-01-13","Mychael Danna","https://en.wikipedia.org/wiki/70th_Golden_Globe_Awards"
"Golden Globes","Industry","USA","2014","Best Original Score - Motion Picture","2014-01-12","Alex Ebert (All Is Lost)","https://www.hollywoodreporter.com/news/general-news/golden-globes-2014-winners-list-2-670159/"
"Golden Globes","Industry","USA","2015","Best Original Score - Motion Picture","2015-01-11","Jóhann Jóhannsson","https://variety.com/2015/film/news/golden-globe-winners-2015-updated-list-1201400369/"
"Golden Globes","Industry","USA","2016","Best Original Score - Motion Picture","2016-01-10","Ennio Morricone (The Hateful Eight)","https://en.wikipedia.org/wiki/73rd_Golden_Globes"
"Golden Globes","Industry","USA","2017","Best Original Score - Motion Picture","2017-01-08","Justin Hurwitz (La La Land)","https://en.wikipedia.org/wiki/74th_Golden_Globe_Awards"
"Golden Globes","Industry","USA","2018","Best Original Score - Motion Picture","2018-01-07","Alexandre Desplat (The Shape of Water)","https://goldenglobes.com/winners-nominees/?y=2018"
"Golden Globes","Industry","USA","2019","Best Original Score - Motion Picture","2019-01-06","Justin Hurwitz (First Man)","https://en.wikipedia.org/wiki/76th_Golden_Globe_Awards"
"Golden Globes","Industry","USA","2020","Best Original Score - Motion Picture","2020-01-05","Hildur Guðnadóttir (Joker)","https://www.billboard.com/music/awards/hildur-gudnadottir-best-original-score-2020-golden-globes-joker-8547336/"
"Golden Globes","Industry","USA","2021","Best Original Score - Motion Picture","2021-02-28","Soul (Jon Batiste, Trent Reznor, and Atticus Ross)","https://en.wikipedia.org/wiki/78th_Golden_Globes"
"Golden Globes","Industry","USA","2022","Best Original Score - Motion Picture","2022-01-09","Hans Zimmer (Dune)","https://variety.com/2022/film/news/2022-golden-globes-winners-list-1235149340/"
"Golden Globes","Industry","USA","2023","Best Original Score - Motion Picture","2023-01-10","Justin Hurwitz - Babylon","https://www.billboard.com/music/awards/justin-hurwitz-2023-golden-globes-best-original-score-babylon-1235196887/"
"Golden Globes","Industry","USA","2024","Best Original Score - Motion Picture","2024-01-07","Ludwig Göransson","https://www.hollywoodreporter.com/movies/movie-news/golden-globes-2024-winners-list-1235781166/"
"Golden Globes","Industry","USA","2025","Best Original Score - Motion Picture","2025-01-05","Trent Reznor and Atticus Ross (Challengers)","https://www.hollywoodreporter.com/lists/golden-globes-2025-winners-list/"
"Golden Globes","Industry","USA","2026","Best Original Score - Motion Picture","2026-01-11","Ludwig Göransson (for Sinners)","https://en.wikipedia.org/wiki/83rd_Golden_Globes"
"Golden Globes","Industry","USA","2000","Best Motion Picture - Animated","","",""
"Golden Globes","Industry","USA","2001","Best Motion Picture - Animated","","",""
"Golden Globes","Industry","USA","2002","Best Motion Picture - Animated","","",""
"Golden Globes","Industry","USA","2003","Best Motion Picture - Animated","","",""
"Golden Globes","Industry","USA","2004","Best Motion Picture - Animated","","",""
"Golden Globes","Industry","USA","2005","Best Motion Picture - Animated","","",""
"Golden Globes","Industry","USA","2006","Best Motion Picture - Animated","","",""
"Golden Globes","Industry","USA","2007","Best Motion Picture - Animated","2007-01-15","Cars","https://goldenglobes.com/articles/2007-the-year-animation-received-its-own-category/"
"Golden Globes","Industry","USA","2008","Best Motion Picture - Animated","2008-01-13","Ratatouille","https://en.wikipedia.org/wiki/65th_Golden_Globe_Awards"
"Golden Globes","Industry","USA","2009","Best Motion Picture - Animated","2009-01-11","WALL-E","https://en.wikipedia.org/wiki/66th_Golden_Globe_Awards"
"Golden Globes","Industry","USA","2010","Best Motion Picture - Animated","2010-01-17","Up","https://en.wikipedia.org/wiki/67th_Golden_Globe_Awards"
"Golden Globes","Industry","USA","2011","Best Motion Picture - Animated","2011-01-16","Toy Story 3","https://en.wikipedia.org/wiki/68th_Golden_Globe_Awards"
"Golden Globes","Industry","USA","2012","Best Motion Picture - Animated","2012-01-15","The Adventures of Tintin","https://www.hollywoodreporter.com/news/general-news/golden-globes-2012-winners-list-282032/"
"Golden Globes","Industry","USA","2013","Best Motion Picture - Animated","2013-01-13","Brave","https://www.hollywoodreporter.com/news/general-news/golden-globes-2013-winners-revealed-411840/"
"Golden Globes","Industry","USA","2014","Best Motion Picture - Animated","2014-01-12","Frozen","https://en.wikipedia.org/wiki/71st_Golden_Globe_Awards"
"Golden Globes","Industry","USA","2015","Best Motion Picture - Animated","2015-01-11","How to Train Your Dragon 2","https://variety.com/2015/film/news/golden-globe-winners-2015-updated-list-1201400369/"
"Golden Globes","Industry","USA","2016","Best Motion Picture - Animated","2016-01-10","Inside Out","https://www.hollywoodreporter.com/movies/movie-news/inside-wins-golden-globe-best-853854/"
"Golden Globes","Industry","USA","2017","Best Motion Picture - Animated","2017-01-08","Zootopia","https://www.hollywoodreporter.com/movies/movie-news/zootopia-wins-best-animated-feature-film-golden-globes-2017-960442/"
"Golden Globes","Industry","USA","2018","Best Motion Picture - Animated","2018-01-07","Coco","https://en.wikipedia.org/wiki/75th_Golden_Globe_Awards"
"Golden Globes","Industry","USA","2019","Best Motion Picture - Animated","2019-01-06","Spider-Man: Into the Spider-Verse","https://en.wikipedia.org/wiki/76th_Golden_Globe_Awards"
"Golden Globes","Industry","USA","2020","Best Motion Picture - Animated","2020-01-05","Missing Link","https://en.wikipedia.org/wiki/77th_Golden_Globe_Awards"
"Golden Globes","Industry","USA","2021","Best Motion Picture - Animated","2021-02-28","Soul","https://en.wikipedia.org/wiki/78th_Golden_Globe_Awards"
"Golden Globes","Industry","USA","2022","Best Motion Picture - Animated","2022-01-09","Encanto","https://en.wikipedia.org/wiki/79th_Golden_Globes"
"Golden Globes","Industry","USA","2023","Best Motion Picture - Animated","2023-01-10","Guillermo del Toro's Pinocchio","https://goldenglobes.com/award-gallery/golden-globes-2023-winners-and-show-recap-live-updates/"
"Golden Globes","Industry","USA","2024","Best Motion Picture - Animated","2024-01-07","The Boy and the Heron","https://deadline.com/2024/01/the-boy-and-the-heron-wins-golden-globe-for-best-motion-picture-animated-1235697769/"
"Golden Globes","Industry","USA","2025","Best Motion Picture - Animated","2025-01-05","Flow","https://www.hollywoodreporter.com/lists/golden-globes-2025-winners-list/"
"Golden Globes","Industry","USA","2026","Best Motion Picture - Animated","2026-01-11","KPop Demon Hunters","https://www.latimes.com/entertainment-arts/story/2026-01-11/golden-globes-2026-winners-list"
"Golden Globes","Industry","USA","2000","Best Motion Picture – Non-English Language","2000-01-23","All About My Mother","https://en.wikipedia.org/wiki/57th_Golden_Globes"
"Golden Globes","Industry","USA","2001","Best Motion Picture – Non-English Language","2001-01-21","Crouching Tiger, Hidden Dragon","https://en.wikipedia.org/wiki/58th_Golden_Globe_Awards"
"Golden Globes","Industry","USA","2002","Best Motion Picture – Non-English Language","2002-01-20","No Man's Land","https://en.wikipedia.org/wiki/59th_Golden_Globe_Awards"
"Golden Globes","Industry","USA","2003","Best Motion Picture – Non-English Language","2003-01-19","Talk to Her","https://goldenglobes.com/film/talk-to-her/"
"Golden Globes","Industry","USA","2004","Best Motion Picture – Non-English Language","2004-01-25","Osama (Afghanistan)","https://en.wikipedia.org/wiki/61st_Golden_Globe_Awards"
"Golden Globes","Industry","USA","2005","Best Motion Picture – Non-English Language","2005-01-16","The Sea Inside","https://www.imdb.com/event/ev0000292/2005/1/"
"Golden Globes","Industry","USA","2006","Best Motion Picture – Non-English Language","2006-01-16","Paradise Now","https://www.goldenglobes.com/winners-nominees/2006"
"Golden Globes","Industry","USA","2007","Best Motion Picture – Non-English Language","2007-01-15","Letters from Iwo Jima","https://en.wikipedia.org/wiki/64th_Golden_Globe_Awards"
"Golden Globes","Industry","USA","2008","Best Motion Picture – Non-English Language","2008-01-13","The Diving Bell and the Butterfly","https://goldenglobes.com/articles/65th-golden-globe-award-winners/"
"Golden Globes","Industry","USA","2009","Best Motion Picture – Non-English Language","2009-01-11","Waltz with Bashir (Vals im Bashir)","https://en.wikipedia.org/wiki/66th_Golden_Globe_Awards"
"Golden Globes","Industry","USA","2010","Best Motion Picture – Non-English Language","2010-01-17","The White Ribbon","https://en.wikipedia.org/wiki/67th_Golden_Globes"
"Golden Globes","Industry","USA","2011","Best Motion Picture – Non-English Language","2011-01-16","In a Better World","https://goldenglobes.com/nominations/2011"
"Golden Globes","Industry","USA","2012","Best Motion Picture – Non-English Language","2012-01-15","A Separation","https://goldenglobes.com/winners-nominees/2012"
"Golden Globes","Industry","USA","2013","Best Motion Picture – Non-English Language","2013-01-13","Amour","https://en.wikipedia.org/wiki/70th_Golden_Globe_Awards"
"Golden Globes","Industry","USA","2014","Best Motion Picture – Non-English Language","2014-01-12","The Great Beauty","https://goldenglobes.com/film/the-great-beauty/"
"Golden Globes","Industry","USA","2015","Best Motion Picture – Non-English Language","2015-01-11","Leviathan","https://en.wikipedia.org/wiki/72nd_Golden_Globe_Awards"
"Golden Globes","Industry","USA","2016","Best Motion Picture – Non-English Language","2016-01-10","Son of Saul","https://variety.com/2016/film/awards/golden-globes-winners-updated-list-1201676275/"
"Golden Globes","Industry","USA","2017","Best Motion Picture – Non-English Language","2017-01-08","Elle","https://en.wikipedia.org/wiki/74th_Golden_Globe_Awards"
"Golden Globes","Industry","USA","2018","Best Motion Picture – Non-English Language","2018-01-07","In the Fade","https://en.wikipedia.org/wiki/75th_Golden_Globe_Awards"
"Golden Globes","Industry","USA","2019","Best Motion Picture – Non-English Language","2019-01-06","Roma","https://en.wikipedia.org/wiki/76th_Golden_Globe_Awards"
"Golden Globes","Industry","USA","2020","Best Motion Picture – Non-English Language","2020-01-05","Parasite","https://goldenglobes.com/video/parasite-best-motion-picture-foreign-language-wins/"
"Golden Globes","Industry","USA","2021","Best Motion Picture – Non-English Language","2021-02-28","Minari","https://goldenglobes.com/winners-nominees/?y=2021"
"Golden Globes","Industry","USA","2022","Best Motion Picture – Non-English Language","2022-01-09","Drive My Car","https://en.wikipedia.org/wiki/79th_Golden_Globe_Awards"
"Golden Globes","Industry","USA","2023","Best Motion Picture – Non-English Language","2023-01-10","Argentina, 1985","https://www.hollywoodreporter.com/movies/movie-news/golden-globes-2023-winners-list-1235294541/"
"Golden Globes","Industry","USA","2024","Best Motion Picture – Non-English Language","2024-01-07","Anatomy of a Fall","https://www.hollywoodreporter.com/movies/movie-news/golden-globes-2024-winners-list-1235781166/"
"Golden Globes","Industry","USA","2025","Best Motion Picture – Non-English Language","2025-01-05","Emilia Pérez","https://goldenglobes.com/articles/the-82nd-golden-globe-awards-winners/"
"Golden Globes","Industry","USA","2026","Best Motion Picture – Non-English Language","2026-01-11","The Secret Agent","https://www.billboard.com/lists/2026-golden-globes-winners-list/"
"Critics Choice Awards","Critics","USA","2000","Best Picture","2000-01-24","American Beauty","https://en.wikipedia.org/wiki/5th_Critics%27_Choice_Awards"
"Critics Choice Awards","Critics","USA","2001","Best Picture","2001-01-22","Gladiator","https://en.wikipedia.org/wiki/6th_Critics%27_Choice_Awards"
"Critics Choice Awards","Critics","USA","2002","Best Picture","2002-01-11","A Beautiful Mind","https://en.wikipedia.org/wiki/7th_Critics%27_Choice_Awards"
"Critics Choice Awards","Critics","USA","2003","Best Picture","2003-01-17","Chicago","https://en.wikipedia.org/wiki/8th_Critics%27_Choice_Awards"
"Critics Choice Awards","Critics","USA","2004","Best Picture","2004-01-10","The Lord of the Rings: The Return of the King","https://www.digitalhit.com/critics-choice-awards/2004/"
"Critics Choice Awards","Critics","USA","2005","Best Picture","2005-01-10","Sideways","https://en.wikipedia.org/wiki/10th_Critics%27_Choice_Awards"
"Critics Choice Awards","Critics","USA","2006","Best Picture","2006-01-09","Brokeback Mountain","https://en.wikipedia.org/wiki/11th_Critics%27_Choice_Awards"
"Critics Choice Awards","Critics","USA","2007","Best Picture","2007-01-14","The Departed","https://en.wikipedia.org/wiki/12th_Critics%27_Choice_Awards"
"Critics Choice Awards","Critics","USA","2008","Best Picture","2008-01-07","No Country for Old Men","https://variety.com/2008/film/awards/country-tops-critics-choice-awards-1117978648/"
"Critics Choice Awards","Critics","USA","2009","Best Picture","2009-01-08","Slumdog Millionaire","https://en.wikipedia.org/wiki/14th_Critics%27_Choice_Awards"
"Critics Choice Awards","Critics","USA","2010","Best Picture","2010-01-15","The Hurt Locker","https://members.criticschoice.com/movie-awards/15th-annual-critics-choice-movie-awards-2010-best-picture-the-hurt-locker/"
"Critics Choice Awards","Critics","USA","2011","Best Picture","2011-01-14","The Social Network","https://members.criticschoice.com/2011-critics-choice-movie-awards/"
"Critics Choice Awards","Critics","USA","2012","Best Picture","2012-01-12","The Artist","https://members.criticschoice.com/movie-awards/17th-annual-critics-choice-movie-awards-2012/"
"Critics Choice Awards","Critics","USA","2013","Best Picture","2013-01-10","Argo","https://members.criticschoice.com/movie-awards/18th-annual-critics-choice-movie-awards-2013-best-picture-argo/"
"Critics Choice Awards","Critics","USA","2014","Best Picture","2014-01-16","12 Years a Slave","https://members.criticschoice.com/movie-awards/19th-annual-critics-choice-awards-winners/"
"Critics Choice Awards","Critics","USA","2015","Best Picture","2015-01-15","Boyhood","https://www.criticschoice.com/2015/01/15/20th-annual-critics-choice-movie-awards-winners/"
"Critics Choice Awards","Critics","USA","2016","Best Picture","January 17, 2016; December 11, 2016","Spotlight (January ceremony); La La Land (December ceremony)","https://en.wikipedia.org/wiki/21st_Critics%27_Choice_Awards; https://en.wikipedia.org/wiki/22nd_Critics%27_Choice_Awards"
"Critics Choice Awards","Critics","USA","2017","Best Picture","2018-01-11","The Shape of Water","https://en.wikipedia.org/wiki/23rd_Critics%27_Choice_Awards"
"Critics Choice Awards","Critics","USA","2018","Best Picture","2018-01-11","The Shape of Water","https://en.wikipedia.org/wiki/23rd_Critics%27_Choice_Awards"
"Critics Choice Awards","Critics","USA","2019","Best Picture","2019-01-13","Roma","https://en.wikipedia.org/wiki/24th_Critics%27_Choice_Awards"
"Critics Choice Awards","Critics","USA","2020","Best Picture","2020-01-12","Once Upon a Time in Hollywood","https://variety.com/2020/scene/awards/critics-choice-awards-winners-list-2020-1203464376/"
"Critics Choice Awards","Critics","USA","2021","Best Picture","2021-03-07","Nomadland","https://variety.com/2021/film/news/2021-critics-choice-awards-winners-list-1234922714/"
"Critics Choice Awards","Critics","USA","2022","Best Picture","2022-03-13","The Power of the Dog","https://deadline.com/2022/03/critics-choice-awards-2022-winners-list-1234977395/"
"Critics Choice Awards","Critics","USA","2023","Best Picture","2023-01-15","Everything Everywhere All at Once","https://www.criticschoice.com/2023/01/15/the-winners-of-the-28th-annual-critics-choice-awards/"
"Critics Choice Awards","Critics","USA","2024","Best Picture","2024-01-14","Oppenheimer","https://www.criticschoice.com/2024/01/15/oppenheimer-wins-best-picture-at-the-29th-annual-critics-choice-awards/"
"Critics Choice Awards","Critics","USA","2025","Best Picture","2025-02-07","Anora","https://www.criticschoice.com/2025/02/07/anora-wins-best-picture-at-the-30th-annual-critics-choice-awards/"
"Critics Choice Awards","Critics","USA","2026","Best Picture","2026-01-04","One Battle After Another","https://www.criticschoice.com/2026/01/05/one-battle-after-another-wins-best-picture-at-the-31st-annual-critics-choice-awards/"
"Critics Choice Awards","Critics","USA","2000","Best Director","2000-01-24","Sam Mendes","https://en.wikipedia.org/wiki/5th_Critics%27_Choice_Awards"
"Critics Choice Awards","Critics","USA","2001","Best Director","2001-01-22","Steven Soderbergh (Traffic and Erin Brockovich)","https://en.wikipedia.org/wiki/6th_Critics%27_Choice_Awards"
"Critics Choice Awards","Critics","USA","2002","Best Director","2002-01-11","Ron Howard (A Beautiful Mind) and Baz Luhrmann (Moulin Rouge!) (Tie)","https://en.wikipedia.org/wiki/7th_Critics%27_Choice_Awards"
"Critics Choice Awards","Critics","USA","2003","Best Director","2003-01-17","Steven Spielberg (Catch Me If You Can and Minority Report)","https://en.wikipedia.org/wiki/8th_Critics%27_Choice_Awards"
"Critics Choice Awards","Critics","USA","2004","Best Director","2004-01-10","Peter Jackson","https://en.wikipedia.org/wiki/9th_Critics%27_Choice_Awards"
"Critics Choice Awards","Critics","USA","2005","Best Director","2005-01-10","Martin Scorsese","https://en.wikipedia.org/wiki/10th_Critics%27_Choice_Awards"
"Critics Choice Awards","Critics","USA","2006","Best Director","2006-01-09","Ang Lee (Brokeback Mountain)","https://en.wikipedia.org/wiki/11th_Critics%27_Choice_Awards"
"Critics Choice Awards","Critics","USA","2007","Best Director","2007-01-14","Martin Scorsese","https://en.wikipedia.org/wiki/12th_Critics%27_Choice_Awards"
"Critics Choice Awards","Critics","USA","2008","Best Director","2008-01-07","Joel Coen and Ethan Coen","https://en.wikipedia.org/wiki/13th_Critics%27_Choice_Awards"
"Critics Choice Awards","Critics","USA","2009","Best Director","2009-01-08","Danny Boyle","https://www.imdb.com/event/ev0000133/2009/1/"
"Critics Choice Awards","Critics","USA","2010","Best Director","2010-01-15","Kathryn Bigelow","https://en.wikipedia.org/wiki/15th_Critics%27_Choice_Awards"
"Critics Choice Awards","Critics","USA","2011","Best Director","2011-01-14","David Fincher","https://members.criticschoice.com/2011-critics-choice-movie-awards/"
"Critics Choice Awards","Critics","USA","2012","Best Director","2012-01-12","Michel Hazanavicius","https://members.criticschoice.com/movie-awards/17th-annual-critics-choice-movie-awards-2012/"
"Critics Choice Awards","Critics","USA","2013","Best Director","2013-01-10","Ben Affleck (Argo)","https://members.criticschoice.com/movie-awards/18th-annual-critics-choice-movie-awards-2013-best-picture-argo/"
"Critics Choice Awards","Critics","USA","2014","Best Director","2014-01-16","Alfonso Cuarón","https://members.criticschoice.com/movie-awards/19th-annual-critics-choice-awards-winners/"
"Critics Choice Awards","Critics","USA","2015","Best Director","2015-01-15","Richard Linklater","https://www.hollywoodreporter.com/movies/movie-news/critics-choice-awards-2015-winners-764183/"
"Critics Choice Awards","Critics","USA","2016","Best Director","January 17, 2016; December 11, 2016","George Miller (January); Damien Chazelle (December)","https://en.wikipedia.org/wiki/21st_Critics%27_Choice_Awards; https://en.wikipedia.org/wiki/22nd_Critics%27_Choice_Awards"
"Critics Choice Awards","Critics","USA","2017","Best Director","","",""
"Critics Choice Awards","Critics","USA","2018","Best Director","2018-01-11","Guillermo del Toro","https://en.wikipedia.org/wiki/23rd_Critics%27_Choice_Awards"
"Critics Choice Awards","Critics","USA","2019","Best Director","2019-01-13","Alfonso Cuarón","https://en.wikipedia.org/wiki/24th_Critics%27_Choice_Awards"
"Critics Choice Awards","Critics","USA","2020","Best Director","2020-01-12","Bong Joon-ho (Parasite) and Sam Mendes (1917) (Tie)","https://en.wikipedia.org/wiki/25th_Critics%27_Choice_Awards"
"Critics Choice Awards","Critics","USA","2021","Best Director","2021-03-07","Chloé Zhao","https://variety.com/2021/film/news/2021-critics-choice-awards-winners-list-1234922714/"
"Critics Choice Awards","Critics","USA","2022","Best Director","2022-03-13","Jane Campion","https://en.wikipedia.org/wiki/27th_Critics%27_Choice_Awards"
"Critics Choice Awards","Critics","USA","2023","Best Director","2023-01-15","Daniel Kwan and Daniel Scheinert","https://variety.com/2023/awards/news/critics-choice-awards-2023-winners-list-1235488828/"
"Critics Choice Awards","Critics","USA","2024","Best Director","2024-01-14","Christopher Nolan","https://variety.com/2024/film/news/critics-choice-awards-2024-winners-list-1235870581/"
"Critics Choice Awards","Critics","USA","2025","Best Director","2025-02-07","Jon M. Chu","https://www.hollywoodreporter.com/movies/movie-news/2025-critics-choice-awards-winners-list-1236128672/"
"Critics Choice Awards","Critics","USA","2026","Best Director","2026-01-04","Paul Thomas Anderson (One Battle After Another)","https://www.criticschoice.com/2026/01/05/one-battle-after-another-wins-best-picture-at-the-31st-annual-critics-choice-awards/"
"Critics Choice Awards","Critics","USA","2000","Best Actor","2000-01-24","Russell Crowe","https://en.wikipedia.org/wiki/5th_Critics%27_Choice_Awards"
"Critics Choice Awards","Critics","USA","2001","Best Actor","2001-01-22","Russell Crowe","https://en.wikipedia.org/wiki/6th_Critics%27_Choice_Awards"
"Critics Choice Awards","Critics","USA","2002","Best Actor","2002-01-11","Russell Crowe","https://en.wikipedia.org/wiki/7th_Critics%27_Choice_Awards"
"Critics Choice Awards","Critics","USA","2003","Best Actor","2003-01-17","Daniel Day-Lewis and Jack Nicholson (Tie)","https://en.wikipedia.org/wiki/8th_Critics%27_Choice_Awards"
"Critics Choice Awards","Critics","USA","2004","Best Actor","2004-01-10","Sean Penn","https://en.wikipedia.org/wiki/9th_Critics%27_Choice_Awards"
"Critics Choice Awards","Critics","USA","2005","Best Actor","2005-01-10","Jamie Foxx","https://en.wikipedia.org/wiki/10th_Critics%27_Choice_Awards"
"Critics Choice Awards","Critics","USA","2006","Best Actor","2006-01-09","Philip Seymour Hoffman","https://en.wikipedia.org/wiki/11th_Critics%27_Choice_Awards"
"Critics Choice Awards","Critics","USA","2007","Best Actor","2007-01-12","Forest Whitaker","https://www.imdb.com/event/ev0000133/2007/1/"
"Critics Choice Awards","Critics","USA","2008","Best Actor","2008-01-07","Daniel Day-Lewis","https://en.wikipedia.org/wiki/13th_Critics%27_Choice_Awards"
"Critics Choice Awards","Critics","USA","2009","Best Actor","2009-01-08","Sean Penn","https://en.wikipedia.org/wiki/14th_Critics%27_Choice_Awards"
"Critics Choice Awards","Critics","USA","2010","Best Actor","2010-01-15","Jeff Bridges","https://en.wikipedia.org/wiki/15th_Critics%27_Choice_Awards"
"Critics Choice Awards","Critics","USA","2011","Best Actor","2011-01-14","Colin Firth","https://members.criticschoice.com/2011-critics-choice-movie-awards/"
"Critics Choice Awards","Critics","USA","2012","Best Actor","2012-01-12","George Clooney","https://en.wikipedia.org/wiki/17th_Critics%27_Choice_Awards"
"Critics Choice Awards","Critics","USA","2013","Best Actor","2013-01-10","Daniel Day-Lewis","https://members.criticschoice.com/movie-awards/18th-annual-critics-choice-movie-awards-2013-best-picture-argo/"
"Critics Choice Awards","Critics","USA","2014","Best Actor","2014-01-16","Matthew McConaughey","https://www.hollywoodreporter.com/news/general-news/2014-critics-choice-awards-winners-671707/"
"Critics Choice Awards","Critics","USA","2015","Best Actor","2015-01-15","Michael Keaton","https://en.wikipedia.org/wiki/20th_Critics%27_Choice_Awards"
"Critics Choice Awards","Critics","USA","2016","Best Actor","January 17, 2016; December 11, 2016","Leonardo DiCaprio; Casey Affleck","https://en.wikipedia.org/wiki/21st_Critics%27_Choice_Awards; https://en.wikipedia.org/wiki/22nd_Critics%27_Choice_Awards"
"Critics Choice Awards","Critics","USA","2017","Best Actor","2016-12-11","Casey Affleck","https://en.wikipedia.org/wiki/22nd_Critics%27_Choice_Awards"
"Critics Choice Awards","Critics","USA","2018","Best Actor","2018-01-11","Gary Oldman","https://en.wikipedia.org/wiki/23rd_Critics%27_Choice_Awards"
"Critics Choice Awards","Critics","USA","2019","Best Actor","2019-01-13","Christian Bale","https://www.eonline.com/news/1002854/2019-critics-choice-awards-winners-the-complete-list"
"Critics Choice Awards","Critics","USA","2020","Best Actor","2020-01-12","Joaquin Phoenix","https://en.wikipedia.org/wiki/25th_Critics%27_Choice_Awards"
"Critics Choice Awards","Critics","USA","2021","Best Actor","2021-03-07","Chadwick Boseman","https://www.criticschoice.com/2021/03/07/26th-annual-critics-choice-awards-list-of-film-and-series-category-winners/"
"Critics Choice Awards","Critics","USA","2022","Best Actor","2022-03-13","Will Smith","https://www.criticschoice.com/2022/03/12/27th-annual-critics-choice-awards-winners/"
"Critics Choice Awards","Critics","USA","2023","Best Actor","2023-01-15","Brendan Fraser","https://variety.com/2023/awards/news/critics-choice-awards-2023-winners-list-1235488828/"
"Critics Choice Awards","Critics","USA","2024","Best Actor","2024-01-14","Paul Giamatti","https://en.wikipedia.org/wiki/29th_Critics%27_Choice_Awards"
"Critics Choice Awards","Critics","USA","2025","Best Actor","2025-02-07","Adrien Brody","https://variety.com/2025/film/news/critics-choice-awards-2025-winners-list-1236300265/"
"Critics Choice Awards","Critics","USA","2026","Best Actor","2026-01-04","Timothée Chalamet","https://deadline.com/2026/01/critics-choice-awards-winners-2026-list-1236661448/"
"Critics Choice Awards","Critics","USA","2000","Best Actress","2000-01-24","Hilary Swank","https://en.wikipedia.org/wiki/5th_Critics%27_Choice_Awards"
"Critics Choice Awards","Critics","USA","2001","Best Actress","2001-01-22","Julia Roberts","https://en.wikipedia.org/wiki/6th_Critics%27_Choice_Awards"
"Critics Choice Awards","Critics","USA","2002","Best Actress","2002-01-11","Sissy Spacek","https://en.wikipedia.org/wiki/7th_Critics%27_Choice_Awards"
"Critics Choice Awards","Critics","USA","2003","Best Actress","2003-01-17","Julianne Moore","https://en.wikipedia.org/wiki/8th_Critics%27_Choice_Awards"
"Critics Choice Awards","Critics","USA","2004","Best Actress","2004-01-10","Charlize Theron","https://en.wikipedia.org/wiki/9th_Critics%27_Choice_Awards"
"Critics Choice Awards","Critics","USA","2005","Best Actress","2005-01-10","Hilary Swank","https://en.wikipedia.org/wiki/10th_Critics%27_Choice_Awards"
"Critics Choice Awards","Critics","USA","2006","Best Actress","2006-01-09","Reese Witherspoon","https://en.wikipedia.org/wiki/11th_Critics%27_Choice_Awards"
"Critics Choice Awards","Critics","USA","2007","Best Actress","2007-01-14","Helen Mirren","https://en.wikipedia.org/wiki/12th_Critics%27_Choice_Awards"
"Critics Choice Awards","Critics","USA","2008","Best Actress","2008-01-07","Julie Christie","https://en.wikipedia.org/wiki/13th_Critics%27_Choice_Awards"
"Critics Choice Awards","Critics","USA","2009","Best Actress","2009-01-08","Anne Hathaway and Meryl Streep (Tie)","https://en.wikipedia.org/wiki/14th_Critics%27_Choice_Awards"
"Critics Choice Awards","Critics","USA","2010","Best Actress","2010-01-15","Meryl Streep and Sandra Bullock (Tie)","https://members.criticschoice.com/movie-awards/15th-annual-critics-choice-movie-awards-2010-best-picture-the-hurt-locker/"
"Critics Choice Awards","Critics","USA","2011","Best Actress","2011-01-14","Natalie Portman","https://members.criticschoice.com/2011_ccma/"
"Critics Choice Awards","Critics","USA","2012","Best Actress","2012-01-12","Viola Davis","https://members.criticschoice.com/movie-awards/17th-annual-critics-choice-movie-awards-2012/"
"Critics Choice Awards","Critics","USA","2013","Best Actress","2013-01-10","Jessica Chastain","https://en.wikipedia.org/wiki/18th_Critics%27_Choice_Awards"
"Critics Choice Awards","Critics","USA","2014","Best Actress","2014-01-16","Cate Blanchett","https://en.wikipedia.org/wiki/19th_Critics%27_Choice_Awards"
"Critics Choice Awards","Critics","USA","2015","Best Actress","2015-01-15","Julianne Moore","https://en.wikipedia.org/wiki/20th_Critics%27_Choice_Awards"
"Critics Choice Awards","Critics","USA","2016","Best Actress","January 17, 2016; December 11, 2016","Brie Larson (January); Natalie Portman (December)","https://en.wikipedia.org/wiki/21st_Critics%27_Choice_Awards; https://en.wikipedia.org/wiki/22nd_Critics%27_Choice_Awards"
"Critics Choice Awards","Critics","USA","2017","Best Actress","","",""
"Critics Choice Awards","Critics","USA","2018","Best Actress","2018-01-11","Frances McDormand","https://en.wikipedia.org/wiki/23rd_Critics%27_Choice_Awards"
"Critics Choice Awards","Critics","USA","2019","Best Actress","2019-01-13","Glenn Close and Lady Gaga (Tie)","https://en.wikipedia.org/wiki/24th_Critics%27_Choice_Awards"
"Critics Choice Awards","Critics","USA","2020","Best Actress","2020-01-12","Renée Zellweger","https://www.criticschoice.com/2020/01/12/25th-annual-critics-choice-awards-winners/"
"Critics Choice Awards","Critics","USA","2021","Best Actress","2021-03-07","Carey Mulligan","https://www.criticschoice.com/2021/03/07/26th-annual-critics-choice-awards-list-of-film-and-series-category-winners/"
"Critics Choice Awards","Critics","USA","2022","Best Actress","2022-03-13","Jessica Chastain","https://variety.com/2022/awards/awards/2022-critics-choice-awards-winners-list-1235203301/"
"Critics Choice Awards","Critics","USA","2023","Best Actress","2023-01-15","Cate Blanchett","https://en.wikipedia.org/wiki/28th_Critics%27_Choice_Awards"
"Critics Choice Awards","Critics","USA","2024","Best Actress","2024-01-14","Emma Stone","https://www.hollywoodreporter.com/movies/movie-news/2024-critics-choice-awards-winners-list-1235787712/"
"Critics Choice Awards","Critics","USA","2025","Best Actress","2025-02-07","Demi Moore","https://www.nytimes.com/2025/02/07/movies/critics-choice-awards-winners-complete-list.html"
"Critics Choice Awards","Critics","USA","2026","Best Actress","2026-01-04","Jessie Buckley","https://www.hollywoodreporter.com/lists/critics-choice-awards-2026-winners-list-full/"
"Critics Choice Awards","Critics","USA","2000","Best Supporting Actor","2000-01-24","Michael Clarke Duncan","https://en.wikipedia.org/wiki/5th_Critics%27_Choice_Awards"
"Critics Choice Awards","Critics","USA","2001","Best Supporting Actor","2001-01-22","Joaquin Phoenix (Gladiator and Quills)","https://en.wikipedia.org/wiki/6th_Critics%27_Choice_Awards"
"Critics Choice Awards","Critics","USA","2002","Best Supporting Actor","2002-01-11","Ben Kingsley","https://en.wikipedia.org/wiki/7th_Critics%27_Choice_Awards"
"Critics Choice Awards","Critics","USA","2003","Best Supporting Actor","2003-01-17","Chris Cooper","https://en.wikipedia.org/wiki/8th_Critics%27_Choice_Awards"
"Critics Choice Awards","Critics","USA","2004","Best Supporting Actor","2004-01-10","Tim Robbins","https://en.wikipedia.org/wiki/9th_Critics%27_Choice_Awards"
"Critics Choice Awards","Critics","USA","2005","Best Supporting Actor","2005-01-10","Thomas Haden Church","https://en.wikipedia.org/wiki/10th_Critics%27_Choice_Awards"
"Critics Choice Awards","Critics","USA","2006","Best Supporting Actor","2006-01-09","Paul Giamatti","https://en.wikipedia.org/wiki/11th_Critics%27_Choice_Awards"
"Critics Choice Awards","Critics","USA","2007","Best Supporting Actor","2007-01-12","Eddie Murphy","https://www.imdb.com/event/ev0000133/2007/1/"
"Critics Choice Awards","Critics","USA","2008","Best Supporting Actor","2008-01-07","Javier Bardem","https://en.wikipedia.org/wiki/13th_Critics%27_Choice_Awards"
"Critics Choice Awards","Critics","USA","2009","Best Supporting Actor","2009-01-08","Heath Ledger","https://en.wikipedia.org/wiki/14th_Critics%27_Choice_Awards"
"Critics Choice Awards","Critics","USA","2010","Best Supporting Actor","2010-01-15","Christoph Waltz","https://en.wikipedia.org/wiki/15th_Critics%27_Choice_Awards"
"Critics Choice Awards","Critics","USA","2011","Best Supporting Actor","2011-01-14","Christian Bale","https://en.wikipedia.org/wiki/16th_Critics%27_Choice_Awards"
"Critics Choice Awards","Critics","USA","2012","Best Supporting Actor","2012-01-12","Christopher Plummer","https://members.criticschoice.com/movie-awards/17th-annual-critics-choice-movie-awards-2012/"
"Critics Choice Awards","Critics","USA","2013","Best Supporting Actor","2013-01-10","Philip Seymour Hoffman","https://en.wikipedia.org/wiki/18th_Critics%27_Choice_Awards"
"Critics Choice Awards","Critics","USA","2014","Best Supporting Actor","2014-01-16","Jared Leto","https://members.criticschoice.com/movie-awards/19th-annual-critics-choice-awards-winners/"
"Critics Choice Awards","Critics","USA","2015","Best Supporting Actor","2015-01-15","J. K. Simmons","https://en.wikipedia.org/wiki/20th_Critics%27_Choice_Awards"
"Critics Choice Awards","Critics","USA","2016","Best Supporting Actor","January 17, 2016; December 11, 2016","Sylvester Stallone (January); Mahershala Ali (December)","https://en.wikipedia.org/wiki/21st_Critics%27_Choice_Awards; https://en.wikipedia.org/wiki/22nd_Critics%27_Choice_Awards"
"Critics Choice Awards","Critics","USA","2017","Best Supporting Actor","No ceremony held in 2017","",""
"Critics Choice Awards","Critics","USA","2018","Best Supporting Actor","2018-01-11","Sam Rockwell","https://en.wikipedia.org/wiki/23rd_Critics%27_Choice_Awards"
"Critics Choice Awards","Critics","USA","2019","Best Supporting Actor","2019-01-13","Mahershala Ali","https://variety.com/2019/film/awards/2019-critics-choice-awards-winners-nominees-full-list-1203106702/"
"Critics Choice Awards","Critics","USA","2020","Best Supporting Actor","2020-01-12","Brad Pitt","https://en.wikipedia.org/wiki/25th_Critics%27_Choice_Awards"
"Critics Choice Awards","Critics","USA","2021","Best Supporting Actor","2021-03-07","Daniel Kaluuya","https://www.criticschoice.com/2021/03/07/26th-annual-critics-choice-awards-list-of-film-and-series-category-winners/"
"Critics Choice Awards","Critics","USA","2022","Best Supporting Actor","2022-03-13","Troy Kotsur","https://www.criticschoice.com/2022/03/12/27th-annual-critics-choice-awards-winners/"
"Critics Choice Awards","Critics","USA","2023","Best Supporting Actor","2023-01-15","Ke Huy Quan","https://variety.com/2023/awards/news/critics-choice-awards-2023-winners-list-1235488828/"
"Critics Choice Awards","Critics","USA","2024","Best Supporting Actor","2024-01-14","Robert Downey Jr.","https://www.criticschoice.com/2024/01/14/29th-annual-critics-choice-awards-list-of-film-and-series-category-winners/"
"Critics Choice Awards","Critics","USA","2025","Best Supporting Actor","2025-02-07","Kieran Culkin","https://variety.com/2025/film/news/critics-choice-awards-2025-winners-list-1236300265/"
"Critics Choice Awards","Critics","USA","2026","Best Supporting Actor","2026-01-04","Jacob Elordi","https://www.hollywoodreporter.com/lists/critics-choice-awards-2026-winners-list-full/"
"Critics Choice Awards","Critics","USA","2000","Best Supporting Actress","2000-01-24","Angelina Jolie","https://en.wikipedia.org/wiki/5th_Critics%27_Choice_Awards"
"Critics Choice Awards","Critics","USA","2001","Best Supporting Actress","2001-01-22","Frances McDormand","https://en.wikipedia.org/wiki/6th_Critics%27_Choice_Awards"
"Critics Choice Awards","Critics","USA","2002","Best Supporting Actress","2002-01-11","Jennifer Connelly","https://en.wikipedia.org/wiki/7th_Critics%27_Choice_Awards"
"Critics Choice Awards","Critics","USA","2003","Best Supporting Actress","2003-01-17","Catherine Zeta-Jones","https://en.wikipedia.org/wiki/8th_Critics%27_Choice_Awards"
"Critics Choice Awards","Critics","USA","2004","Best Supporting Actress","2004-01-10","Renée Zellweger","https://en.wikipedia.org/wiki/9th_Critics%27_Choice_Awards"
"Critics Choice Awards","Critics","USA","2005","Best Supporting Actress","2005-01-10","Virginia Madsen","https://en.wikipedia.org/wiki/10th_Critics%27_Choice_Awards"
"Critics Choice Awards","Critics","USA","2006","Best Supporting Actress","2006-01-09","Amy Adams and Michelle Williams (tie)","https://en.wikipedia.org/wiki/11th_Critics%27_Choice_Awards"
"Critics Choice Awards","Critics","USA","2007","Best Supporting Actress","2007-01-14","Jennifer Hudson","https://en.wikipedia.org/wiki/12th_Critics%27_Choice_Awards"
"Critics Choice Awards","Critics","USA","2008","Best Supporting Actress","2008-01-07","Amy Ryan","https://en.wikipedia.org/wiki/13th_Critics%27_Choice_Awards"
"Critics Choice Awards","Critics","USA","2009","Best Supporting Actress","2009-01-08","Kate Winslet","https://playbill.com/article/winners-of-the-2009-critics-choice-awards-announced-com-156770"
"Critics Choice Awards","Critics","USA","2010","Best Supporting Actress","2010-01-15","Mo'Nique","https://en.wikipedia.org/wiki/15th_Critics%27_Choice_Awards"
"Critics Choice Awards","Critics","USA","2011","Best Supporting Actress","2011-01-14","Melissa Leo","https://members.criticschoice.com/2011_ccma/"
"Critics Choice Awards","Critics","USA","2012","Best Supporting Actress","2012-01-12","Octavia Spencer","https://en.wikipedia.org/wiki/17th_Critics%27_Choice_Awards"
"Critics Choice Awards","Critics","USA","2013","Best Supporting Actress","2013-01-10","Anne Hathaway","https://www.cbsnews.com/news/critics-choice-movie-awards-2013-list-of-winners/"
"Critics Choice Awards","Critics","USA","2014","Best Supporting Actress","2014-01-16","Lupita Nyong'o","https://www.hollywoodreporter.com/news/general-news/2014-critics-choice-awards-winners-671707/"
"Critics Choice Awards","Critics","USA","2015","Best Supporting Actress","2015-01-15","Patricia Arquette","https://en.wikipedia.org/wiki/20th_Critics%27_Choice_Awards"
"Critics Choice Awards","Critics","USA","2016","Best Supporting Actress","2016-01-17","Alicia Vikander","https://www.hollywoodreporter.com/lists/2016-critics-choice-awards-winners-856447/"
"Critics Choice Awards","Critics","USA","2017","Best Supporting Actress","December 11, 2016","Viola Davis","https://www.etonline.com/awards/204764_critics_choice_awards_2017_winners_list"
"Critics Choice Awards","Critics","USA","2018","Best Supporting Actress","2018-01-11","Allison Janney","https://en.wikipedia.org/wiki/23rd_Critics%27_Choice_Awards"
"Critics Choice Awards","Critics","USA","2019","Best Supporting Actress","2019-01-13","Regina King","https://ew.com/awards/2019/01/13/critics-choice-awards-2019-winners-list/"
"Critics Choice Awards","Critics","USA","2020","Best Supporting Actress","2020-01-12","Laura Dern","https://en.wikipedia.org/wiki/25th_Critics%27_Choice_Awards"
"Critics Choice Awards","Critics","USA","2021","Best Supporting Actress","2021-03-07","Maria Bakalova","https://variety.com/2021/film/news/2021-critics-choice-awards-winners-list-1234922714/"
"Critics Choice Awards","Critics","USA","2022","Best Supporting Actress","2022-03-13","Ariana DeBose","https://en.wikipedia.org/wiki/27th_Critics%27_Choice_Awards"
"Critics Choice Awards","Critics","USA","2023","Best Supporting Actress","2023-01-15","Angela Bassett","https://www.criticschoice.com/2023/01/15/the-winners-of-the-28th-annual-critics-choice-awards/"
"Critics Choice Awards","Critics","USA","2024","Best Supporting Actress","2024-01-14","Da'Vine Joy Randolph","https://en.wikipedia.org/wiki/29th_Critics%27_Choice_Awards"
"Critics Choice Awards","Critics","USA","2025","Best Supporting Actress","2025-02-07","Zoe Saldaña","https://people.com/critics-choice-awards-2025-winners-list-8787325"
"Critics Choice Awards","Critics","USA","2026","Best Supporting Actress","2026-01-04","Amy Madigan","https://www.hollywoodreporter.com/lists/critics-choice-awards-2026-winners-list-full/"
"Critics Choice Awards","Critics","USA","2000","Best Cinematography","","",""
"Critics Choice Awards","Critics","USA","2001","Best Cinematography","2001-01-22","John Mathieson (Gladiator)","https://www.imdb.com/event/ev0000133/2001/1/"
"Critics Choice Awards","Critics","USA","2002","Best Cinematography","","","https://en.wikipedia.org/wiki/7th_Critics%27_Choice_Awards"
"Critics Choice Awards","Critics","USA","2003","Best Cinematography","","","https://en.wikipedia.org/wiki/8th_Critics%27_Choice_Awards"
"Critics Choice Awards","Critics","USA","2004","Best Cinematography","","",""
"Critics Choice Awards","Critics","USA","2005","Best Cinematography","","",""
"Critics Choice Awards","Critics","USA","2006","Best Cinematography","","",""
"Critics Choice Awards","Critics","USA","2007","Best Cinematography","2007-01-14","","https://en.wikipedia.org/wiki/12th_Critics%27_Choice_Awards"
"Critics Choice Awards","Critics","USA","2008","Best Cinematography","","",""
"Critics Choice Awards","Critics","USA","2009","Best Cinematography","2009-01-08","Slumdog Millionaire (Anthony Dod Mantle)","https://en.wikipedia.org/wiki/14th_Critics%27_Choice_Awards"
"Critics Choice Awards","Critics","USA","2010","Best Cinematography","2010-01-15","Avatar (Mauro Fiore)","https://en.wikipedia.org/wiki/15th_Critics%27_Choice_Awards"
"Critics Choice Awards","Critics","USA","2011","Best Cinematography","2011-01-14","Wally Pfister (Inception)","https://en.wikipedia.org/wiki/16th_Critics%27_Choice_Awards"
"Critics Choice Awards","Critics","USA","2012","Best Cinematography","2012-01-12","Emmanuel Lubezki (The Tree of Life) and Janusz Kamiński (War Horse) (TIE)","https://members.criticschoice.com/movie-awards/17th-annual-critics-choice-movie-awards-2012/"
"Critics Choice Awards","Critics","USA","2013","Best Cinematography","2013-01-10","Claudio Miranda (Life of Pi)","https://en.wikipedia.org/wiki/18th_Critics%27_Choice_Awards"
"Critics Choice Awards","Critics","USA","2014","Best Cinematography","2014-01-16","Emmanuel Lubezki (Gravity)","https://members.criticschoice.com/movie-awards/19th-annual-critics-choice-awards-winners/"
"Critics Choice Awards","Critics","USA","2015","Best Cinematography","2015-01-15","Emmanuel Lubezki (Birdman)","https://members.criticschoice.com/movie-awards/20th-annual-critics-choice-awards-winners/"
"Critics Choice Awards","Critics","USA","2016","Best Cinematography","January 17, 2016 and December 11, 2016","Emmanuel Lubezki (The Revenant) and Linus Sandgren (La La Land)","https://www.criticschoice.com/critics-choice-awards/"
"Critics Choice Awards","Critics","USA","2017","Best Cinematography","","",""
"Critics Choice Awards","Critics","USA","2018","Best Cinematography","2018-01-11","Roger Deakins (Blade Runner 2049)","https://www.hollywoodreporter.com/lists/2018-critics-choice-awards-winners-list-full-1067731/"
"Critics Choice Awards","Critics","USA","2019","Best Cinematography","2019-01-13","Alfonso Cuarón (Roma)","https://www.criticschoice.com/2019/01/17/24th-annual-critics-choice-awards-list-of-film-and-series-category-winners/"
"Critics Choice Awards","Critics","USA","2020","Best Cinematography","2020-01-12","Roger Deakins (1917)","https://variety.com/2020/scene/awards/critics-choice-awards-winners-list-2020-1203464376/"
"Critics Choice Awards","Critics","USA","2021","Best Cinematography","2021-03-07","Joshua James Richards (Nomadland)","https://variety.com/2021/film/news/2021-critics-choice-awards-winners-list-1234922714/"
"Critics Choice Awards","Critics","USA","2022","Best Cinematography","2022-03-13","Ari Wegner (The Power of the Dog)","https://variety.com/2022/awards/awards/2022-critics-choice-awards-winners-list-1235203301/"
"Critics Choice Awards","Critics","USA","2023","Best Cinematography","2023-01-15","Claudio Miranda (Top Gun: Maverick)","https://variety.com/2023/awards/news/critics-choice-awards-2023-winners-list-1235488828/"
"Critics Choice Awards","Critics","USA","2024","Best Cinematography","2024-01-14","Hoyte van Hoytema (Oppenheimer)","https://www.criticschoice.com/2024/01/14/29th-annual-critics-choice-awards-list-of-film-and-series-category-winners/"
"Critics Choice Awards","Critics","USA","2025","Best Cinematography","2025-02-07","Jarin Blaschke (Nosferatu)","https://variety.com/2025/film/news/critics-choice-awards-2025-winners-list-1236300265/"
"Critics Choice Awards","Critics","USA","2026","Best Cinematography","January 4, 2026","Adolpho Veloso (Train Dreams)","https://www.hollywoodreporter.com/lists/critics-choice-awards-2026-winners-list-full/"
"Critics Choice Awards","Critics","USA","2000","Best Editing","January 24, 2000","","https://en.wikipedia.org/wiki/5th_Critics%27_Choice_Awards"
"Critics Choice Awards","Critics","USA","2001","Best Editing","2001-01-22","","https://en.wikipedia.org/wiki/6th_Critics%27_Choice_Awards"
"Critics Choice Awards","Critics","USA","2002","Best Editing","","",""
"Critics Choice Awards","Critics","USA","2003","Best Editing","","",""
"Critics Choice Awards","Critics","USA","2004","Best Editing","2004-01-10","","https://en.wikipedia.org/wiki/9th_Critics%27_Choice_Awards"
"Critics Choice Awards","Critics","USA","2005","Best Editing","","",""
"Critics Choice Awards","Critics","USA","2006","Best Editing","","",""
"Critics Choice Awards","Critics","USA","2007","Best Editing","","",""
"Critics Choice Awards","Critics","USA","2008","Best Editing","","",""
"Critics Choice Awards","Critics","USA","2009","Best Editing","2009-01-08","Chris Dickens (Slumdog Millionaire)","https://en.wikipedia.org/wiki/List_of_accolades_received_by_Slumdog_Millionaire"
"Critics Choice Awards","Critics","USA","2010","Best Editing","2010-01-15","Avatar (James Cameron, John Refoua, and Stephen E. Rivkin)","https://en.wikipedia.org/wiki/15th_Critics%27_Choice_Awards"
"Critics Choice Awards","Critics","USA","2011","Best Editing","2011-01-14","Lee Smith (Inception)","https://members.criticschoice.com/2011-critics-choice-movie-awards/"
"Critics Choice Awards","Critics","USA","2012","Best Editing","2012-01-12","The Girl with the Dragon Tattoo","https://members.criticschoice.com/movie-awards/17th-annual-critics-choice-movie-awards-2012/"
"Critics Choice Awards","Critics","USA","2013","Best Editing","2013-01-10","William Goldenberg and Dylan Tichenor (Zero Dark Thirty)","https://www.cbsnews.com/news/critics-choice-movie-awards-2013-list-of-winners/"
"Critics Choice Awards","Critics","USA","2014","Best Editing","2014-01-16","Alfonso Cuarón and Mark Sanger (for Gravity)","https://members.criticschoice.com/movie-awards/19th-annual-critics-choice-awards-winners/"
"Critics Choice Awards","Critics","USA","2015","Best Editing","2015-01-15","Birdman (Douglas Crise and Stephen Mirrione)","https://members.criticschoice.com/movie-awards/20th-annual-critics-choice-awards-winners/"
"Critics Choice Awards","Critics","USA","2016","Best Editing","January 17, 2016; December 11, 2016","Margaret Sixel (Mad Max: Fury Road); Tom Cross (La La Land)","https://members.criticschoice.com/movie-awards/21st-annual-critics-choice-awards-winners/; https://en.wikipedia.org/wiki/22nd_Critics%27_Choice_Awards"
"Critics Choice Awards","Critics","USA","2017","Best Editing","","",""
"Critics Choice Awards","Critics","USA","2018","Best Editing","2018-01-11","Paul Machliss and Jonathan Amos (Baby Driver) AND Lee Smith (Dunkirk) (TIE)","https://en.wikipedia.org/wiki/23rd_Critics%27_Choice_Awards"
"Critics Choice Awards","Critics","USA","2019","Best Editing","2019-01-13","Tom Cross (First Man)","https://en.wikipedia.org/wiki/24th_Critics%27_Choice_Awards"
"Critics Choice Awards","Critics","USA","2020","Best Editing","2020-01-12","Lee Smith (1917)","https://variety.com/2020/scene/awards/critics-choice-awards-winners-list-2020-1203464376/"
"Critics Choice Awards","Critics","USA","2021","Best Editing","2021-03-07","Mikkel E.G. Nielsen (Sound of Metal) and Alan Baumgarten (The Trial of the Chicago 7) (Tie)","https://variety.com/2021/film/news/2021-critics-choice-awards-winners-list-1234922714/"
"Critics Choice Awards","Critics","USA","2022","Best Editing","2022-03-13","Sarah Broshar and Michael Kahn (West Side Story)","https://variety.com/2022/awards/awards/2022-critics-choice-awards-winners-list-1235203301/"
"Critics Choice Awards","Critics","USA","2023","Best Editing","2023-01-15","Paul Rogers – Everything Everywhere All at Once","https://variety.com/2023/awards/news/critics-choice-awards-2023-winners-list-1235488828/"
"Critics Choice Awards","Critics","USA","2024","Best Editing","2024-01-14","Jennifer Lame (Oppenheimer)","https://en.wikipedia.org/wiki/29th_Critics%27_Choice_Awards"
"Critics Choice Awards","Critics","USA","2025","Best Editing","2025-02-07","Marco Costa (Challengers)","https://www.criticschoice.com/2025/02/07/30th-annual-critics-choice-awards-list-of-film-and-series-category-winners/"
"Critics Choice Awards","Critics","USA","2026","Best Editing","2026-01-04","Stephen Mirrione (F1)","https://www.hollywoodreporter.com/lists/critics-choice-awards-2026-winners-list-full/"
"Critics Choice Awards","Critics","USA","2000","Best Adapted Screenplay","2000-01-24","Frank Darabont for The Green Mile","https://www.digitalhit.com/critics-choice-awards/2000/"
"Critics Choice Awards","Critics","USA","2001","Best Adapted Screenplay","2001-01-22","Stephen Gaghan (Traffic) and Steve Kloves (Wonder Boys) (tie)","https://www.imdb.com/event/ev0000133/2001/1/"
"Critics Choice Awards","Critics","USA","2002","Best Adapted Screenplay","","",""
"Critics Choice Awards","Critics","USA","2003","Best Adapted Screenplay","January 17, 2003","","https://en.wikipedia.org/wiki/8th_Critics%27_Choice_Awards"
"Critics Choice Awards","Critics","USA","2004","Best Adapted Screenplay","2004-01-10","Jim Sheridan, Kirsten Sheridan, and Naomi Sheridan (In America)","https://www.today.com/popculture/rings-sweeps-big-prizes-critics-choice-wbna3931892"
"Critics Choice Awards","Critics","USA","2005","Best Adapted Screenplay","","",""
"Critics Choice Awards","Critics","USA","2006","Best Adapted Screenplay","","",""
"Critics Choice Awards","Critics","USA","2007","Best Adapted Screenplay","2007-01-12","","https://en.wikipedia.org/wiki/12th_Critics%27_Choice_Awards"
"Critics Choice Awards","Critics","USA","2008","Best Adapted Screenplay","","","https://en.wikipedia.org/wiki/13th_Critics%27_Choice_Awards"
"Critics Choice Awards","Critics","USA","2009","Best Adapted Screenplay","","",""
"Critics Choice Awards","Critics","USA","2010","Best Adapted Screenplay","2010-01-15","Up in the Air (Jason Reitman and Sheldon Turner)","https://en.wikipedia.org/wiki/15th_Critics%27_Choice_Awards"
"Critics Choice Awards","Critics","USA","2011","Best Adapted Screenplay","2011-01-14","Aaron Sorkin (The Social Network)","https://members.criticschoice.com/2011-critics-choice-movie-awards/"
"Critics Choice Awards","Critics","USA","2012","Best Adapted Screenplay","2012-01-12","Steven Zaillian, Aaron Sorkin, and Stan Chervin (Moneyball)","https://www.criticschoice.com/17th-annual-critics-choice-movie-awards-2012/"
"Critics Choice Awards","Critics","USA","2013","Best Adapted Screenplay","2013-01-10","Tony Kushner (Lincoln)","https://www.cbsnews.com/news/critics-choice-movie-awards-2013-list-of-winners/"
"Critics Choice Awards","Critics","USA","2014","Best Adapted Screenplay","2014-01-16","John Ridley – 12 Years a Slave","https://en.wikipedia.org/wiki/19th_Critics%27_Choice_Awards"
"Critics Choice Awards","Critics","USA","2015","Best Adapted Screenplay","2015-01-15","Gillian Flynn (Gone Girl)","https://en.wikipedia.org/wiki/20th_Critics%27_Choice_Awards"
"Critics Choice Awards","Critics","USA","2016","Best Adapted Screenplay","January 17, 2016; December 11, 2016","Charles Randolph and Adam McKay (The Big Short); Eric Heisserer (Arrival)","https://members.criticschoice.com/movie-awards/21st-annual-critics-choice-awards-winners/; https://members.criticschoice.com/movie-awards/22nd-annual-critics-choice-awards-winners/"
"Critics Choice Awards","Critics","USA","2017","Best Adapted Screenplay","","",""
"Critics Choice Awards","Critics","USA","2018","Best Adapted Screenplay","2018-01-11","James Ivory – Call Me by Your Name","https://www.hollywoodreporter.com/lists/2018-critics-choice-awards-winners-list-full-1067731/"
"Critics Choice Awards","Critics","USA","2019","Best Adapted Screenplay","2019-01-13","Barry Jenkins (If Beale Street Could Talk)","https://www.hollywoodreporter.com/lists/2019-critics-choice-awards-winners-list-full-1172261/"
"Critics Choice Awards","Critics","USA","2020","Best Adapted Screenplay","2020-01-12","Greta Gerwig (Little Women)","https://www.criticschoice.com/2020/01/12/25th-annual-critics-choice-awards-list-of-film-and-series-category-winners/"
"Critics Choice Awards","Critics","USA","2021","Best Adapted Screenplay","2021-03-07","Chloé Zhao (Nomadland)","https://www.criticschoice.com/2021/03/07/26th-annual-critics-choice-awards-list-of-film-and-series-category-winners/"
"Critics Choice Awards","Critics","USA","2022","Best Adapted Screenplay","2022-03-13","Jane Campion – The Power of the Dog","https://en.wikipedia.org/wiki/27th_Critics%27_Choice_Awards"
"Critics Choice Awards","Critics","USA","2023","Best Adapted Screenplay","2023-01-15","Sarah Polley (Women Talking)","https://variety.com/2023/awards/news/critics-choice-awards-2023-winners-list-1235488828/"
"Critics Choice Awards","Critics","USA","2024","Best Adapted Screenplay","2024-01-14","Cord Jefferson (American Fiction)","https://www.hollywoodreporter.com/movies/movie-news/2024-critics-choice-awards-winners-list-1235787712/"
"Critics Choice Awards","Critics","USA","2025","Best Adapted Screenplay","2025-02-07","Peter Straughan (Conclave)","https://variety.com/2025/film/news/critics-choice-awards-2025-winners-list-1236300265/"
"Critics Choice Awards","Critics","USA","2026","Best Adapted Screenplay","2026-01-04","Paul Thomas Anderson (One Battle After Another)","https://www.criticschoice.com/2026/01/05/one-battle-after-another-wins-best-picture-at-the-31st-annual-critics-choice-awards/"
"Critics Choice Awards","Critics","USA","2000","Best Original Screenplay","2000-01-24","Alan Ball (American Beauty)","https://en.wikipedia.org/wiki/5th_Critics%27_Choice_Awards"
"Critics Choice Awards","Critics","USA","2001","Best Original Screenplay","2001-01-22","Cameron Crowe","https://en.wikipedia.org/wiki/6th_Critics%27_Choice_Awards"
"Critics Choice Awards","Critics","USA","2002","Best Original Screenplay","2002-01-11","Christopher Nolan (Memento)","https://en.wikipedia.org/wiki/7th_Critics%27_Choice_Awards"
"Critics Choice Awards","Critics","USA","2003","Best Original Screenplay","","",""
"Critics Choice Awards","Critics","USA","2004","Best Original Screenplay","","",""
"Critics Choice Awards","Critics","USA","2005","Best Original Screenplay","","",""
"Critics Choice Awards","Critics","USA","2006","Best Original Screenplay","2006-01-09","Paul Haggis and Bobby Moresco (Crash)","https://en.wikipedia.org/wiki/11th_Critics%27_Choice_Awards"
"Critics Choice Awards","Critics","USA","2007","Best Original Screenplay","","",""
"Critics Choice Awards","Critics","USA","2008","Best Original Screenplay","January 7, 2008","Diablo Cody (as Best Writer)","https://en.wikipedia.org/wiki/13th_Critics%27_Choice_Awards"
"Critics Choice Awards","Critics","USA","2009","Best Original Screenplay","","",""
"Critics Choice Awards","Critics","USA","2010","Best Original Screenplay","2010-01-15","Quentin Tarantino (Inglourious Basterds)","https://en.wikipedia.org/wiki/15th_Critics%27_Choice_Awards"
"Critics Choice Awards","Critics","USA","2011","Best Original Screenplay","2011-01-14","David Seidler (The King's Speech)","https://members.criticschoice.com/2011-critics-choice-movie-awards/"
"Critics Choice Awards","Critics","USA","2012","Best Original Screenplay","2012-01-12","Woody Allen (Midnight in Paris)","https://en.wikipedia.org/wiki/17th_Critics%27_Choice_Awards"
"Critics Choice Awards","Critics","USA","2013","Best Original Screenplay","2013-01-10","Quentin Tarantino (""Django Unchained"")","https://www.cbsnews.com/news/critics-choice-movie-awards-2013-list-of-winners/"
"Critics Choice Awards","Critics","USA","2014","Best Original Screenplay","2014-01-16","Spike Jonze (Her)","https://ew.com/article/2014/01/16/critics-choice-movie-awards-winners/"
"Critics Choice Awards","Critics","USA","2015","Best Original Screenplay","2015-01-15","Alejandro G. Iñárritu, Nicolás Giacobone, Alexander Dinelaris Jr., and Armando Bó (Birdman)","https://www.hollywoodreporter.com/movies/movie-news/critics-choice-awards-2015-winners-764183/"
"Critics Choice Awards","Critics","USA","2016","Best Original Screenplay","January 17, 2016","Josh Singer and Tom McCarthy – Spotlight","https://en.wikipedia.org/wiki/Critics%27_Choice_Movie_Award_for_Best_Original_Screenplay"
"Critics Choice Awards","Critics","USA","2017","Best Original Screenplay","","",""
"Critics Choice Awards","Critics","USA","2018","Best Original Screenplay","2018-01-11","Jordan Peele (Get Out)","https://www.cbsnews.com/news/2018-critics-choice-awards-full-list-of-winners/"
"Critics Choice Awards","Critics","USA","2019","Best Original Screenplay","2019-01-13","Paul Schrader (First Reformed)","https://ew.com/awards/2019/01/13/critics-choice-awards-2019-winners-list/"
"Critics Choice Awards","Critics","USA","2020","Best Original Screenplay","2020-01-12","Quentin Tarantino (Once Upon a Time in Hollywood)","https://en.wikipedia.org/wiki/25th_Critics%27_Choice_Awards"
"Critics Choice Awards","Critics","USA","2021","Best Original Screenplay","2021-03-07","Emerald Fennell – Promising Young Woman","https://www.criticschoice.com/2021/03/07/26th-annual-critics-choice-awards-list-of-film-and-series-category-winners/"
"Critics Choice Awards","Critics","USA","2022","Best Original Screenplay","2022-03-13","Kenneth Branagh (Belfast)","https://www.eonline.com/news/1322701/critics-choice-awards-2022-winners-the-complete-list"
"Critics Choice Awards","Critics","USA","2023","Best Original Screenplay","2023-01-15","Daniel Kwan and Daniel Scheinert (Everything Everywhere All at Once)","https://variety.com/2023/awards/news/critics-choice-awards-2023-winners-list-1235488828/"
"Critics Choice Awards","Critics","USA","2024","Best Original Screenplay","2024-01-14","Greta Gerwig & Noah Baumbach (Barbie)","https://www.hollywoodreporter.com/movies/movie-news/2024-critics-choice-awards-winners-list-1235787712/"
"Critics Choice Awards","Critics","USA","2025","Best Original Screenplay","2025-02-07","Coralie Fargeat – The Substance","https://www.criticschoice.com/2025/02/07/30th-annual-critics-choice-awards-list-of-film-and-series-category-winners/"
"Critics Choice Awards","Critics","USA","2026","Best Original Screenplay","2026-01-04","Ryan Coogler (Sinners)","https://www.criticschoice.com/critics-choice-awards/"
"Critics Choice Awards","Critics","USA","2000","Best Song","2000-01-24","""Music of My Heart""","https://en.wikipedia.org/wiki/5th_Critics%27_Choice_Awards"
"Critics Choice Awards","Critics","USA","2001","Best Song","2001-01-22","""My Funny Friend and Me"" (Sting)","https://en.wikipedia.org/wiki/6th_Critics%27_Choice_Awards"
"Critics Choice Awards","Critics","USA","2002","Best Song","2002-01-11","""May It Be"" from The Lord of the Rings: The Fellowship of the Ring and ""Vanilla Sky"" from Vanilla Sky (Tie)","https://en.wikipedia.org/wiki/7th_Critics%27_Choice_Awards"
"Critics Choice Awards","Critics","USA","2003","Best Song","2003-01-17","""Lose Yourself"" (Eminem) - 8 Mile","https://www.imdb.com/event/ev0000133/2003/1/"
"Critics Choice Awards","Critics","USA","2004","Best Song","2004-01-10","""A Mighty Wind"" from A Mighty Wind (Christopher Guest, Michael McKean, and Eugene Levy)","https://en.wikipedia.org/wiki/9th_Critics%27_Choice_Awards"
"Critics Choice Awards","Critics","USA","2005","Best Song","2005-01-10","""Old Habits Die Hard"" from Alfie","https://www.imdb.com/event/ev0000133/2005/1/"
"Critics Choice Awards","Critics","USA","2006","Best Song","2006-01-09","""Hustle & Flow"" (from Hustle & Flow)","https://en.wikipedia.org/wiki/11th_Critics%27_Choice_Awards"
"Critics Choice Awards","Critics","USA","2007","Best Song","2007-01-14","""Listen"" (from Dreamgirls)","https://www.digitalhit.com/critics-choice-awards/2007/"
"Critics Choice Awards","Critics","USA","2008","Best Song","2008-01-07","""Falling Slowly"" from Once","https://en.wikipedia.org/wiki/13th_Critics%27_Choice_Awards"
"Critics Choice Awards","Critics","USA","2009","Best Song","2009-01-08","""The Wrestler"" from The Wrestler (Bruce Springsteen)","https://playbill.com/article/winners-of-the-2009-critics-choice-awards-announced-com-156770"
"Critics Choice Awards","Critics","USA","2010","Best Song","2010-01-15","""The Weary Kind"" (Crazy Heart)","https://en.wikipedia.org/wiki/15th_Critics%27_Choice_Awards"
"Critics Choice Awards","Critics","USA","2011","Best Song","2011-01-14","""If I Rise"" – 127 Hours","https://members.criticschoice.com/2011_ccma/"
"Critics Choice Awards","Critics","USA","2012","Best Song","2012-01-12","""Life’s a Happy Song"" from The Muppets","https://members.criticschoice.com/movie-awards/17th-annual-critics-choice-movie-awards-2012/"
"Critics Choice Awards","Critics","USA","2013","Best Song","2013-01-10","Skyfall","https://members.criticschoice.com/movie-awards/18th-annual-critics-choice-movie-awards-2013-best-picture-argo/"
"Critics Choice Awards","Critics","USA","2014","Best Song","2014-01-16","""Let It Go"" (Frozen) – Robert Lopez and Kristen Anderson-Lopez","https://www.hollywoodreporter.com/news/general-news/2014-critics-choice-awards-winners-671707/"
"Critics Choice Awards","Critics","USA","2015","Best Song","2015-01-15","""Glory"" – Common and John Legend (Selma)","https://members.criticschoice.com/movie-awards/20th-annual-critics-choice-awards-winners/"
"Critics Choice Awards","Critics","USA","2016","Best Song","January 17, 2016; December 11, 2016","""See You Again"" from Furious 7 (January); ""City of Stars"" from La La Land (December)","https://en.wikipedia.org/wiki/21st_Critics%27_Choice_Awards; https://en.wikipedia.org/wiki/22nd_Critics%27_Choice_Awards"
"Critics Choice Awards","Critics","USA","2017","Best Song","","",""
"Critics Choice Awards","Critics","USA","2018","Best Song","2018-01-11","""Remember Me"" – Coco","https://www.hollywoodreporter.com/lists/2018-critics-choice-awards-winners-list-full-1067731/"
"Critics Choice Awards","Critics","USA","2019","Best Song","2019-01-13","""Shallow"" (from A Star Is Born)","https://en.wikipedia.org/wiki/24th_Critics%27_Choice_Awards"
"Critics Choice Awards","Critics","USA","2020","Best Song","2020-01-12","""(I'm Gonna) Love Me Again"" from Rocketman and ""Glasgow (No Place Like Home)"" from Wild Rose (Tie)","https://www.hollywoodreporter.com/lists/2020-critics-choice-awards-winners-list-full-1267901/"
"Critics Choice Awards","Critics","USA","2021","Best Song","2021-03-07","""Speak Now"" (from One Night in Miami...)","https://www.criticschoice.com/2021/03/07/26th-annual-critics-choice-awards-list-of-film-and-series-category-winners/"
"Critics Choice Awards","Critics","USA","2022","Best Song","2022-03-13","""No Time to Die"" from No Time to Die","https://www.criticschoice.com/2022/03/12/27th-annual-critics-choice-awards-winners/"
"Critics Choice Awards","Critics","USA","2023","Best Song","2023-01-15","""Naatu Naatu"" from RRR","https://variety.com/2023/awards/news/critics-choice-awards-2023-winners-list-1235488828/"
"Critics Choice Awards","Critics","USA","2024","Best Song","2024-01-14","""I'm Just Ken"" from Barbie","https://variety.com/2024/film/news/critics-choice-awards-2024-winners-list-1235870581/"
"Critics Choice Awards","Critics","USA","2025","Best Song","2025-02-07","""El Mal"" from Emilia Pérez","https://variety.com/2025/film/news/critics-choice-awards-2025-winners-list-1236300265/"
"Critics Choice Awards","Critics","USA","2026","Best Song","2026-01-04","""Golden"" from KPop Demon Hunters","https://deadline.com/2026/01/critics-choice-awards-winners-2026-list-1236661448/"
"Critics Choice Awards","Critics","USA","2000","Best Score","2000-01-24","Gabriel Yared (The Talented Mr. Ripley)","https://en.wikipedia.org/wiki/5th_Critics%27_Choice_Awards"
"Critics Choice Awards","Critics","USA","2001","Best Score","2001-01-22","Hans Zimmer","https://en.wikipedia.org/wiki/6th_Critics%27_Choice_Awards"
"Critics Choice Awards","Critics","USA","2002","Best Score","2002-01-11","Howard Shore","https://en.wikipedia.org/wiki/7th_Critics%27_Choice_Awards"
"Critics Choice Awards","Critics","USA","2003","Best Score","2003-01-17","John Williams (for Catch Me If You Can, Harry Potter and the Chamber of Secrets, and Minority Report)","https://en.wikipedia.org/wiki/8th_Critics%27_Choice_Awards"
"Critics Choice Awards","Critics","USA","2004","Best Score","2004-01-10","Howard Shore (The Lord of the Rings: The Return of the King)","https://www.imdb.com/event/ev0000133/2004/1/"
"Critics Choice Awards","Critics","USA","2005","Best Score","2005-01-10","Howard Shore (The Aviator)","https://en.wikipedia.org/wiki/10th_Critics%27_Choice_Awards"
"Critics Choice Awards","Critics","USA","2006","Best Score","2006-01-09","John Williams (Memoirs of a Geisha)","https://en.wikipedia.org/wiki/11th_Critics%27_Choice_Awards"
"Critics Choice Awards","Critics","USA","2007","Best Score","2007-01-12","Philip Glass (for The Illusionist)","https://variety.com/2007/film/awards/critics-choose-departed-1117957354/"
"Critics Choice Awards","Critics","USA","2008","Best Score","2008-01-07","Jonny Greenwood (*There Will Be Blood*)","https://en.wikipedia.org/wiki/13th_Critics%27_Choice_Awards"
"Critics Choice Awards","Critics","USA","2009","Best Score","2009-01-08","A. R. Rahman (Slumdog Millionaire)","https://en.wikipedia.org/wiki/14th_Critics%27_Choice_Awards"
"Critics Choice Awards","Critics","USA","2010","Best Score","2010-01-15","Michael Giacchino (Up)","https://en.wikipedia.org/wiki/15th_Critics%27_Choice_Awards"
"Critics Choice Awards","Critics","USA","2011","Best Score","2011-01-14","Trent Reznor and Atticus Ross (The Social Network)","https://members.criticschoice.com/2011-critics-choice-movie-awards/"
"Critics Choice Awards","Critics","USA","2012","Best Score","2012-01-12","Ludovic Bource (The Artist)","https://members.criticschoice.com/movie-awards/17th-annual-critics-choice-movie-awards-2012/"
"Critics Choice Awards","Critics","USA","2013","Best Score","2013-01-10","John Williams","https://en.wikipedia.org/wiki/18th_Critics%27_Choice_Awards"
"Critics Choice Awards","Critics","USA","2014","Best Score","2014-01-16","Steven Price (Gravity)","https://www.hollywoodreporter.com/news/general-news/2014-critics-choice-awards-winners-671707/"
"Critics Choice Awards","Critics","USA","2015","Best Score","2015-01-15","Antonio Sánchez (Birdman)","https://en.wikipedia.org/wiki/20th_Critics%27_Choice_Awards"
"Critics Choice Awards","Critics","USA","2016","Best Score","January 17, 2016","Ennio Morricone (The Hateful Eight)","https://en.wikipedia.org/wiki/21st_Critics%27_Choice_Awards"
"Critics Choice Awards","Critics","USA","2017","Best Score","December 11, 2016","Justin Hurwitz (La La Land)","https://en.wikipedia.org/wiki/22nd_Critics%27_Choice_Awards"
"Critics Choice Awards","Critics","USA","2018","Best Score","2018-01-11","Alexandre Desplat (The Shape of Water)","https://www.hollywoodreporter.com/lists/2018-critics-choice-awards-winners-list-full-1067731/"
"Critics Choice Awards","Critics","USA","2019","Best Score","2019-01-13","Justin Hurwitz – First Man","https://en.wikipedia.org/wiki/24th_Critics%27_Choice_Awards"
"Critics Choice Awards","Critics","USA","2020","Best Score","2020-01-12","Hildur Guðnadóttir (Joker)","https://www.criticschoice.com/2020/01/12/25th-annual-critics-choice-awards-list-of-film-and-series-category-winners/"
"Critics Choice Awards","Critics","USA","2021","Best Score","2021-03-07","Trent Reznor, Atticus Ross, and Jon Batiste – Soul","https://www.criticschoice.com/2021/03/07/26th-annual-critics-choice-awards-list-of-film-and-series-category-winners/"
"Critics Choice Awards","Critics","USA","2022","Best Score","2022-03-13","Hans Zimmer – Dune","https://www.criticschoice.com/2022/03/12/27th-annual-critics-choice-awards-winners/"
"Critics Choice Awards","Critics","USA","2023","Best Score","2023-01-15","Hildur Guðnadóttir (Tár)","https://www.criticschoice.com/2023/01/15/the-winners-of-the-28th-annual-critics-choice-awards/"
"Critics Choice Awards","Critics","USA","2024","Best Score","2024-01-14","Ludwig Göransson – Oppenheimer","https://variety.com/2024/film/news/critics-choice-awards-2024-winners-list-1235870581/"
"Critics Choice Awards","Critics","USA","2025","Best Score","2025-02-07","Trent Reznor and Atticus Ross (Challengers)","https://en.wikipedia.org/wiki/30th_Critics%27_Choice_Awards"
"Critics Choice Awards","Critics","USA","2026","Best Score","2026-01-04","Ludwig Göransson (Sinners)","https://www.billboard.com/lists/2026-critics-choice-awards-winners-list/"
"Critics Choice Awards","Critics","USA","2000","Best Costume Design","2000-01-24","","https://en.wikipedia.org/wiki/5th_Critics%27_Choice_Awards"
"Critics Choice Awards","Critics","USA","2001","Best Costume Design","","",""
"Critics Choice Awards","Critics","USA","2002","Best Costume Design","","",""
"Critics Choice Awards","Critics","USA","2003","Best Costume Design","","",""
"Critics Choice Awards","Critics","USA","2004","Best Costume Design","","",""
"Critics Choice Awards","Critics","USA","2005","Best Costume Design","","","https://en.wikipedia.org/wiki/Critics%27_Choice_Movie_Award_for_Best_Costume_Design"
"Critics Choice Awards","Critics","USA","2006","Best Costume Design","","",""
"Critics Choice Awards","Critics","USA","2007","Best Costume Design","","",""
"Critics Choice Awards","Critics","USA","2008","Best Costume Design","","","https://en.wikipedia.org/wiki/Critics%27_Choice_Movie_Award_for_Best_Costume_Design"
"Critics Choice Awards","Critics","USA","2009","Best Costume Design","","",""
"Critics Choice Awards","Critics","USA","2010","Best Costume Design","2010-01-15","Sandy Powell (The Young Victoria)","https://en.wikipedia.org/wiki/15th_Critics%27_Choice_Awards"
"Critics Choice Awards","Critics","USA","2011","Best Costume Design","2011-01-14","Colleen Atwood (Alice in Wonderland)","https://members.criticschoice.com/2011-critics-choice-movie-awards/"
"Critics Choice Awards","Critics","USA","2012","Best Costume Design","2012-01-12","The Artist (Mark Bridges)","https://members.criticschoice.com/movie-awards/17th-annual-critics-choice-movie-awards-2012/"
"Critics Choice Awards","Critics","USA","2013","Best Costume Design","2013-01-10","Jacqueline Durran (Anna Karenina)","https://www.cbsnews.com/news/critics-choice-movie-awards-2013-list-of-winners/"
"Critics Choice Awards","Critics","USA","2014","Best Costume Design","2014-01-16","Catherine Martin (The Great Gatsby)","https://members.criticschoice.com/movie-awards/19th-annual-critics-choice-awards-winners/"
"Critics Choice Awards","Critics","USA","2015","Best Costume Design","2015-01-15","Milena Canonero (The Grand Budapest Hotel)","https://en.wikipedia.org/wiki/20th_Critics%27_Choice_Awards"
"Critics Choice Awards","Critics","USA","2016","Best Costume Design","January 17, 2016; December 11, 2016","Jenny Beavan (Mad Max: Fury Road); Madeline Fontaine (Jackie)","https://en.wikipedia.org/wiki/21st_Critics%27_Choice_Awards; https://en.wikipedia.org/wiki/22nd_Critics%27_Choice_Awards"
"Critics Choice Awards","Critics","USA","2017","Best Costume Design","","",""
"Critics Choice Awards","Critics","USA","2018","Best Costume Design","2018-01-11","Mark Bridges (Phantom Thread)","https://www.hollywoodreporter.com/lists/2018-critics-choice-awards-winners-list-full-1067731/"
"Critics Choice Awards","Critics","USA","2019","Best Costume Design","2019-01-13","Ruth E. Carter (Black Panther)","https://en.wikipedia.org/wiki/24th_Critics%27_Choice_Awards"
"Critics Choice Awards","Critics","USA","2020","Best Costume Design","2020-01-12","Ruth E. Carter – Dolemite Is My Name","https://www.etonline.com/2020-critics-choice-awards-the-complete-winners-list-139044"
"Critics Choice Awards","Critics","USA","2021","Best Costume Design","2021-03-07","Ann Roth (""Ma Rainey's Black Bottom"")","https://variety.com/2021/film/news/2021-critics-choice-awards-winners-list-1234922714/"
"Critics Choice Awards","Critics","USA","2022","Best Costume Design","2022-03-13","Jenny Beavan – Cruella","https://en.wikipedia.org/wiki/27th_Critics%27_Choice_Awards"
"Critics Choice Awards","Critics","USA","2023","Best Costume Design","2023-01-15","Ruth E. Carter (Black Panther: Wakanda Forever)","https://variety.com/2023/awards/news/critics-choice-awards-2023-winners-list-1235488828/"
"Critics Choice Awards","Critics","USA","2024","Best Costume Design","2024-01-14","Jacqueline Durran (Barbie)","https://deadline.com/2024/01/critics-choice-awards-2024-winners-list-1235729526/"
"Critics Choice Awards","Critics","USA","2025","Best Costume Design","2025-02-07","Paul Tazewell (Wicked)","https://variety.com/2025/film/news/critics-choice-awards-2025-winners-list-1236300265/"
"Critics Choice Awards","Critics","USA","2026","Best Costume Design","2026-01-04","Kate Hawley – Frankenstein","https://www.hollywoodreporter.com/lists/critics-choice-awards-2026-winners-list-full/"
"Critics Choice Awards","Critics","USA","2000","Best Hair and Makeup","","",""
"Critics Choice Awards","Critics","USA","2001","Best Hair and Makeup","","",""
"Critics Choice Awards","Critics","USA","2002","Best Hair and Makeup","","",""
"Critics Choice Awards","Critics","USA","2003","Best Hair and Makeup","2003-01-17","","https://en.wikipedia.org/wiki/8th_Critics%27_Choice_Awards"
"Critics Choice Awards","Critics","USA","2004","Best Hair and Makeup","","",""
"Critics Choice Awards","Critics","USA","2005","Best Hair and Makeup","","",""
"Critics Choice Awards","Critics","USA","2006","Best Hair and Makeup","2006-01-09","","https://en.wikipedia.org/wiki/Critics%27_Choice_Movie_Award_for_Best_Makeup"
"Critics Choice Awards","Critics","USA","2007","Best Hair and Makeup","2007-01-14","",""
"Critics Choice Awards","Critics","USA","2008","Best Hair and Makeup","2008-01-07","","https://en.wikipedia.org/wiki/Critics%27_Choice_Movie_Award_for_Best_Makeup"
"Critics Choice Awards","Critics","USA","2009","Best Hair and Makeup","2009-01-08","","https://en.wikipedia.org/wiki/14th_Critics%27_Choice_Awards"
"Critics Choice Awards","Critics","USA","2010","Best Hair and Makeup","2010-01-15","District 9","https://en.wikipedia.org/wiki/15th_Critics%27_Choice_Awards"
"Critics Choice Awards","Critics","USA","2011","Best Hair and Makeup","2011-01-14","Alice in Wonderland","https://members.criticschoice.com/2011_ccma/"
"Critics Choice Awards","Critics","USA","2012","Best Hair and Makeup","2012-01-12","Harry Potter and the Deathly Hallows – Part 2","https://members.criticschoice.com/movie-awards/17th-annual-critics-choice-movie-awards-2012/"
"Critics Choice Awards","Critics","USA","2013","Best Hair and Makeup","2013-01-10","Cloud Atlas","https://www.cbsnews.com/news/critics-choice-movie-awards-2013-list-of-winners/"
"Critics Choice Awards","Critics","USA","2014","Best Hair and Makeup","2014-01-16","American Hustle","https://www.hollywoodreporter.com/news/general-news/2014-critics-choice-awards-winners-671707/"
"Critics Choice Awards","Critics","USA","2015","Best Hair and Makeup","2015-01-15","Guardians of the Galaxy","https://en.wikipedia.org/wiki/20th_Critics%27_Choice_Awards"
"Critics Choice Awards","Critics","USA","2016","Best Hair and Makeup","January 17, 2016","Mad Max: Fury Road","https://www.hollywoodreporter.com/lists/2016-critics-choice-awards-winners-856447/"
"Critics Choice Awards","Critics","USA","2017","Best Hair and Makeup","December 11, 2016","Jackie","https://www.eonline.com/news/814868/22nd-annual-critics-choice-awards-winners-the-complete-list"
"Critics Choice Awards","Critics","USA","2018","Best Hair and Makeup","2018-01-11","Darkest Hour","https://deadline.com/2018/01/critics-choice-awards-2018-winners-list-live-blog-1202241352/"
"Critics Choice Awards","Critics","USA","2019","Best Hair and Makeup","2019-01-13","Vice","https://ew.com/awards/2019/01/13/critics-choice-awards-2019-winners-list/"
"Critics Choice Awards","Critics","USA","2020","Best Hair and Makeup","2020-01-12","Bombshell","https://en.wikipedia.org/wiki/25th_Critics%27_Choice_Awards"
"Critics Choice Awards","Critics","USA","2021","Best Hair and Makeup","2021-03-07","Ma Rainey's Black Bottom","https://variety.com/2021/film/news/2021-critics-choice-awards-winners-list-1234922714/"
"Critics Choice Awards","Critics","USA","2022","Best Hair and Makeup","2022-03-13","The Eyes of Tammy Faye","https://www.criticschoice.com/2022/03/12/27th-annual-critics-choice-awards-winners/"
"Critics Choice Awards","Critics","USA","2023","Best Hair and Makeup","2023-01-15","Elvis","https://variety.com/2023/awards/news/critics-choice-awards-2023-winners-list-1235488828/"
"Critics Choice Awards","Critics","USA","2024","Best Hair and Makeup","2024-01-14","Barbie","https://en.wikipedia.org/wiki/29th_Critics%27_Choice_Awards"
"Critics Choice Awards","Critics","USA","2025","Best Hair and Makeup","2025-02-07","Stéphanie Guillon, Frédérique Arguello, and Pierre-Olivier Persin (The Substance)","https://www.criticschoice.com/2025/02/07/30th-annual-critics-choice-awards-list-of-film-and-series-category-winners/"
"Critics Choice Awards","Critics","USA","2026","Best Hair and Makeup","2026-01-04","Mike Hill, Jordan Samuel, and Cliona Furey (Frankenstein)","https://www.criticschoice.com/2026/01/05/one-battle-after-another-wins-best-picture-at-the-31st-annual-critics-choice-awards/"
"Critics Choice Awards","Critics","USA","2000","Best Production Design","","",""
"Critics Choice Awards","Critics","USA","2001","Best Production Design","2001-01-22","Arthur Max (Gladiator)","https://www.imdb.com/event/ev0000133/2001/1/"
"Critics Choice Awards","Critics","USA","2002","Best Production Design","","",""
"Critics Choice Awards","Critics","USA","2003","Best Production Design","2003-01-17","","https://en.wikipedia.org/wiki/8th_Critics%27_Choice_Awards"
"Critics Choice Awards","Critics","USA","2004","Best Production Design","","",""
"Critics Choice Awards","Critics","USA","2005","Best Production Design","2005-01-10","","https://en.wikipedia.org/wiki/10th_Critics%27_Choice_Awards"
"Critics Choice Awards","Critics","USA","2006","Best Production Design","","","http://www.thefutoncritic.com/news/2006/01/10/the-broadcast-film-critics-association-announces-the-winners-for-the-11th-annual-critics-choice-awards-20246/20060110wb01/"
"Critics Choice Awards","Critics","USA","2007","Best Production Design","","",""
"Critics Choice Awards","Critics","USA","2008","Best Production Design","2008-01-07","","https://en.wikipedia.org/wiki/13th_Critics%27_Choice_Awards"
"Critics Choice Awards","Critics","USA","2009","Best Production Design","","",""
"Critics Choice Awards","Critics","USA","2010","Best Production Design","2010-01-15","Avatar (Rick Carter, Robert Stromberg, and Kim Sinclair)","https://en.wikipedia.org/wiki/15th_Critics%27_Choice_Awards"
"Critics Choice Awards","Critics","USA","2011","Best Production Design","January 14, 2011","Inception (Guy Hendrix Dyas, Larry Dias, and Doug Mowat)","https://members.criticschoice.com/2011_ccma/"
"Critics Choice Awards","Critics","USA","2012","Best Production Design","2012-01-12","Hugo (Dante Ferretti and Francesca Lo Schiavo)","https://www.cbsnews.com/news/critics-choice-movie-awards-2012-list-of-winners/"
"Critics Choice Awards","Critics","USA","2013","Best Production Design","2013-01-10","Sarah Greenwood and Katie Spencer – Anna Karenina","https://www.cbsnews.com/news/critics-choice-movie-awards-2013-list-of-winners/"
"Critics Choice Awards","Critics","USA","2014","Best Production Design","2014-01-16","The Great Gatsby (Catherine Martin and Beverley Dunn)","https://www.hollywoodreporter.com/news/general-news/2014-critics-choice-awards-winners-671707/"
"Critics Choice Awards","Critics","USA","2015","Best Production Design","2015-01-15","The Grand Budapest Hotel – Adam Stockhausen (Production Designer) and Anna Pinnock (Set Decorator)","https://en.wikipedia.org/wiki/20th_Critics%27_Choice_Awards"
"Critics Choice Awards","Critics","USA","2016","Best Production Design","January 17, 2016","Colin Gibson and Lisa Thompson (Mad Max: Fury Road)","https://en.wikipedia.org/wiki/21st_Critics%27_Choice_Awards"
"Critics Choice Awards","Critics","USA","2017","Best Production Design","","",""
"Critics Choice Awards","Critics","USA","2018","Best Production Design","2018-01-11","Paul Denham Austerberry, Shane Vieau, Jeff Melvin (The Shape of Water)","https://members.criticschoice.com/movie-awards/23rd-annual-critics-choice-awards-winners/"
"Critics Choice Awards","Critics","USA","2019","Best Production Design","2019-01-13","Hannah Beachler and Jay Hart (Black Panther)","https://www.hollywoodreporter.com/lists/2019-critics-choice-awards-winners-list-full-1172261/"
"Critics Choice Awards","Critics","USA","2020","Best Production Design","2020-01-12","Once Upon a Time in Hollywood (Barbara Ling, Nancy Haigh)","https://en.wikipedia.org/wiki/25th_Critics%27_Choice_Awards"
"Critics Choice Awards","Critics","USA","2021","Best Production Design","2021-03-07","Donald Graham Burt and Jan Pascale (Mank)","https://www.criticschoice.com/2021/03/07/26th-annual-critics-choice-awards-list-of-film-and-series-category-winners/"
"Critics Choice Awards","Critics","USA","2022","Best Production Design","2022-03-13","Patrice Vermette, Zsuzsanna Sipos – Dune","https://www.criticschoice.com/2022/03/12/27th-annual-critics-choice-awards-winners/"
"Critics Choice Awards","Critics","USA","2023","Best Production Design","2023-01-15","Florencia Martin and Anthony Carlino (Babylon)","https://variety.com/2023/awards/news/critics-choice-awards-2023-winners-list-1235488828/"
"Critics Choice Awards","Critics","USA","2024","Best Production Design","2024-01-14","Sarah Greenwood and Katie Spencer (Barbie)","https://www.criticschoice.com/2024/01/14/29th-annual-critics-choice-awards-list-of-film-and-series-category-winners/"
"Critics Choice Awards","Critics","USA","2025","Best Production Design","2025-02-07","Nathan Crowley, Lee Sandales (Wicked)","https://variety.com/2025/film/news/critics-choice-awards-2025-winners-list-1236300265/"
"Critics Choice Awards","Critics","USA","2026","Best Production Design","2026-01-04","Tamara Deverell and Shane Vieau (Frankenstein)","https://en.wikipedia.org/wiki/31st_Critics%27_Choice_Awards"
"Critics Choice Awards","Critics","USA","2000","Best Sound","","",""
"Critics Choice Awards","Critics","USA","2001","Best Sound","","",""
"Critics Choice Awards","Critics","USA","2002","Best Sound","","",""
"Critics Choice Awards","Critics","USA","2003","Best Sound","","",""
"Critics Choice Awards","Critics","USA","2004","Best Sound","","",""
"Critics Choice Awards","Critics","USA","2005","Best Sound","","",""
"Critics Choice Awards","Critics","USA","2006","Best Sound","","","https://en.wikipedia.org/wiki/11th_Critics%27_Choice_Awards"
"Critics Choice Awards","Critics","USA","2007","Best Sound","","",""
"Critics Choice Awards","Critics","USA","2008","Best Sound","2008-01-07","","https://en.wikipedia.org/wiki/13th_Critics%27_Choice_Awards"
"Critics Choice Awards","Critics","USA","2009","Best Sound","","",""
"Critics Choice Awards","Critics","USA","2010","Best Sound","2010-01-15","Avatar","https://en.wikipedia.org/wiki/15th_Critics%27_Choice_Awards"
"Critics Choice Awards","Critics","USA","2011","Best Sound","2011-01-14","Inception","https://members.criticschoice.com/2011-critics-choice-movie-awards/"
"Critics Choice Awards","Critics","USA","2012","Best Sound","2012-01-12","Harry Potter and the Deathly Hallows: Part 2","https://members.criticschoice.com/movie-awards/17th-annual-critics-choice-movie-awards-2012/"
"Critics Choice Awards","Critics","USA","2013","Best Sound","2013-01-10","","https://en.wikipedia.org/wiki/18th_Critics%27_Choice_Awards"
"Critics Choice Awards","Critics","USA","2014","Best Sound","","","https://members.criticschoice.com/movie-awards/19th-annual-critics-choice-awards-winners/"
"Critics Choice Awards","Critics","USA","2015","Best Sound","","",""
"Critics Choice Awards","Critics","USA","2016","Best Sound","","",""
"Critics Choice Awards","Critics","USA","2017","Best Sound","","",""
"Critics Choice Awards","Critics","USA","2018","Best Sound","","",""
"Critics Choice Awards","Critics","USA","2019","Best Sound","","",""
"Critics Choice Awards","Critics","USA","2020","Best Sound","","",""
"Critics Choice Awards","Critics","USA","2021","Best Sound","","",""
"Critics Choice Awards","Critics","USA","2022","Best Sound","","",""
"Critics Choice Awards","Critics","USA","2023","Best Sound","2023-01-15","","https://www.criticschoice.com/2023/01/15/the-winners-of-the-28th-annual-critics-choice-awards/"
"Critics Choice Awards","Critics","USA","2024","Best Sound","","",""
"Critics Choice Awards","Critics","USA","2025","Best Sound","","",""
"Critics Choice Awards","Critics","USA","2026","Best Sound","2026-01-04","F1","https://www.billboard.com/lists/2026-critics-choice-awards-winners-list/"
"Critics Choice Awards","Critics","USA","2000","Best Animated Feature","2000-01-24","Toy Story 2","https://en.wikipedia.org/wiki/5th_Critics%27_Choice_Awards"
"Critics Choice Awards","Critics","USA","2001","Best Animated Feature","2001-01-22","Chicken Run","https://en.wikipedia.org/wiki/6th_Critics%27_Choice_Awards"
"Critics Choice Awards","Critics","USA","2002","Best Animated Feature","2002-01-11","Shrek","https://en.wikipedia.org/wiki/7th_Critics%27_Choice_Awards"
"Critics Choice Awards","Critics","USA","2003","Best Animated Feature","2003-01-17","Spirited Away","https://en.wikipedia.org/wiki/8th_Critics%27_Choice_Awards"
"Critics Choice Awards","Critics","USA","2004","Best Animated Feature","2004-01-10","Finding Nemo","https://www.digitalhit.com/critics-choice-awards/2004/"
"Critics Choice Awards","Critics","USA","2005","Best Animated Feature","2005-01-10","The Incredibles","https://en.wikipedia.org/wiki/10th_Critics%27_Choice_Awards"
"Critics Choice Awards","Critics","USA","2006","Best Animated Feature","2006-01-09","Wallace & Gromit: The Curse of the Were-Rabbit","https://en.wikipedia.org/wiki/11th_Critics%27_Choice_Awards"
"Critics Choice Awards","Critics","USA","2007","Best Animated Feature","2007-01-14","Cars","https://en.wikipedia.org/wiki/12th_Critics%27_Choice_Awards"
"Critics Choice Awards","Critics","USA","2008","Best Animated Feature","2008-01-07","Ratatouille","https://www.imdb.com/event/ev0000133/2008/1/"
"Critics Choice Awards","Critics","USA","2009","Best Animated Feature","2009-01-08","WALL-E","https://en.wikipedia.org/wiki/14th_Critics%27_Choice_Awards"
"Critics Choice Awards","Critics","USA","2010","Best Animated Feature","2010-01-15","Up","https://en.wikipedia.org/wiki/15th_Critics%27_Choice_Awards"
"Critics Choice Awards","Critics","USA","2011","Best Animated Feature","2011-01-14","Toy Story 3","https://en.wikipedia.org/wiki/16th_Critics%27_Choice_Awards"
"Critics Choice Awards","Critics","USA","2012","Best Animated Feature","2012-01-12","Rango","https://en.wikipedia.org/wiki/17th_Critics%27_Choice_Awards"
"Critics Choice Awards","Critics","USA","2013","Best Animated Feature","January 10, 2013","Wreck-It Ralph","https://en.wikipedia.org/wiki/18th_Critics%27_Choice_Awards"
"Critics Choice Awards","Critics","USA","2014","Best Animated Feature","2014-01-16","Frozen","https://en.wikipedia.org/wiki/19th_Critics%27_Choice_Awards"
"Critics Choice Awards","Critics","USA","2015","Best Animated Feature","2015-01-15","The Lego Movie","https://en.wikipedia.org/wiki/20th_Critics%27_Choice_Awards"
"Critics Choice Awards","Critics","USA","2016","Best Animated Feature","January 17, 2016 and December 11, 2016","Inside Out (January 17, 2016); Zootopia (December 11, 2016)","https://en.wikipedia.org/wiki/Critics%27_Choice_Movie_Award_for_Best_Animated_Feature"
"Critics Choice Awards","Critics","USA","2017","Best Animated Feature","","",""
"Critics Choice Awards","Critics","USA","2018","Best Animated Feature","2018-01-11","Coco","https://en.wikipedia.org/wiki/23rd_Critics%27_Choice_Awards"
"Critics Choice Awards","Critics","USA","2019","Best Animated Feature","2019-01-13","Spider-Man: Into the Spider-Verse","https://www.criticschoice.com/2019/01/17/24th-annual-critics-choice-awards-list-of-film-and-series-category-winners/"
"Critics Choice Awards","Critics","USA","2020","Best Animated Feature","2020-01-12","Toy Story 4","https://en.wikipedia.org/wiki/25th_Critics%27_Choice_Awards"
"Critics Choice Awards","Critics","USA","2021","Best Animated Feature","2021-03-07","Soul","https://www.criticschoice.com/2021/03/07/26th-annual-critics-choice-awards-list-of-film-and-series-category-winners/"
"Critics Choice Awards","Critics","USA","2022","Best Animated Feature","2022-03-13","The Mitchells vs the Machines","https://people.com/movies/critics-choice-awards-2022-winners-list/"
"Critics Choice Awards","Critics","USA","2023","Best Animated Feature","2023-01-15","Guillermo del Toro's Pinocchio","https://www.criticschoice.com/2023/01/15/the-winners-of-the-28th-annual-critics-choice-awards/"
"Critics Choice Awards","Critics","USA","2024","Best Animated Feature","2024-01-14","Spider-Man: Across the Spider-Verse","https://www.hollywoodreporter.com/movies/movie-news/2024-critics-choice-awards-winners-list-1235787712/"
"Critics Choice Awards","Critics","USA","2025","Best Animated Feature","2025-02-07","The Wild Robot","https://www.hollywoodreporter.com/movies/movie-news/2025-critics-choice-awards-winners-list-1236128672/"
"Critics Choice Awards","Critics","USA","2026","Best Animated Feature","2026-01-04","KPop Demon Hunters","https://www.hollywoodreporter.com/movies/movie-news/kpop-demon-hunters-2026-critics-choice-awards-wins-1236464018/"
"Critics Choice Awards","Critics","USA","2000","Best Foreign Language Film","2000-01-24","All About My Mother","https://www.imdb.com/event/ev0000133/2000/1/"
"Critics Choice Awards","Critics","USA","2001","Best Foreign Language Film","2001-01-22","Crouching Tiger, Hidden Dragon","https://en.wikipedia.org/wiki/6th_Critics%27_Choice_Awards"
"Critics Choice Awards","Critics","USA","2002","Best Foreign Language Film","2002-01-11","Amélie","https://en.wikipedia.org/wiki/7th_Critics%27_Choice_Awards"
"Critics Choice Awards","Critics","USA","2003","Best Foreign Language Film","2003-01-17","Y tu mamá también","https://en.wikipedia.org/wiki/8th_Critics%27_Choice_Awards"
"Critics Choice Awards","Critics","USA","2004","Best Foreign Language Film","2004-01-10","The Barbarian Invasions","https://en.wikipedia.org/wiki/9th_Critics%27_Choice_Awards"
"Critics Choice Awards","Critics","USA","2005","Best Foreign Language Film","2005-01-10","The Sea Inside","https://en.wikipedia.org/wiki/10th_Critics%27_Choice_Awards"
"Critics Choice Awards","Critics","USA","2006","Best Foreign Language Film","2006-01-09","Kung Fu Hustle","https://en.wikipedia.org/wiki/11th_Critics%27_Choice_Awards"
"Critics Choice Awards","Critics","USA","2007","Best Foreign Language Film","2007-01-14","Letters from Iwo Jima","https://en.wikipedia.org/wiki/12th_Critics%27_Choice_Awards"
"Critics Choice Awards","Critics","USA","2008","Best Foreign Language Film","2008-01-07","The Diving Bell and the Butterfly","https://en.wikipedia.org/wiki/13th_Critics%27_Choice_Awards"
"Critics Choice Awards","Critics","USA","2009","Best Foreign Language Film","2009-01-08","Waltz with Bashir","https://en.wikipedia.org/wiki/14th_Critics%27_Choice_Awards"
"Critics Choice Awards","Critics","USA","2010","Best Foreign Language Film","2010-01-15","Broken Embraces","https://en.wikipedia.org/wiki/15th_Critics%27_Choice_Awards"
"Critics Choice Awards","Critics","USA","2011","Best Foreign Language Film","2011-01-14","The Girl with the Dragon Tattoo","https://members.criticschoice.com/2011-critics-choice-movie-awards/"
"Critics Choice Awards","Critics","USA","2012","Best Foreign Language Film","2012-01-12","A Separation","https://members.criticschoice.com/movie-awards/17th-annual-critics-choice-movie-awards-2012/"
"Critics Choice Awards","Critics","USA","2013","Best Foreign Language Film","2013-01-10","Amour","https://members.criticschoice.com/movie-awards/18th-annual-critics-choice-movie-awards-2013-best-picture-argo/"
"Critics Choice Awards","Critics","USA","2014","Best Foreign Language Film","2014-01-16","Blue Is the Warmest Color","https://www.hollywoodreporter.com/news/general-news/2014-critics-choice-awards-winners-671707/"
"Critics Choice Awards","Critics","USA","2015","Best Foreign Language Film","2015-01-15","Force Majeure","https://en.wikipedia.org/wiki/20th_Critics%27_Choice_Awards"
"Critics Choice Awards","Critics","USA","2016","Best Foreign Language Film","January 17, 2016","Son of Saul","https://en.wikipedia.org/wiki/21st_Critics%27_Choice_Awards"
"Critics Choice Awards","Critics","USA","2017","Best Foreign Language Film","No ceremony was held in 2017.","None","None"
"Critics Choice Awards","Critics","USA","2018","Best Foreign Language Film","2018-01-11","In the Fade","https://en.wikipedia.org/wiki/23rd_Critics%27_Choice_Awards"
"Critics Choice Awards","Critics","USA","2019","Best Foreign Language Film","2019-01-13","Roma","https://en.wikipedia.org/wiki/24th_Critics%27_Choice_Awards"
"Critics Choice Awards","Critics","USA","2020","Best Foreign Language Film","2020-01-12","Parasite","https://www.criticschoice.com/2020/01/12/25th-annual-critics-choice-awards-list-of-film-and-series-category-winners/"
"Critics Choice Awards","Critics","USA","2021","Best Foreign Language Film","2021-03-07","Minari","https://www.criticschoice.com/2021/03/07/26th-annual-critics-choice-awards-list-of-film-and-series-category-winners/"
"Critics Choice Awards","Critics","USA","2022","Best Foreign Language Film","2022-03-13","Drive My Car","https://www.criticschoice.com/2022/03/12/27th-annual-critics-choice-awards-winners/"
"Critics Choice Awards","Critics","USA","2023","Best Foreign Language Film","2023-01-15","RRR","https://variety.com/2023/awards/news/critics-choice-awards-2023-winners-list-1235488828/"
"Critics Choice Awards","Critics","USA","2024","Best Foreign Language Film","2024-01-14","Anatomy of a Fall","https://www.hollywoodreporter.com/movies/movie-news/2024-critics-choice-awards-winners-list-1235787712/"
"Critics Choice Awards","Critics","USA","2025","Best Foreign Language Film","2025-02-07","Emilia Pérez","https://www.criticschoice.com/2025/02/07/30th-annual-critics-choice-awards-list-of-film-and-series-category-winners/"
"Critics Choice Awards","Critics","USA","2026","Best Foreign Language Film","2026-01-04","The Secret Agent","https://variety.com/2026/film/news/critics-choice-awards-2026-winners-list-1236621119/"
"Critics Choice Awards","Critics","USA","2000","Best Documentary Feature","2000-01-24","Buena Vista Social Club","https://www.imdb.com/event/ev0000133/2000/1/"
"Critics Choice Awards","Critics","USA","2001","Best Documentary Feature","2001-01-22","The Life and Times of Hank Greenberg","https://www.imdb.com/event/ev0000133/2001/1/"
"Critics Choice Awards","Critics","USA","2002","Best Documentary Feature","2002-01-11","The Endurance","https://en.wikipedia.org/wiki/7th_Critics%27_Choice_Awards"
"Critics Choice Awards","Critics","USA","2003","Best Documentary Feature","2003-01-17","Bowling for Columbine","https://en.wikipedia.org/wiki/8th_Critics%27_Choice_Awards"
"Critics Choice Awards","Critics","USA","2004","Best Documentary Feature","2004-01-10","Capturing the Friedmans","https://en.wikipedia.org/wiki/9th_Critics%27_Choice_Awards"
"Critics Choice Awards","Critics","USA","2005","Best Documentary Feature","2005-01-10","Fahrenheit 9/11","https://en.wikipedia.org/wiki/10th_Critics%27_Choice_Awards"
"Critics Choice Awards","Critics","USA","2006","Best Documentary Feature","2006-01-09","March of the Penguins","https://en.wikipedia.org/wiki/11th_Critics%27_Choice_Awards"
"Critics Choice Awards","Critics","USA","2007","Best Documentary Feature","2007-01-14","An Inconvenient Truth","https://en.wikipedia.org/wiki/12th_Critics%27_Choice_Awards"
"Critics Choice Awards","Critics","USA","2008","Best Documentary Feature","2008-01-07","Sicko","https://en.wikipedia.org/wiki/13th_Critics%27_Choice_Awards"
"Critics Choice Awards","Critics","USA","2009","Best Documentary Feature","2009-01-08","Man on Wire and Stealing America: Vote by Vote (Tie)","https://en.wikipedia.org/wiki/14th_Critics%27_Choice_Awards"
"Critics Choice Awards","Critics","USA","2010","Best Documentary Feature","2010-01-15","The Cove","https://en.wikipedia.org/wiki/15th_Critics%27_Choice_Awards"
"Critics Choice Awards","Critics","USA","2011","Best Documentary Feature","2011-01-14","Waiting for ""Superman""","https://members.criticschoice.com/2011_ccma/"
"Critics Choice Awards","Critics","USA","2012","Best Documentary Feature","2012-01-12","George Harrison: Living in the Material World","https://en.wikipedia.org/wiki/17th_Critics%27_Choice_Awards"
"Critics Choice Awards","Critics","USA","2013","Best Documentary Feature","2013-01-10","Searching for Sugar Man","https://www.cbsnews.com/news/critics-choice-movie-awards-2013-list-of-winners/"
"Critics Choice Awards","Critics","USA","2014","Best Documentary Feature","2014-01-16","20 Feet from Stardom","https://members.criticschoice.com/movie-awards/19th-annual-critics-choice-awards-winners/"
"Critics Choice Awards","Critics","USA","2015","Best Documentary Feature","2015-01-15","Life Itself","https://www.hollywoodreporter.com/movies/movie-news/critics-choice-awards-2015-winners-764183/"
"Critics Choice Awards","Critics","USA","2016","Best Documentary Feature","January 17, 2016","Amy","https://en.wikipedia.org/wiki/21st_Critics%27_Choice_Awards"
"Critics Choice Awards","Critics","USA","2017","Best Documentary Feature","2017-11-02","Jane","https://deadline.com/2017/11/critics-choice-documentary-awards-2017-winners-jane-kedi-vietnam-war-cries-from-stria-1202200874/"
"Critics Choice Awards","Critics","USA","2018","Best Documentary Feature","2018-11-11","Won't You Be My Neighbor?","https://en.wikipedia.org/wiki/3rd_Critics%27_Choice_Documentary_Awards"
"Critics Choice Awards","Critics","USA","2019","Best Documentary Feature","2019-11-10","Apollo 11","https://members.criticschoice.com/documentary-awards/2019-4th-annual-critics-choice-documentary-awards-winners/"
"Critics Choice Awards","Critics","USA","2020","Best Documentary Feature","2020-11-16","Dick Johnson Is Dead","https://www.hollywoodreporter.com/movies/movie-news/critics-choice-doc-awards-dick-johnson-is-dead-wins-best-feature-4092932/"
"Critics Choice Awards","Critics","USA","2021","Best Documentary Feature","2021-11-14","Summer of Soul (...Or, When the Revolution Could Not Be Televised)","https://members.criticschoice.com/documentary-awards/2021-6th-annual-critics-choice-documentary-awards-winners/"
"Critics Choice Awards","Critics","USA","2022","Best Documentary Feature","2022-11-13","Good Night Oppy","https://en.wikipedia.org/wiki/7th_Critics%27_Choice_Documentary_Awards"
"Critics Choice Awards","Critics","USA","2023","Best Documentary Feature","2023-11-12","Still: A Michael J. Fox Movie","https://en.wikipedia.org/wiki/8th_Critics%27_Choice_Documentary_Awards"
"Critics Choice Awards","Critics","USA","2024","Best Documentary Feature","2024-01-14","Still: A Michael J. Fox Movie","https://www.criticschoice.com/2024/01/14/29th-annual-critics-choice-awards-list-of-film-and-series-category-winners/"
"Critics Choice Awards","Critics","USA","2025","Best Documentary Feature","2025-11-09","The Perfect Neighbor","https://en.wikipedia.org/wiki/10th_Critics%27_Choice_Documentary_Awards"
"Critics Choice Awards","Critics","USA","2026","Best Documentary Feature","2026-01-04","The Perfect Neighbor","https://www.goldderby.com/film/2026/2026-critics-choice-awards-winners-list-one-battle-after-another/"
"Critics Choice Awards","Critics","USA","2000","Best Visual Effects","2000-01-24","","https://en.wikipedia.org/wiki/Critics%27_Choice_Movie_Award_for_Best_Visual_Effects"
"Critics Choice Awards","Critics","USA","2001","Best Visual Effects","","",""
"Critics Choice Awards","Critics","USA","2002","Best Visual Effects","2002-01-11","","https://en.wikipedia.org/wiki/7th_Critics%27_Choice_Awards"
"Critics Choice Awards","Critics","USA","2003","Best Visual Effects","","",""
"Critics Choice Awards","Critics","USA","2004","Best Visual Effects","","","https://en.wikipedia.org/wiki/Critics%27_Choice_Movie_Award_for_Best_Visual_Effects"
"Critics Choice Awards","Critics","USA","2005","Best Visual Effects","","",""
"Critics Choice Awards","Critics","USA","2006","Best Visual Effects","","",""
"Critics Choice Awards","Critics","USA","2007","Best Visual Effects","","",""
"Critics Choice Awards","Critics","USA","2008","Best Visual Effects","2008-01-07","","https://en.wikipedia.org/wiki/13th_Critics%27_Choice_Awards"
"Critics Choice Awards","Critics","USA","2009","Best Visual Effects","","",""
"Critics Choice Awards","Critics","USA","2010","Best Visual Effects","2010-01-15","Avatar","https://en.wikipedia.org/wiki/15th_Critics%27_Choice_Awards"
"Critics Choice Awards","Critics","USA","2011","Best Visual Effects","2011-01-14","Inception","https://en.wikipedia.org/wiki/16th_Critics%27_Choice_Awards"
"Critics Choice Awards","Critics","USA","2012","Best Visual Effects","2012-01-12","Rise of the Planet of the Apes","https://members.criticschoice.com/movie-awards/17th-annual-critics-choice-movie-awards-2012/"
"Critics Choice Awards","Critics","USA","2013","Best Visual Effects","2013-01-10","Life of Pi","https://www.cbsnews.com/news/critics-choice-movie-awards-2013-list-of-winners/"
"Critics Choice Awards","Critics","USA","2014","Best Visual Effects","2014-01-16","Gravity","https://members.criticschoice.com/movie-awards/19th-annual-critics-choice-awards-winners/"
"Critics Choice Awards","Critics","USA","2015","Best Visual Effects","2015-01-15","Dawn of the Planet of the Apes","https://www.hollywoodreporter.com/movies/movie-news/critics-choice-awards-2015-winners-764183/"
"Critics Choice Awards","Critics","USA","2016","Best Visual Effects","January 17, 2016; December 11, 2016","Mad Max: Fury Road (January 17); The Jungle Book (December 11)","https://www.hollywoodreporter.com/lists/2016-critics-choice-awards-winners-856447/; https://deadline.com/2016/12/tj-miller-la-la-land-hbo-2016-critics-choice-awards-the-complete-winners-list-live-1201868363/"
"Critics Choice Awards","Critics","USA","2017","Best Visual Effects","2016-12-11","The Jungle Book","https://members.criticschoice.com/movie-awards/22nd-annual-critics-choice-awards-winners/"
"Critics Choice Awards","Critics","USA","2018","Best Visual Effects","2018-01-11","War for the Planet of the Apes","https://www.hollywoodreporter.com/lists/2018-critics-choice-awards-winners-list-full-1067731/"
"Critics Choice Awards","Critics","USA","2019","Best Visual Effects","2019-01-13","Black Panther","https://www.criticschoice.com/2019/01/17/24th-annual-critics-choice-awards-list-of-film-and-series-category-winners/"
"Critics Choice Awards","Critics","USA","2020","Best Visual Effects","2020-01-12","Avengers: Endgame","https://en.wikipedia.org/wiki/25th_Critics%27_Choice_Awards"
"Critics Choice Awards","Critics","USA","2021","Best Visual Effects","2021-03-07","Tenet","https://www.criticschoice.com/2021/03/07/26th-annual-critics-choice-awards-list-of-film-and-series-category-winners/"
"Critics Choice Awards","Critics","USA","2022","Best Visual Effects","2022-03-13","Dune","https://www.hollywoodreporter.com/movies/movie-news/critics-choice-awards-winners-list-full-1235110430/"
"Critics Choice Awards","Critics","USA","2023","Best Visual Effects","2023-01-15","Avatar: The Way of Water","https://variety.com/2023/awards/news/critics-choice-awards-2023-winners-list-1235488828/"
"Critics Choice Awards","Critics","USA","2024","Best Visual Effects","2024-01-14","Oppenheimer","https://www.hollywoodreporter.com/movies/movie-news/2024-critics-choice-awards-winners-list-1235787712/"
"Critics Choice Awards","Critics","USA","2025","Best Visual Effects","2025-02-07","Dune: Part Two","https://en.wikipedia.org/wiki/30th_Critics%27_Choice_Awards"
"Critics Choice Awards","Critics","USA","2026","Best Visual Effects","2026-01-04","Avatar: Fire and Ash","https://en.wikipedia.org/wiki/31st_Critics%27_Choice_Awards"
"Critics Choice Awards","Critics","USA","2000","Best Casting and Ensemble","","",""
"Critics Choice Awards","Critics","USA","2001","Best Casting and Ensemble","","",""
"Critics Choice Awards","Critics","USA","2002","Best Casting and Ensemble","2002-01-11","Gosford Park","https://en.wikipedia.org/wiki/7th_Critics%27_Choice_Awards"
"Critics Choice Awards","Critics","USA","2003","Best Casting and Ensemble","2003-01-17","Chicago","https://en.wikipedia.org/wiki/8th_Critics%27_Choice_Awards"
"Critics Choice Awards","Critics","USA","2004","Best Casting and Ensemble","2004-01-10","The Lord of the Rings: The Return of the King","https://en.wikipedia.org/wiki/9th_Critics%27_Choice_Awards"
"Critics Choice Awards","Critics","USA","2005","Best Casting and Ensemble","","",""
"Critics Choice Awards","Critics","USA","2006","Best Casting and Ensemble","2006-01-09","Crash","http://www.thefutoncritic.com/news/2006/01/10/the-broadcast-film-critics-association-announces-the-winners-for-the-11th-annual-critics-choice-awards-20246/20060110wb01/"
"Critics Choice Awards","Critics","USA","2007","Best Casting and Ensemble","","",""
"Critics Choice Awards","Critics","USA","2008","Best Casting and Ensemble","","",""
"Critics Choice Awards","Critics","USA","2009","Best Casting and Ensemble","2009-01-08","Milk","https://en.wikipedia.org/wiki/14th_Critics%27_Choice_Awards"
"Critics Choice Awards","Critics","USA","2010","Best Casting and Ensemble","2010-01-15","Inglourious Basterds","https://en.wikipedia.org/wiki/15th_Critics%27_Choice_Awards"
"Critics Choice Awards","Critics","USA","2011","Best Casting and Ensemble","2011-01-14","The Fighter","https://members.criticschoice.com/2011_ccma/"
"Critics Choice Awards","Critics","USA","2012","Best Casting and Ensemble","","",""
"Critics Choice Awards","Critics","USA","2013","Best Casting and Ensemble","2013-01-10","Silver Linings Playbook","https://en.wikipedia.org/wiki/18th_Critics%27_Choice_Awards"
"Critics Choice Awards","Critics","USA","2014","Best Casting and Ensemble","","",""
"Critics Choice Awards","Critics","USA","2015","Best Casting and Ensemble","2015-01-15","Birdman","https://www.hollywoodreporter.com/movies/movie-news/critics-choice-awards-2015-winners-764183/"
"Critics Choice Awards","Critics","USA","2016","Best Casting and Ensemble","","",""
"Critics Choice Awards","Critics","USA","2017","Best Casting and Ensemble","","",""
"Critics Choice Awards","Critics","USA","2018","Best Casting and Ensemble","2018-01-11","Three Billboards Outside Ebbing, Missouri","https://members.criticschoice.com/movie-awards/23rd-annual-critics-choice-awards-winners/"
"Critics Choice Awards","Critics","USA","2019","Best Casting and Ensemble","2019-01-13","The Favourite","https://www.criticschoice.com/2019/01/17/24th-annual-critics-choice-awards-list-of-film-and-series-category-winners/"
"Critics Choice Awards","Critics","USA","2020","Best Casting and Ensemble","","",""
"Critics Choice Awards","Critics","USA","2021","Best Casting and Ensemble","2021-03-07","The Trial of the Chicago 7","https://www.criticschoice.com/2021/03/07/26th-annual-critics-choice-awards-list-of-film-and-series-category-winners/"
"Critics Choice Awards","Critics","USA","2022","Best Casting and Ensemble","","",""
"Critics Choice Awards","Critics","USA","2023","Best Casting and Ensemble","","",""
"Critics Choice Awards","Critics","USA","2024","Best Casting and Ensemble","2024-01-14","Oppenheimer (Best Acting Ensemble)","https://www.criticschoice.com/2024/01/15/oppenheimer-wins-best-picture-at-the-29th-annual-critics-choice-awards/"
"Critics Choice Awards","Critics","USA","2025","Best Casting and Ensemble","2025-02-07","Conclave (Best Acting Ensemble)","https://www.criticschoice.com/2025/02/07/30th-annual-critics-choice-awards-list-of-film-and-series-category-winners/"
"Critics Choice Awards","Critics","USA","2026","Best Casting and Ensemble","2026-01-04","Francine Maisler (Sinners)","https://www.hollywoodreporter.com/lists/critics-choice-awards-2026-winners-list-full/"
"National Board of Review","Critics","USA","2000","Best Film","2001-01-16","Quills","https://en.wikipedia.org/wiki/National_Board_of_Review_Awards_2000"
"National Board of Review","Critics","USA","2001","Best Film","2001-01-16","Quills","https://nationalboardofreview.org/award-years/2000/"
"National Board of Review","Critics","USA","2002","Best Film","2003-01-14","The Hours","https://nationalboardofreview.org/award-years/2002/"
"National Board of Review","Critics","USA","2003","Best Film","2004-01-13","Mystic River","https://en.wikipedia.org/wiki/National_Board_of_Review_Awards_2003"
"National Board of Review","Critics","USA","2004","Best Film","2005-01-11","Finding Neverland","https://en.wikipedia.org/wiki/National_Board_of_Review_Awards_2004"
"National Board of Review","Critics","USA","2005","Best Film","2006-01-10","Good Night, and Good Luck.","https://nationalboardofreview.org/award-years/2005/"
"National Board of Review","Critics","USA","2006","Best Film","2007-01-09","Letters from Iwo Jima","https://en.wikipedia.org/wiki/National_Board_of_Review_Awards_2006"
"National Board of Review","Critics","USA","2007","Best Film","2008-01-15","No Country for Old Men","https://nationalboardofreview.org/galas/2007-awards-gala/"
"National Board of Review","Critics","USA","2008","Best Film","2009-01-14","Slumdog Millionaire","https://nationalboardofreview.org/award-years/2008/"
"National Board of Review","Critics","USA","2009","Best Film","2010-01-12","Up in the Air","https://nationalboardofreview.org/award-years/2009/"
"National Board of Review","Critics","USA","2010","Best Film","2010-01-12","Up in the Air","https://en.wikipedia.org/wiki/National_Board_of_Review_Awards_2009"
"National Board of Review","Critics","USA","2011","Best Film","2011-01-11","The Social Network","https://nationalboardofreview.org/award-years/2010/"
"National Board of Review","Critics","USA","2012","Best Film","2012-01-10","Hugo","https://www.cbsnews.com/pictures/national-board-of-review-awards-gala/"
"National Board of Review","Critics","USA","2013","Best Film","2013-12-04","Her","https://nationalboardofreview.org/2013/12/national-board-review-announces-2013-award-winners/"
"National Board of Review","Critics","USA","2014","Best Film","2015-01-06","A Most Violent Year","https://nationalboardofreview.org/2014/12/national-board-review-announces-2014-award-winners/"
"National Board of Review","Critics","USA","2015","Best Film","2015-01-06","A Most Violent Year","https://nationalboardofreview.org/galas/2014-awards-gala/"
"National Board of Review","Critics","USA","2016","Best Film","2017-01-04","Manchester by the Sea","https://nationalboardofreview.org/2016/11/national-board-review-announces-2016-award-winners/"
"National Board of Review","Critics","USA","2017","Best Film","2018-01-09","The Post","https://nationalboardofreview.org/2017/11/national-board-review-announces-2017-award-winners/"
"National Board of Review","Critics","USA","2018","Best Film","2019-01-08","Green Book","https://nationalboardofreview.org/2018/11/national-board-review-announces-2018-award-winners/"
"National Board of Review","Critics","USA","2019","Best Film","2019-01-08","Green Book","https://nationalboardofreview.org/2018/11/national-board-review-announces-2018-award-winners/"
"National Board of Review","Critics","USA","2020","Best Film","2020-01-08","The Irishman","https://en.wikipedia.org/wiki/National_Board_of_Review_Awards_2019"
"National Board of Review","Critics","USA","2021","Best Film","2021-12-02","Licorice Pizza","https://nationalboardofreview.org/award-years/2021/"
"National Board of Review","Critics","USA","2022","Best Film","2022-12-08","Top Gun: Maverick","https://nationalboardofreview.org/2022/12/national-board-of-review-announces-2022-award-winners/"
"National Board of Review","Critics","USA","2023","Best Film","2023-01-08","Top Gun: Maverick","https://en.wikipedia.org/wiki/National_Board_of_Review_Awards_2022"
"National Board of Review","Critics","USA","2024","Best Film","2024-01-11","Killers of the Flower Moon","https://nationalboardofreview.org/galas/2024-awards-gala/"
"National Board of Review","Critics","USA","2025","Best Film","2025-01-07","Wicked","https://nationalboardofreview.org/2024/12/national-board-of-review-names-2024-honorees/"
"National Board of Review","Critics","USA","2026","Best Film","2026-01-13","One Battle After Another","https://nationalboardofreview.org/2025/12/national-board-of-review-names-2025-honorees/"
"National Board of Review","Critics","USA","2000","Best Director","2000-01-18","Anthony Minghella (The Talented Mr. Ripley)","https://nationalboardofreview.org/award-years/1999/"
"National Board of Review","Critics","USA","2001","Best Director","2002-01-07","Todd Field (In the Bedroom)","https://en.wikipedia.org/wiki/National_Board_of_Review_Awards_2001"
"National Board of Review","Critics","USA","2002","Best Director","2003-01-14","Phillip Noyce","https://nationalboardofreview.org/award-years/2002/"
"National Board of Review","Critics","USA","2003","Best Director","2004-01-13","Edward Zwick","https://nationalboardofreview.org/award-years/2003/"
"National Board of Review","Critics","USA","2004","Best Director","January 13, 2004","Edward Zwick","https://nationalboardofreview.org/award-years/2003/"
"National Board of Review","Critics","USA","2005","Best Director","2006-01-10","Ang Lee","https://www.screendaily.com/good-night-is-top-choice-for-national-board-of-review/4025479.article"
"National Board of Review","Critics","USA","2006","Best Director","2007-01-09","Martin Scorsese","https://nationalboardofreview.org/award-years/2006/"
"National Board of Review","Critics","USA","2007","Best Director","2007-01-09","Martin Scorsese","https://en.wikipedia.org/wiki/National_Board_of_Review_Awards_2006"
"National Board of Review","Critics","USA","2008","Best Director","2008-01-15","Tim Burton","https://en.wikipedia.org/wiki/National_Board_of_Review_Awards_2007"
"National Board of Review","Critics","USA","2009","Best Director","2010-01-12","Clint Eastwood (Invictus)","https://nationalboardofreview.org/award-years/2009/"
"National Board of Review","Critics","USA","2010","Best Director","January 12, 2010","Clint Eastwood","https://en.wikipedia.org/wiki/National_Board_of_Review_Awards_2009"
"National Board of Review","Critics","USA","2011","Best Director","2012-01-10","Martin Scorsese","https://nationalboardofreview.org/award-years/2011/"
"National Board of Review","Critics","USA","2012","Best Director","2012-01-10","Martin Scorsese","https://nationalboardofreview.org/award-years/2011/"
"National Board of Review","Critics","USA","2013","Best Director","2014-01-07","Spike Jonze","https://nationalboardofreview.org/2013/12/national-board-review-announces-2013-award-winners/"
"National Board of Review","Critics","USA","2014","Best Director","2014-01-07","Spike Jonze (for 'Her')","https://nationalboardofreview.org/award-years/2013/"
"National Board of Review","Critics","USA","2015","Best Director","2016-01-05","Ridley Scott (The Martian)","https://nationalboardofreview.org/2015/12/national-board-of-review-announces-2015-award-winners/"
"National Board of Review","Critics","USA","2016","Best Director","2016-01-05","Ridley Scott (The Martian)","https://nationalboardofreview.org/2015/12/national-board-of-review-announces-2015-award-winners/"
"National Board of Review","Critics","USA","2017","Best Director","2018-01-09","Greta Gerwig","https://nationalboardofreview.org/2017/11/national-board-review-announces-2017-award-winners/"
"National Board of Review","Critics","USA","2018","Best Director","2018-01-09","Greta Gerwig","https://en.wikipedia.org/wiki/National_Board_of_Review_Awards_2017"
"National Board of Review","Critics","USA","2019","Best Director","2020-01-08","Quentin Tarantino (Once Upon a Time... In Hollywood)","https://nationalboardofreview.org/galas/2019-awards-gala/"
"National Board of Review","Critics","USA","2020","Best Director","2020-01-08","Quentin Tarantino","https://nationalboardofreview.org/2019/12/national-board-of-review-announces-2019-award-winners/"
"National Board of Review","Critics","USA","2021","Best Director","2022-03-15","Paul Thomas Anderson","https://nationalboardofreview.org/2021/12/national-board-of-review-announces-2021-award-winners/"
"National Board of Review","Critics","USA","2022","Best Director","2022-03-15","Paul Thomas Anderson","https://nationalboardofreview.org/2022/01/the-national-board-of-review-will-host-awards-gala-on-tuesday-march-15-2022/"
"National Board of Review","Critics","USA","2023","Best Director","January 8, 2023","Steven Spielberg","https://nationalboardofreview.org/2022/12/national-board-of-review-announces-2022-award-winners/"
"National Board of Review","Critics","USA","2024","Best Director","2025-01-07","Jon M. Chu","https://nationalboardofreview.org/2024/12/national-board-of-review-names-2024-honorees/"
"National Board of Review","Critics","USA","2025","Best Director","2026-01-13","Paul Thomas Anderson","https://nationalboardofreview.org/2025/12/national-board-of-review-names-2025-honorees/"
"National Board of Review","Critics","USA","2026","Best Director","2026-01-13","Paul Thomas Anderson","https://nationalboardofreview.org/2025/12/national-board-of-review-names-2025-honorees/"
"National Board of Review","Critics","USA","2000","Best Actor","January 18, 2000","Russell Crowe","https://en.wikipedia.org/wiki/National_Board_of_Review_Awards_1999"
"National Board of Review","Critics","USA","2001","Best Actor","2001-01-16","Javier Bardem","https://en.wikipedia.org/wiki/National_Board_of_Review_Awards_2000"
"National Board of Review","Critics","USA","2002","Best Actor","2003-01-14","Campbell Scott","https://nationalboardofreview.org/award-years/2002/"
"National Board of Review","Critics","USA","2003","Best Actor","2003-01-14","Campbell Scott","https://en.wikipedia.org/wiki/National_Board_of_Review_Awards_2002"
"National Board of Review","Critics","USA","2004","Best Actor","2005-01-11","Jamie Foxx","https://en.wikipedia.org/wiki/National_Board_of_Review_Awards_2004"
"National Board of Review","Critics","USA","2005","Best Actor","2006-01-10","Philip Seymour Hoffman","https://nationalboardofreview.org/award-years/2005/"
"National Board of Review","Critics","USA","2006","Best Actor","2006-01-10","Philip Seymour Hoffman","https://en.wikipedia.org/wiki/National_Board_of_Review_Awards_2005"
"National Board of Review","Critics","USA","2007","Best Actor","2008-01-15","George Clooney","https://nationalboardofreview.org/award-years/2007/"
"National Board of Review","Critics","USA","2008","Best Actor","2009-01-14","Clint Eastwood","https://nationalboardofreview.org/galas/2008-awards-gala/"
"National Board of Review","Critics","USA","2009","Best Actor","2009-01-12","Clint Eastwood","https://en.wikipedia.org/wiki/National_Board_of_Review_Awards_2008"
"National Board of Review","Critics","USA","2010","Best Actor","2011-01-11","Jesse Eisenberg","https://nationalboardofreview.org/award-years/2010/"
"National Board of Review","Critics","USA","2011","Best Actor","2011-01-11","Jesse Eisenberg","https://www.imdb.com/event/ev0000464/2010/1/"
"National Board of Review","Critics","USA","2012","Best Actor","2012-01-10","George Clooney","https://nationalboardofreview.org/award-years/2011/"
"National Board of Review","Critics","USA","2013","Best Actor","2014-01-07","Bruce Dern","https://nationalboardofreview.org/2013/12/national-board-review-announces-2013-award-winners/"
"National Board of Review","Critics","USA","2014","Best Actor","2015-01-06","Oscar Isaac (A Most Violent Year) and Michael Keaton (Birdman) (tie)","https://nationalboardofreview.org/2014/12/national-board-review-announces-2014-award-winners/"
"National Board of Review","Critics","USA","2015","Best Actor","2015-01-06","Oscar Isaac and Michael Keaton (tie)","https://nationalboardofreview.org/award-years/2014/"
"National Board of Review","Critics","USA","2016","Best Actor","2016-01-05","Matt Damon","https://nationalboardofreview.org/award-years/2015/"
"National Board of Review","Critics","USA","2017","Best Actor","2017-11-28","Tom Hanks","https://nationalboardofreview.org/award-years/2017/"
"National Board of Review","Critics","USA","2018","Best Actor","2018-01-09","Tom Hanks","https://nationalboardofreview.org/2017/11/national-board-review-announces-2017-award-winners/"
"National Board of Review","Critics","USA","2019","Best Actor","2020-01-08","Adam Sandler","https://nationalboardofreview.org/galas/2019-awards-gala/"
"National Board of Review","Critics","USA","2020","Best Actor","2020-01-08","Adam Sandler","https://nationalboardofreview.org/2019/03/the-national-board-of-review-sets-annual-awards-gala-for-wednesday-january-8-2020/"
"National Board of Review","Critics","USA","2021","Best Actor","2021-01-26","Riz Ahmed","https://nationalboardofreview.org/award-years/2020/"
"National Board of Review","Critics","USA","2022","Best Actor","2022-03-15","Will Smith","https://nationalboardofreview.org/2022/01/the-national-board-of-review-will-host-awards-gala-on-tuesday-march-15-2022/"
"National Board of Review","Critics","USA","2023","Best Actor","2023-01-08","Colin Farrell","https://www.hollywoodreporter.com/movies/movie-news/2023-national-board-of-review-winners-list-1235714873/"
"National Board of Review","Critics","USA","2024","Best Actor","2024-01-11","Paul Giamatti (The Holdovers)","https://nationalboardofreview.org/2023/12/national-board-of-review-announces-2023-award-winners/"
"National Board of Review","Critics","USA","2025","Best Actor","2025-01-07","Daniel Craig","https://en.wikipedia.org/wiki/National_Board_of_Review_Awards_2024"
"National Board of Review","Critics","USA","2026","Best Actor","2026-01-13","Leonardo DiCaprio","https://nationalboardofreview.org/2025/12/national-board-of-review-names-2025-honorees/"
"National Board of Review","Critics","USA","2000","Best Actress","2001-01-16","Julia Roberts","https://en.wikipedia.org/wiki/National_Board_of_Review_Awards_2000"
"National Board of Review","Critics","USA","2001","Best Actress","2002-01-07","Halle Berry","https://en.wikipedia.org/wiki/National_Board_of_Review_Awards_2001"
"National Board of Review","Critics","USA","2002","Best Actress","2002-01-07","Halle Berry","https://nationalboardofreview.org/award-years/2001/"
"National Board of Review","Critics","USA","2003","Best Actress","January 14, 2003","Julianne Moore","https://en.wikipedia.org/wiki/National_Board_of_Review_Awards_2002"
"National Board of Review","Critics","USA","2004","Best Actress","2004-01-13","Diane Keaton","https://nationalboardofreview.org/award-years/2003/"
"National Board of Review","Critics","USA","2005","Best Actress","January 10, 2006","Felicity Huffman","https://en.wikipedia.org/wiki/National_Board_of_Review_Awards_2005"
"National Board of Review","Critics","USA","2006","Best Actress","2007-01-09","Helen Mirren","https://nationalboardofreview.org/award-years/2006/"
"National Board of Review","Critics","USA","2007","Best Actress","2007-01-09","Helen Mirren","https://en.wikipedia.org/wiki/National_Board_of_Review_Awards_2006"
"National Board of Review","Critics","USA","2008","Best Actress","January 15, 2008","Julie Christie","https://en.wikipedia.org/wiki/National_Board_of_Review_Awards_2007"
"National Board of Review","Critics","USA","2009","Best Actress","2010-01-12","Carey Mulligan","https://en.wikipedia.org/wiki/National_Board_of_Review_Awards_2009"
"National Board of Review","Critics","USA","2010","Best Actress","2011-01-11","Lesley Manville","https://nationalboardofreview.org/award-years/2010/"
"National Board of Review","Critics","USA","2011","Best Actress","2012-01-10","Tilda Swinton","https://nationalboardofreview.org/award-years/2011/"
"National Board of Review","Critics","USA","2012","Best Actress","2012-01-10","Tilda Swinton (We Need to Talk About Kevin)","https://nationalboardofreview.org/award-years/2011/"
"National Board of Review","Critics","USA","2013","Best Actress","2013-01-08","Jessica Chastain","https://nationalboardofreview.org/award-years/2012/"
"National Board of Review","Critics","USA","2014","Best Actress","2015-01-06","Julianne Moore","https://nationalboardofreview.org/2014/12/national-board-review-announces-2014-award-winners/"
"National Board of Review","Critics","USA","2015","Best Actress","2015-01-06","Julianne Moore","https://hamptons.com/chris-rock-clint-eastwood-julianne-moore-and-a-most-violent-year-honored-during-national-board-of-review-gala/"
"National Board of Review","Critics","USA","2016","Best Actress","2016-01-05","Brie Larson","https://www.hollywoodreporter.com/movies/movie-news/national-board-review-announces-dates-789264/"
"National Board of Review","Critics","USA","2017","Best Actress","2018-01-09","Meryl Streep","https://nationalboardofreview.org/2017/11/national-board-review-announces-2017-award-winners/"
"National Board of Review","Critics","USA","2018","Best Actress","2018-01-09","Meryl Streep","https://www.hollywoodreporter.com/news/general-news/national-board-review-2017-winners-1062158/"
"National Board of Review","Critics","USA","2019","Best Actress","2019-01-08","Lady Gaga","https://deadline.com/2018/11/national-board-of-review-2019-winners-green-book-a-star-is-born-1202509666/"
"National Board of Review","Critics","USA","2020","Best Actress","2020-01-08","Renée Zellweger","https://nationalboardofreview.org/galas/2019-awards-gala/"
"National Board of Review","Critics","USA","2021","Best Actress","2021-12-02","Rachel Zegler","https://nationalboardofreview.org/2021/12/national-board-of-review-announces-2021-award-winners/"
"National Board of Review","Critics","USA","2022","Best Actress","December 8, 2022","Michelle Yeoh","https://nationalboardofreview.org/2022/12/national-board-of-review-announces-2022-award-winners/"
"National Board of Review","Critics","USA","2023","Best Actress","2023-01-08","Michelle Yeoh","https://nationalboardofreview.org/2022/12/national-board-of-review-announces-2022-award-winners/"
"National Board of Review","Critics","USA","2024","Best Actress","2024-12-04","Nicole Kidman","https://nationalboardofreview.org/2024/12/national-board-of-review-names-2024-honorees/"
"National Board of Review","Critics","USA","2025","Best Actress","2025-01-07","Nicole Kidman","https://nationalboardofreview.org/2024/12/national-board-of-review-names-2024-honorees/"
"National Board of Review","Critics","USA","2026","Best Actress","2026-01-13","Rose Byrne","https://variety.com/2026/awards/news/national-board-of-review-awards-leonardo-dicaprio-ryan-coogler-1236631060/"
"National Board of Review","Critics","USA","2000","Best Supporting Actor","2001-01-16","Joaquin Phoenix","https://en.wikipedia.org/wiki/National_Board_of_Review_Awards_2000"
"National Board of Review","Critics","USA","2001","Best Supporting Actor","2001-01-16","Joaquin Phoenix","https://en.wikipedia.org/wiki/National_Board_of_Review_Awards_2000"
"National Board of Review","Critics","USA","2002","Best Supporting Actor","2002-01-07","Jim Broadbent","https://en.wikipedia.org/wiki/National_Board_of_Review_Awards_2001"
"National Board of Review","Critics","USA","2003","Best Supporting Actor","2003-12-03","Alec Baldwin","https://nationalboardofreview.org/award-years/2003/"
"National Board of Review","Critics","USA","2004","Best Supporting Actor","2004-01-13","Alec Baldwin (The Cooler)","https://nationalboardofreview.org/award-years/2003/"
"National Board of Review","Critics","USA","2005","Best Supporting Actor","2005-01-11","Thomas Haden Church","https://en.wikipedia.org/wiki/National_Board_of_Review_Awards_2004"
"National Board of Review","Critics","USA","2006","Best Supporting Actor","2006-01-10","Jake Gyllenhaal","https://en.wikipedia.org/wiki/National_Board_of_Review_Awards_2005"
"National Board of Review","Critics","USA","2007","Best Supporting Actor","2007-01-09","Djimon Hounsou","https://en.wikipedia.org/wiki/National_Board_of_Review_Awards_2006"
"National Board of Review","Critics","USA","2008","Best Supporting Actor","2009-01-12","Josh Brolin","https://nationalboardofreview.org/award-years/2008/"
"National Board of Review","Critics","USA","2009","Best Supporting Actor","2009-01-14","Josh Brolin","https://nationalboardofreview.org/award-years/2008/"
"National Board of Review","Critics","USA","2010","Best Supporting Actor","January 12, 2010","Woody Harrelson","https://nationalboardofreview.org/award-years/2009/"
"National Board of Review","Critics","USA","2011","Best Supporting Actor","2011-01-11","Christian Bale","https://nationalboardofreview.org/award-years/2010/"
"National Board of Review","Critics","USA","2012","Best Supporting Actor","2013-01-08","Leonardo DiCaprio (Django Unchained)","https://nationalboardofreview.org/galas/2012-awards-gala/"
"National Board of Review","Critics","USA","2013","Best Supporting Actor","January 8, 2013","Leonardo DiCaprio","https://en.wikipedia.org/wiki/National_Board_of_Review_Awards_2012"
"National Board of Review","Critics","USA","2014","Best Supporting Actor","2014-01-07","Will Forte (Nebraska)","https://nationalboardofreview.org/award-years/2013/"
"National Board of Review","Critics","USA","2015","Best Supporting Actor","2015-01-06","Edward Norton","https://nationalboardofreview.org/galas/2014-awards-gala/the-national-board-of-review-gala-honoring-2014-winners-awards-ceremony-and-backstage-8/"
"National Board of Review","Critics","USA","2016","Best Supporting Actor","2017-01-04","Jeff Bridges","https://nationalboardofreview.org/award-years/2016/"
"National Board of Review","Critics","USA","2017","Best Supporting Actor","2018-01-04","Willem Dafoe","https://nationalboardofreview.org/award-years/2017/"
"National Board of Review","Critics","USA","2018","Best Supporting Actor","January 8, 2019","Sam Elliott","https://nationalboardofreview.org/2018/11/national-board-review-announces-2018-award-winners/"
"National Board of Review","Critics","USA","2019","Best Supporting Actor","2019-01-08","Sam Elliott","https://nationalboardofreview.org/2018/11/national-board-review-announces-2018-award-winners/"
"National Board of Review","Critics","USA","2020","Best Supporting Actor","2021-01-26","Paul Raci","https://en.wikipedia.org/wiki/National_Board_of_Review_Awards_2020"
"National Board of Review","Critics","USA","2021","Best Supporting Actor","2022-03-15","Ciarán Hinds","https://nationalboardofreview.org/2021/12/national-board-of-review-announces-2021-award-winners/"
"National Board of Review","Critics","USA","2022","Best Supporting Actor","2022-03-15","Ciarán Hinds","https://en.wikipedia.org/wiki/National_Board_of_Review_Awards_2021"
"National Board of Review","Critics","USA","2023","Best Supporting Actor","2023-01-08","Brendan Gleeson","https://en.wikipedia.org/wiki/National_Board_of_Review_Awards_2022"
"National Board of Review","Critics","USA","2024","Best Supporting Actor","2024-01-11","Mark Ruffalo","https://en.wikipedia.org/wiki/National_Board_of_Review_Awards_2023"
"National Board of Review","Critics","USA","2025","Best Supporting Actor","2025-01-07","Kieran Culkin","https://nationalboardofreview.org/2024/12/national-board-of-review-names-2024-honorees/"
"National Board of Review","Critics","USA","2026","Best Supporting Actor","2026-01-13","Benicio Del Toro","https://variety.com/2026/awards/news/national-board-of-review-awards-leonardo-dicaprio-ryan-coogler-1236631060/"
"National Board of Review","Critics","USA","2000","Best Supporting Actress","2000-01-18","Julianne Moore","https://en.wikipedia.org/wiki/National_Board_of_Review_Awards_1999"
"National Board of Review","Critics","USA","2001","Best Supporting Actress","2002-01-07","Cate Blanchett","https://en.wikipedia.org/wiki/National_Board_of_Review_Awards_2001"
"National Board of Review","Critics","USA","2002","Best Supporting Actress","2002-01-07","Cate Blanchett","https://nationalboardofreview.org/award-years/2001/"
"National Board of Review","Critics","USA","2003","Best Supporting Actress","2004-01-13","Patricia Clarkson","https://nationalboardofreview.org/award-years/2003/"
"National Board of Review","Critics","USA","2004","Best Supporting Actress","January 11, 2005","Laura Linney","https://nationalboardofreview.org/award-years/2004/"
"National Board of Review","Critics","USA","2005","Best Supporting Actress","2006-01-10","Gong Li","https://en.wikipedia.org/wiki/National_Board_of_Review_Awards_2005"
"National Board of Review","Critics","USA","2006","Best Supporting Actress","2006-01-10","Gong Li","https://en.wikipedia.org/wiki/National_Board_of_Review_Awards_2005"
"National Board of Review","Critics","USA","2007","Best Supporting Actress","2008-01-15","Amy Ryan","https://nationalboardofreview.org/award-names/best-supporting-actress/"
"National Board of Review","Critics","USA","2008","Best Supporting Actress","2009-01-14","Penélope Cruz","https://nationalboardofreview.org/award-years/2008/"
"National Board of Review","Critics","USA","2009","Best Supporting Actress","2009-01-14","Penélope Cruz","https://en.wikipedia.org/wiki/National_Board_of_Review_Awards_2008"
"National Board of Review","Critics","USA","2010","Best Supporting Actress","2011-01-11","Jacki Weaver","https://nationalboardofreview.org/award-years/2010/"
"National Board of Review","Critics","USA","2011","Best Supporting Actress","2012-01-10","Shailene Woodley","https://nationalboardofreview.org/award-years/2011/"
"National Board of Review","Critics","USA","2012","Best Supporting Actress","2013-01-08","Ann Dowd","https://nationalboardofreview.org/award-years/2012/"
"National Board of Review","Critics","USA","2013","Best Supporting Actress","2013-01-08","Ann Dowd","https://nationalboardofreview.org/award-years/2012/"
"National Board of Review","Critics","USA","2014","Best Supporting Actress","2015-01-06","Jessica Chastain","https://nationalboardofreview.org/galas/2014-awards-gala/"
"National Board of Review","Critics","USA","2015","Best Supporting Actress","2016-01-05","Jennifer Jason Leigh","https://nationalboardofreview.org/2015/12/national-board-of-review-announces-2015-award-winners/"
"National Board of Review","Critics","USA","2016","Best Supporting Actress","2016-01-05","Jennifer Jason Leigh","https://nationalboardofreview.org/galas/2015-awards-gala/"
"National Board of Review","Critics","USA","2017","Best Supporting Actress","2017-01-04","Naomie Harris","https://nationalboardofreview.org/galas/2016-awards-gala/"
"National Board of Review","Critics","USA","2018","Best Supporting Actress","2018-01-09","Laurie Metcalf","https://nationalboardofreview.org/2017/11/national-board-review-announces-2017-award-winners/"
"National Board of Review","Critics","USA","2019","Best Supporting Actress","2019-01-08","Regina King","https://nationalboardofreview.org/galas/2018-awards-gala/"
"National Board of Review","Critics","USA","2020","Best Supporting Actress","2021-01-26","Youn Yuh-jung","https://en.wikipedia.org/wiki/National_Board_of_Review_Awards_2020"
"National Board of Review","Critics","USA","2021","Best Supporting Actress","2021-12-02","Aunjanue Ellis-Taylor","https://nationalboardofreview.org/award-years/2021/"
"National Board of Review","Critics","USA","2022","Best Supporting Actress","2023-01-08","Janelle Monáe","https://nationalboardofreview.org/galas/2022-awards-gala/"
"National Board of Review","Critics","USA","2023","Best Supporting Actress","2023-01-08","Janelle Monáe","https://nationalboardofreview.org/2022/12/national-board-of-review-announces-2022-award-winners/"
"National Board of Review","Critics","USA","2024","Best Supporting Actress","January 11, 2024","Da'Vine Joy Randolph","https://nationalboardofreview.org/2023/09/the-national-board-of-review-to-host-annual-awards-gala-thursday-january-11th-2024-in-new-york-city/"
"National Board of Review","Critics","USA","2025","Best Supporting Actress","2025-01-07","Elle Fanning","https://nationalboardofreview.org/2024/12/national-board-of-review-names-2024-honorees/"
"National Board of Review","Critics","USA","2026","Best Supporting Actress","January 13, 2026","Inga Ibsdotter Lilleaas","https://variety.com/2026/awards/news/national-board-of-review-awards-leonardo-dicaprio-ryan-coogler-1236631060/"
"National Board of Review","Critics","USA","2000","Outstanding Achievement in Cinematography","2001-01-16","","https://en.wikipedia.org/wiki/National_Board_of_Review_Awards_2000"
"National Board of Review","Critics","USA","2001","Outstanding Achievement in Cinematography","2001-01-16","","https://nationalboardofreview.org/award-years/2001/"
"National Board of Review","Critics","USA","2002","Outstanding Achievement in Cinematography","2003-01-14","Conrad Hall","https://en.wikipedia.org/wiki/National_Board_of_Review_Awards_2002"
"National Board of Review","Critics","USA","2003","Outstanding Achievement in Cinematography","2003-12-03","John Toll (Career Achievement in Cinematography)","https://nationalboardofreview.org/award-years/2003/"
"National Board of Review","Critics","USA","2004","Outstanding Achievement in Cinematography","2005-01-11","Caleb Deschanel (Career Achievement - Cinematography)","https://nationalboardofreview.org/award-years/2004/"
"National Board of Review","Critics","USA","2005","Outstanding Achievement in Cinematography","2005-01-11","None","https://nationalboardofreview.org/award-years/2004/"
"National Board of Review","Critics","USA","2006","Outstanding Achievement in Cinematography","","",""
"National Board of Review","Critics","USA","2007","Outstanding Achievement in Cinematography","","",""
"National Board of Review","Critics","USA","2008","Outstanding Achievement in Cinematography","","",""
"National Board of Review","Critics","USA","2009","Outstanding Achievement in Cinematography","","",""
"National Board of Review","Critics","USA","2010","Outstanding Achievement in Cinematography","2010-01-12","","https://nationalboardofreview.org/award-years/2010/"
"National Board of Review","Critics","USA","2011","Outstanding Achievement in Cinematography","","",""
"National Board of Review","Critics","USA","2012","Outstanding Achievement in Cinematography","","",""
"National Board of Review","Critics","USA","2013","Outstanding Achievement in Cinematography","","",""
"National Board of Review","Critics","USA","2014","Outstanding Achievement in Cinematography","2015-01-06","","https://en.wikipedia.org/wiki/National_Board_of_Review_Awards_2014"
"National Board of Review","Critics","USA","2015","Outstanding Achievement in Cinematography","","",""
"National Board of Review","Critics","USA","2016","Outstanding Achievement in Cinematography","","",""
"National Board of Review","Critics","USA","2017","Outstanding Achievement in Cinematography","","",""
"National Board of Review","Critics","USA","2018","Outstanding Achievement in Cinematography","","",""
"National Board of Review","Critics","USA","2019","Outstanding Achievement in Cinematography","2020-01-08","Roger Deakins, 1917","https://nationalboardofreview.org/award-years/2019/"
"National Board of Review","Critics","USA","2020","Outstanding Achievement in Cinematography","2020-01-08","Roger Deakins (1917)","https://nationalboardofreview.org/2019/12/national-board-of-review-announces-2019-award-winners/"
"National Board of Review","Critics","USA","2021","Outstanding Achievement in Cinematography","January 26, 2021","Joshua James Richards (Nomadland)","https://nationalboardofreview.org/award-years/2020/"
"National Board of Review","Critics","USA","2022","Outstanding Achievement in Cinematography","2022-03-15","Bruno Delbonnel (The Tragedy of Macbeth)","https://nationalboardofreview.org/galas/2021-awards-gala/"
"National Board of Review","Critics","USA","2023","Outstanding Achievement in Cinematography","2023-01-08","Claudio Miranda (Top Gun: Maverick)","https://nationalboardofreview.org/2022/12/national-board-of-review-announces-2022-award-winners/"
"National Board of Review","Critics","USA","2024","Outstanding Achievement in Cinematography","2024-01-11","Rodrigo Prieto (Barbie and Killers of the Flower Moon)","https://nationalboardofreview.org/2023/12/national-board-of-review-names-2023-honorees/"
"National Board of Review","Critics","USA","2025","Outstanding Achievement in Cinematography","January 7, 2025","Jarin Blaschke (Nosferatu)","https://nationalboardofreview.org/2024/12/national-board-of-review-names-2024-honorees/"
"National Board of Review","Critics","USA","2026","Outstanding Achievement in Cinematography","2026-01-13","Autumn Durald Arkapaw (Sinners)","https://variety.com/2026/awards/news/national-board-of-review-awards-leonardo-dicaprio-ryan-coogler-1236631060/"
"National Board of Review","Critics","USA","2000","Best Film Editing","2001-01-16","","https://en.wikipedia.org/wiki/National_Board_of_Review_Awards_2000"
"National Board of Review","Critics","USA","2001","Best Film Editing","","",""
"National Board of Review","Critics","USA","2002","Best Film Editing","","",""
"National Board of Review","Critics","USA","2003","Best Film Editing","","",""
"National Board of Review","Critics","USA","2004","Best Film Editing","","",""
"National Board of Review","Critics","USA","2005","Best Film Editing","","","https://en.wikipedia.org/wiki/National_Board_of_Review_Awards_2005"
"National Board of Review","Critics","USA","2006","Best Film Editing","January 9, 2007","","https://nationalboardofreview.org/award-years/2006/"
"National Board of Review","Critics","USA","2007","Best Film Editing","","",""
"National Board of Review","Critics","USA","2008","Best Film Editing","","",""
"National Board of Review","Critics","USA","2009","Best Film Editing","","",""
"National Board of Review","Critics","USA","2010","Best Film Editing","","",""
"National Board of Review","Critics","USA","2011","Best Film Editing","","",""
"National Board of Review","Critics","USA","2012","Best Film Editing","","",""
"National Board of Review","Critics","USA","2013","Best Film Editing","","",""
"National Board of Review","Critics","USA","2014","Best Film Editing","2014-01-07","","https://en.wikipedia.org/wiki/National_Board_of_Review_Awards_2014"
"National Board of Review","Critics","USA","2015","Best Film Editing","","",""
"National Board of Review","Critics","USA","2016","Best Film Editing","","",""
"National Board of Review","Critics","USA","2017","Best Film Editing","","",""
"National Board of Review","Critics","USA","2018","Best Film Editing","","",""
"National Board of Review","Critics","USA","2019","Best Film Editing","","",""
"National Board of Review","Critics","USA","2020","Best Film Editing","2021-01-26","","https://nationalboardofreview.org/award-years/2020/"
"National Board of Review","Critics","USA","2021","Best Film Editing","2021-12-02","","https://nationalboardofreview.org/award-years/2021/"
"National Board of Review","Critics","USA","2022","Best Film Editing","","",""
"National Board of Review","Critics","USA","2023","Best Film Editing","","",""
"National Board of Review","Critics","USA","2024","Best Film Editing","","","https://nationalboardofreview.org/2024/12/national-board-of-review-names-2024-honorees/"
"National Board of Review","Critics","USA","2025","Best Film Editing","","",""
"National Board of Review","Critics","USA","2026","Best Film Editing","","",""
"National Board of Review","Critics","USA","2000","Best Adapted Screenplay","2001-01-16","Ted Tally (for All the Pretty Horses)","https://en.wikipedia.org/wiki/National_Board_of_Review_Awards_2000"
"National Board of Review","Critics","USA","2001","Best Adapted Screenplay","","",""
"National Board of Review","Critics","USA","2002","Best Adapted Screenplay","","",""
"National Board of Review","Critics","USA","2003","Best Adapted Screenplay","2003-12-03","Anthony Minghella (Cold Mountain)","https://nationalboardofreview.org/award-years/2003/"
"National Board of Review","Critics","USA","2004","Best Adapted Screenplay","2004-01-13","Anthony Minghella (Cold Mountain)","https://nationalboardofreview.org/award-years/2003/"
"National Board of Review","Critics","USA","2005","Best Adapted Screenplay","2006-01-10","Stephen Gaghan (Syriana)","https://en.wikipedia.org/wiki/National_Board_of_Review_Awards_2005"
"National Board of Review","Critics","USA","2006","Best Adapted Screenplay","2006-01-10","Stephen Gaghan (Syriana)","https://en.wikipedia.org/wiki/National_Board_of_Review_Awards_2005"
"National Board of Review","Critics","USA","2007","Best Adapted Screenplay","2008-01-15","Joel and Ethan Coen (No Country for Old Men)","https://en.wikipedia.org/wiki/National_Board_of_Review_Awards_2007"
"National Board of Review","Critics","USA","2008","Best Adapted Screenplay","2009-01-12","Simon Beaufoy (Slumdog Millionaire) and Eric Roth (The Curious Case of Benjamin Button) (tie)","https://en.wikipedia.org/wiki/National_Board_of_Review_Awards_2008"
"National Board of Review","Critics","USA","2009","Best Adapted Screenplay","2010-01-12","Jason Reitman and Sheldon Turner (Up in the Air)","https://nationalboardofreview.org/award-years/2009/"
"National Board of Review","Critics","USA","2010","Best Adapted Screenplay","2010-01-12","Jason Reitman and Sheldon Turner (Up in the Air)","https://en.wikipedia.org/wiki/National_Board_of_Review_Awards_2009"
"National Board of Review","Critics","USA","2011","Best Adapted Screenplay","2011-01-11","Aaron Sorkin (The Social Network)","https://en.wikipedia.org/wiki/National_Board_of_Review_Awards_2010"
"National Board of Review","Critics","USA","2012","Best Adapted Screenplay","January 10, 2012","Alexander Payne, Nat Faxon & Jim Rash (The Descendants)","https://nationalboardofreview.org/award-years/2011/"
"National Board of Review","Critics","USA","2013","Best Adapted Screenplay","2014-01-08","Terence Winter (The Wolf of Wall Street)","https://nationalboardofreview.org/galas/2013-awards-gala/"
"National Board of Review","Critics","USA","2014","Best Adapted Screenplay","2014-01-07","Terence Winter (The Wolf of Wall Street)","https://en.wikipedia.org/wiki/National_Board_of_Review_Awards_2013"
"National Board of Review","Critics","USA","2015","Best Adapted Screenplay","2016-01-05","Drew Goddard – The Martian","https://nationalboardofreview.org/2015/12/national-board-of-review-announces-2015-award-winners/"
"National Board of Review","Critics","USA","2016","Best Adapted Screenplay","2016-01-05","Drew Goddard (The Martian)","https://www.hollywoodreporter.com/news/general-news/vet-sylvester-stallone-youngsters-jacob-852439/"
"National Board of Review","Critics","USA","2017","Best Adapted Screenplay","2017-01-04","Jay Cocks and Martin Scorsese (Silence)","https://nationalboardofreview.org/2016/11/national-board-review-announces-2016-award-winners/"
"National Board of Review","Critics","USA","2018","Best Adapted Screenplay","2018-11-27","Barry Jenkins (If Beale Street Could Talk)","https://nationalboardofreview.org/2018/11/national-board-review-announces-2018-award-winners/"
"National Board of Review","Critics","USA","2019","Best Adapted Screenplay","2020-01-08","Steven Zaillian (The Irishman)","https://nationalboardofreview.org/2019/12/national-board-of-review-announces-2019-award-winners/"
"National Board of Review","Critics","USA","2020","Best Adapted Screenplay","2020-01-08","Steven Zaillian (The Irishman)","https://nationalboardofreview.org/2019/12/national-board-of-review-announces-2019-award-winners/"
"National Board of Review","Critics","USA","2021","Best Adapted Screenplay","2022-03-15","Joel Coen, The Tragedy of Macbeth","https://nationalboardofreview.org/2021/12/national-board-of-review-announces-2021-award-winners/"
"National Board of Review","Critics","USA","2022","Best Adapted Screenplay","2022-03-15","Joel Coen (The Tragedy of Macbeth)","https://nationalboardofreview.org/2022/01/the-national-board-of-review-will-host-awards-gala-on-tuesday-march-15-2022/"
"National Board of Review","Critics","USA","2023","Best Adapted Screenplay","2024-01-11","Tony McNamara (Poor Things)","https://nationalboardofreview.org/2023/12/national-board-of-review-names-2023-honorees/"
"National Board of Review","Critics","USA","2024","Best Adapted Screenplay","2025-01-07","Clint Bentley & Greg Kwedar (Sing Sing)","https://nationalboardofreview.org/2024/12/national-board-of-review-names-2024-honorees/"
"National Board of Review","Critics","USA","2025","Best Adapted Screenplay","2025-01-07","Clint Bentley and Greg Kwedar (Sing Sing)","https://nationalboardofreview.org/2024/12/national-board-of-review-names-2024-honorees/"
"National Board of Review","Critics","USA","2026","Best Adapted Screenplay","2026-01-13","Clint Bentley and Greg Kwedar (Train Dreams)","https://nationalboardofreview.org/award-years/2025/"
"National Board of Review","Critics","USA","2000","Best Original Screenplay","","",""
"National Board of Review","Critics","USA","2001","Best Original Screenplay","2002-01-07","Todd Field and Rob Festinger (for In the Bedroom)","https://nationalboardofreview.org/award-years/2001/"
"National Board of Review","Critics","USA","2002","Best Original Screenplay","","",""
"National Board of Review","Critics","USA","2003","Best Original Screenplay","2003-12-03","Jim Sheridan, Naomi Sheridan, and Kirsten Sheridan (In America)","https://en.wikipedia.org/wiki/National_Board_of_Review_Awards_2003"
"National Board of Review","Critics","USA","2004","Best Original Screenplay","January 13, 2004","Jim Sheridan, Kirsten Sheridan, and Naomi Sheridan (for In America)","https://en.wikipedia.org/wiki/National_Board_of_Review_Awards_2003"
"National Board of Review","Critics","USA","2005","Best Original Screenplay","2005-01-11","Charlie Kaufman (Eternal Sunshine of the Spotless Mind)","https://en.wikipedia.org/wiki/National_Board_of_Review_Awards_2004"
"National Board of Review","Critics","USA","2006","Best Original Screenplay","2007-01-09","Zach Helm (Stranger Than Fiction)","https://nationalboardofreview.org/award-years/2006/"
"National Board of Review","Critics","USA","2007","Best Original Screenplay","2008-01-15","Diablo Cody (Juno) and Nancy Oliver (Lars and the Real Girl) (tie)","https://nationalboardofreview.org/award-years/2007/"
"National Board of Review","Critics","USA","2008","Best Original Screenplay","2009-01-14","Nick Schenk (Gran Torino)","https://nationalboardofreview.org/award-years/2008/"
"National Board of Review","Critics","USA","2009","Best Original Screenplay","2009-01-14","Nick Schenk (Gran Torino)","https://nationalboardofreview.org/award-years/2008/"
"National Board of Review","Critics","USA","2010","Best Original Screenplay","2010-01-12","Joel and Ethan Coen (A Serious Man)","https://en.wikipedia.org/wiki/National_Board_of_Review_Awards_2009"
"National Board of Review","Critics","USA","2011","Best Original Screenplay","2011-01-11","Chris Sparling – Buried","https://nationalboardofreview.org/award-years/2010/"
"National Board of Review","Critics","USA","2012","Best Original Screenplay","2013-01-08","Rian Johnson (Looper)","https://nationalboardofreview.org/award-years/2012/"
"National Board of Review","Critics","USA","2013","Best Original Screenplay","2013-01-08","Rian Johnson (Looper)","https://nationalboardofreview.org/award-years/2012/"
"National Board of Review","Critics","USA","2014","Best Original Screenplay","2015-01-06","Phil Lord & Christopher Miller (The Lego Movie)","https://nationalboardofreview.org/2014/12/national-board-review-announces-2014-award-winners/"
"National Board of Review","Critics","USA","2015","Best Original Screenplay","2015-01-06","Phil Lord & Christopher Miller (The Lego Movie)","https://www.hollywoodreporter.com/news/general-news/nbr-awards-celebrate-a-violent-761492/"
"National Board of Review","Critics","USA","2016","Best Original Screenplay","2017-01-04","Kenneth Lonergan (Manchester by the Sea)","https://nationalboardofreview.org/2016/11/national-board-review-announces-2016-award-winners/"
"National Board of Review","Critics","USA","2017","Best Original Screenplay","2018-01-09","Paul Thomas Anderson (Phantom Thread)","https://nationalboardofreview.org/2017/11/national-board-review-announces-2017-award-winners/"
"National Board of Review","Critics","USA","2018","Best Original Screenplay","2018-01-09","Paul Thomas Anderson (Phantom Thread)","https://nationalboardofreview.org/award-years/2017/"
"National Board of Review","Critics","USA","2019","Best Original Screenplay","2019-01-08","Paul Schrader","https://nationalboardofreview.org/award-names/best-original-screenplay/"
"National Board of Review","Critics","USA","2020","Best Original Screenplay","2020-01-08","Josh Safdie, Benny Safdie, and Ronald Bronstein (Uncut Gems)","https://nationalboardofreview.org/award-years/2019/"
"National Board of Review","Critics","USA","2021","Best Original Screenplay","December 2, 2021","Asghar Farhadi (A Hero)","https://nationalboardofreview.org/2021/12/national-board-of-review-announces-2021-award-winners/"
"National Board of Review","Critics","USA","2022","Best Original Screenplay","2023-01-08","Martin McDonagh (for The Banshees of Inisherin)","https://nationalboardofreview.org/2022/12/national-board-of-review-announces-2022-award-winners/"
"National Board of Review","Critics","USA","2023","Best Original Screenplay","January 8, 2023","Martin McDonagh (The Banshees of Inisherin)","https://nationalboardofreview.org/galas/2022-awards-gala/"
"National Board of Review","Critics","USA","2024","Best Original Screenplay","2024-01-11","David Hemingson (The Holdovers)","https://nationalboardofreview.org/2023/12/national-board-of-review-names-2023-honorees/"
"National Board of Review","Critics","USA","2025","Best Original Screenplay","2025-01-07","Mike Leigh (Hard Truths)","https://nationalboardofreview.org/2024/12/national-board-of-review-names-2024-honorees/"
"National Board of Review","Critics","USA","2026","Best Original Screenplay","2026-01-13","Ryan Coogler (Sinners)","https://variety.com/2026/awards/news/national-board-of-review-awards-leonardo-dicaprio-ryan-coogler-1236631060/"
"National Board of Review","Critics","USA","2000","Best Original Song","2000-12-06","","https://nationalboardofreview.org/award-years/2000/"
"National Board of Review","Critics","USA","2001","Best Original Song","","",""
"National Board of Review","Critics","USA","2002","Best Original Song","","",""
"National Board of Review","Critics","USA","2003","Best Original Song","2003-12-03","","https://nationalboardofreview.org/award-years/2003/"
"National Board of Review","Critics","USA","2004","Best Original Song","","",""
"National Board of Review","Critics","USA","2005","Best Original Song","2006-01-10","","https://en.wikipedia.org/wiki/National_Board_of_Review_Awards_2005"
"National Board of Review","Critics","USA","2006","Best Original Song","2007-01-09","","https://nationalboardofreview.org/award-years/2006/"
"National Board of Review","Critics","USA","2007","Best Original Song","2008-01-15","","https://nationalboardofreview.org/award-years/2007/"
"National Board of Review","Critics","USA","2008","Best Original Song","2009-01-14","","https://nationalboardofreview.org/award-years/2008/"
"National Board of Review","Critics","USA","2009","Best Original Song","","",""
"National Board of Review","Critics","USA","2010","Best Original Song","","",""
"National Board of Review","Critics","USA","2011","Best Original Song","","",""
"National Board of Review","Critics","USA","2012","Best Original Song","","",""
"National Board of Review","Critics","USA","2013","Best Original Song","","",""
"National Board of Review","Critics","USA","2014","Best Original Song","","",""
"National Board of Review","Critics","USA","2015","Best Original Song","2016-01-05","","https://nationalboardofreview.org/award-years/2015/"
"National Board of Review","Critics","USA","2016","Best Original Song","","",""
"National Board of Review","Critics","USA","2017","Best Original Song","","",""
"National Board of Review","Critics","USA","2018","Best Original Song","","",""
"National Board of Review","Critics","USA","2019","Best Original Song","","",""
"National Board of Review","Critics","USA","2020","Best Original Song","","",""
"National Board of Review","Critics","USA","2021","Best Original Song","","",""
"National Board of Review","Critics","USA","2022","Best Original Song","2022-12-08","","https://nationalboardofreview.org/award-years/2022/"
"National Board of Review","Critics","USA","2023","Best Original Song","2023-12-06","","https://nationalboardofreview.org/award-years/2023/"
"National Board of Review","Critics","USA","2024","Best Original Song","2024-01-11","","https://nationalboardofreview.org/award-years/2023/"
"National Board of Review","Critics","USA","2025","Best Original Song","2025-01-07","","https://nationalboardofreview.org/2024/12/national-board-of-review-names-2024-honorees/"
"National Board of Review","Critics","USA","2026","Best Original Song","2026-01-13","","https://nationalboardofreview.org/2025/12/national-board-of-review-names-2025-honorees/"
"National Board of Review","Critics","USA","2000","Outstanding Film Music Composition","2001-01-16","","https://nationalboardofreview.org/award-years/2000/"
"National Board of Review","Critics","USA","2001","Outstanding Film Music Composition","2002-01-07","John Williams (Career Achievement - Music Composition)","https://en.wikipedia.org/wiki/National_Board_of_Review_Awards_2001"
"National Board of Review","Critics","USA","2002","Outstanding Film Music Composition","","",""
"National Board of Review","Critics","USA","2003","Outstanding Film Music Composition","","",""
"National Board of Review","Critics","USA","2004","Outstanding Film Music Composition","2005-01-11","Jan A. P. Kaczmarek (Finding Neverland)","https://nationalboardofreview.org/award-years/2004/"
"National Board of Review","Critics","USA","2005","Outstanding Film Music Composition","2005-01-11","Jan A. P. Kaczmarek (Finding Neverland)","https://nationalboardofreview.org/award-years/2004/"
"National Board of Review","Critics","USA","2006","Outstanding Film Music Composition","","",""
"National Board of Review","Critics","USA","2007","Outstanding Film Music Composition","","",""
"National Board of Review","Critics","USA","2008","Outstanding Film Music Composition","","",""
"National Board of Review","Critics","USA","2009","Outstanding Film Music Composition","","",""
"National Board of Review","Critics","USA","2010","Outstanding Film Music Composition","","",""
"National Board of Review","Critics","USA","2011","Outstanding Film Music Composition","","",""
"National Board of Review","Critics","USA","2012","Outstanding Film Music Composition","","",""
"National Board of Review","Critics","USA","2013","Outstanding Film Music Composition","","",""
"National Board of Review","Critics","USA","2014","Outstanding Film Music Composition","","",""
"National Board of Review","Critics","USA","2015","Outstanding Film Music Composition","","",""
"National Board of Review","Critics","USA","2016","Outstanding Film Music Composition","","",""
"National Board of Review","Critics","USA","2017","Outstanding Film Music Composition","","",""
"National Board of Review","Critics","USA","2018","Outstanding Film Music Composition","","",""
"National Board of Review","Critics","USA","2019","Outstanding Film Music Composition","","",""
"National Board of Review","Critics","USA","2020","Outstanding Film Music Composition","","",""
"National Board of Review","Critics","USA","2021","Outstanding Film Music Composition","","",""
"National Board of Review","Critics","USA","2022","Outstanding Film Music Composition","","",""
"National Board of Review","Critics","USA","2023","Outstanding Film Music Composition","","",""
"National Board of Review","Critics","USA","2024","Outstanding Film Music Composition","","",""
"National Board of Review","Critics","USA","2025","Outstanding Film Music Composition","","",""
"National Board of Review","Critics","USA","2026","Outstanding Film Music Composition","","",""
"National Board of Review","Critics","USA","2000","Best Costume Design","","","https://en.wikipedia.org/wiki/National_Board_of_Review_Awards_2000"
"National Board of Review","Critics","USA","2001","Best Costume Design","","",""
"National Board of Review","Critics","USA","2002","Best Costume Design","","",""
"National Board of Review","Critics","USA","2003","Best Costume Design","","",""
"National Board of Review","Critics","USA","2004","Best Costume Design","","","https://nationalboardofreview.org/award-years/2004/"
"National Board of Review","Critics","USA","2005","Best Costume Design","2006-01-10","","https://nationalboardofreview.org/award-years/2005/"
"National Board of Review","Critics","USA","2006","Best Costume Design","","",""
"National Board of Review","Critics","USA","2007","Best Costume Design","","",""
"National Board of Review","Critics","USA","2008","Best Costume Design","","",""
"National Board of Review","Critics","USA","2009","Best Costume Design","","",""
"National Board of Review","Critics","USA","2010","Best Costume Design","January 11, 2011","","https://nationalboardofreview.org/award-years/2010/"
"National Board of Review","Critics","USA","2011","Best Costume Design","","",""
"National Board of Review","Critics","USA","2012","Best Costume Design","","",""
"National Board of Review","Critics","USA","2013","Best Costume Design","","",""
"National Board of Review","Critics","USA","2014","Best Costume Design","","",""
"National Board of Review","Critics","USA","2015","Best Costume Design","","",""
"National Board of Review","Critics","USA","2016","Best Costume Design","","",""
"National Board of Review","Critics","USA","2017","Best Costume Design","","","https://nationalboardofreview.org/2017/11/national-board-review-announces-2017-award-winners/"
"National Board of Review","Critics","USA","2018","Best Costume Design","","",""
"National Board of Review","Critics","USA","2019","Best Costume Design","","",""
"National Board of Review","Critics","USA","2020","Best Costume Design","","",""
"National Board of Review","Critics","USA","2021","Best Costume Design","2021-12-02","","https://nationalboardofreview.org/2021/12/national-board-of-review-announces-2021-award-winners/"
"National Board of Review","Critics","USA","2022","Best Costume Design","","",""
"National Board of Review","Critics","USA","2023","Best Costume Design","","",""
"National Board of Review","Critics","USA","2024","Best Costume Design","","",""
"National Board of Review","Critics","USA","2025","Best Costume Design","2025-12-03","","https://nationalboardofreview.org/award-years/2025/"
"National Board of Review","Critics","USA","2026","Best Costume Design","","",""
"National Board of Review","Critics","USA","2000","Best Makeup and Hairstyling","","",""
"National Board of Review","Critics","USA","2001","Best Makeup and Hairstyling","","",""
"National Board of Review","Critics","USA","2002","Best Makeup and Hairstyling","","",""
"National Board of Review","Critics","USA","2003","Best Makeup and Hairstyling","","",""
"National Board of Review","Critics","USA","2004","Best Makeup and Hairstyling","","",""
"National Board of Review","Critics","USA","2005","Best Makeup and Hairstyling","","",""
"National Board of Review","Critics","USA","2006","Best Makeup and Hairstyling","","",""
"National Board of Review","Critics","USA","2007","Best Makeup and Hairstyling","","",""
"National Board of Review","Critics","USA","2008","Best Makeup and Hairstyling","","",""
"National Board of Review","Critics","USA","2009","Best Makeup and Hairstyling","","",""
"National Board of Review","Critics","USA","2010","Best Makeup and Hairstyling","2010-01-12","","https://en.wikipedia.org/wiki/National_Board_of_Review_Awards_2009"
"National Board of Review","Critics","USA","2011","Best Makeup and Hairstyling","","",""
"National Board of Review","Critics","USA","2012","Best Makeup and Hairstyling","","",""
"National Board of Review","Critics","USA","2013","Best Makeup and Hairstyling","","",""
"National Board of Review","Critics","USA","2014","Best Makeup and Hairstyling","","",""
"National Board of Review","Critics","USA","2015","Best Makeup and Hairstyling","","",""
"National Board of Review","Critics","USA","2016","Best Makeup and Hairstyling","","",""
"National Board of Review","Critics","USA","2017","Best Makeup and Hairstyling","","",""
"National Board of Review","Critics","USA","2018","Best Makeup and Hairstyling","","",""
"National Board of Review","Critics","USA","2019","Best Makeup and Hairstyling","","",""
"National Board of Review","Critics","USA","2020","Best Makeup and Hairstyling","","",""
"National Board of Review","Critics","USA","2021","Best Makeup and Hairstyling","","",""
"National Board of Review","Critics","USA","2022","Best Makeup and Hairstyling","","",""
"National Board of Review","Critics","USA","2023","Best Makeup and Hairstyling","","",""
"National Board of Review","Critics","USA","2024","Best Makeup and Hairstyling","","",""
"National Board of Review","Critics","USA","2025","Best Makeup and Hairstyling","","",""
"National Board of Review","Critics","USA","2026","Best Makeup and Hairstyling","","",""
"National Board of Review","Critics","USA","2000","Production Design Award","2000-01-18","","https://en.wikipedia.org/wiki/National_Board_of_Review_Awards_1999"
"National Board of Review","Critics","USA","2001","Production Design Award","2001-01-16","Arthur Max (for Gladiator)","https://nationalboardofreview.org/award-names/production-design-award/"
"National Board of Review","Critics","USA","2002","Production Design Award","2002-01-07","Grant Major (The Lord of the Rings: The Fellowship of the Ring)","https://nationalboardofreview.org/award-years/2001/"
"National Board of Review","Critics","USA","2003","Production Design Award","2003-12-03","","https://nationalboardofreview.org/award-years/2003/"
"National Board of Review","Critics","USA","2004","Production Design Award","2004-01-13","","https://nationalboardofreview.org/award-years/2003/"
"National Board of Review","Critics","USA","2005","Production Design Award","","",""
"National Board of Review","Critics","USA","2006","Production Design Award","","",""
"National Board of Review","Critics","USA","2007","Production Design Award","","",""
"National Board of Review","Critics","USA","2008","Production Design Award","2009-01-14","","https://nationalboardofreview.org/award-names/production-design-award/"
"National Board of Review","Critics","USA","2009","Production Design Award","","",""
"National Board of Review","Critics","USA","2010","Production Design Award","2011-01-11","Dante Ferretti (Shutter Island)","https://nationalboardofreview.org/award-years/2010/"
"National Board of Review","Critics","USA","2011","Production Design Award","2011-01-11","Dante Ferretti","https://nationalboardofreview.org/award-years/2010/"
"National Board of Review","Critics","USA","2012","Production Design Award","","",""
"National Board of Review","Critics","USA","2013","Production Design Award","","",""
"National Board of Review","Critics","USA","2014","Production Design Award","","",""
"National Board of Review","Critics","USA","2015","Production Design Award","","",""
"National Board of Review","Critics","USA","2016","Production Design Award","","",""
"National Board of Review","Critics","USA","2017","Production Design Award","","",""
"National Board of Review","Critics","USA","2018","Production Design Award","2019-01-08","","https://nationalboardofreview.org/award-years/2018/"
"National Board of Review","Critics","USA","2019","Production Design Award","","",""
"National Board of Review","Critics","USA","2020","Production Design Award","","",""
"National Board of Review","Critics","USA","2021","Production Design Award","","",""
"National Board of Review","Critics","USA","2022","Production Design Award","","",""
"National Board of Review","Critics","USA","2023","Production Design Award","","",""
"National Board of Review","Critics","USA","2024","Production Design Award","","",""
"National Board of Review","Critics","USA","2025","Production Design Award","2024-12-04","","https://nationalboardofreview.org/2024/12/national-board-of-review-names-2024-honorees/"
"National Board of Review","Critics","USA","2026","Production Design Award","2026-01-13","","https://nationalboardofreview.org/2025/12/national-board-of-review-names-2025-honorees/"
"National Board of Review","Critics","USA","2000","Best Sound","","",""
"National Board of Review","Critics","USA","2001","Best Sound","","",""
"National Board of Review","Critics","USA","2002","Best Sound","2003-01-14","","https://nationalboardofreview.org/award-years/2002/"
"National Board of Review","Critics","USA","2003","Best Sound","","",""
"National Board of Review","Critics","USA","2004","Best Sound","","",""
"National Board of Review","Critics","USA","2005","Best Sound","","",""
"National Board of Review","Critics","USA","2006","Best Sound","","",""
"National Board of Review","Critics","USA","2007","Best Sound","","",""
"National Board of Review","Critics","USA","2008","Best Sound","","",""
"National Board of Review","Critics","USA","2009","Best Sound","","",""
"National Board of Review","Critics","USA","2010","Best Sound","","",""
"National Board of Review","Critics","USA","2011","Best Sound","","",""
"National Board of Review","Critics","USA","2012","Best Sound","","",""
"National Board of Review","Critics","USA","2013","Best Sound","","",""
"National Board of Review","Critics","USA","2014","Best Sound","","",""
"National Board of Review","Critics","USA","2015","Best Sound","","",""
"National Board of Review","Critics","USA","2016","Best Sound","","",""
"National Board of Review","Critics","USA","2017","Best Sound","","",""
"National Board of Review","Critics","USA","2018","Best Sound","","",""
"National Board of Review","Critics","USA","2019","Best Sound","","","https://nationalboardofreview.org/award-years/2019/"
"National Board of Review","Critics","USA","2020","Best Sound","","",""
"National Board of Review","Critics","USA","2021","Best Sound","","",""
"National Board of Review","Critics","USA","2022","Best Sound","","",""
"National Board of Review","Critics","USA","2023","Best Sound","","",""
"National Board of Review","Critics","USA","2024","Best Sound","","",""
"National Board of Review","Critics","USA","2025","Best Sound","","","https://nationalboardofreview.org/2024/12/national-board-of-review-names-2024-honorees/"
"National Board of Review","Critics","USA","2026","Best Sound","","",""
"National Board of Review","Critics","USA","2000","Best Animated Feature","","",""
"National Board of Review","Critics","USA","2001","Best Animated Feature","2001-01-16","Chicken Run","https://en.wikipedia.org/wiki/National_Board_of_Review_Awards_2000"
"National Board of Review","Critics","USA","2002","Best Animated Feature","2002-01-07","Shrek","https://en.wikipedia.org/wiki/National_Board_of_Review_Awards_2001"
"National Board of Review","Critics","USA","2003","Best Animated Feature","2003-01-14","Spirited Away (Sen to Chihiro no Kamikakushi)","https://en.wikipedia.org/wiki/National_Board_of_Review_Awards_2002"
"National Board of Review","Critics","USA","2004","Best Animated Feature","2005-01-11","The Incredibles","https://en.wikipedia.org/wiki/National_Board_of_Review_Awards_2004"
"National Board of Review","Critics","USA","2005","Best Animated Feature","2005-01-11","The Incredibles","https://en.wikipedia.org/wiki/National_Board_of_Review_Awards_2004"
"National Board of Review","Critics","USA","2006","Best Animated Feature","2006-01-10","Corpse Bride","https://en.wikipedia.org/wiki/National_Board_of_Review_Awards_2005"
"National Board of Review","Critics","USA","2007","Best Animated Feature","2008-01-15","Ratatouille","https://nationalboardofreview.org/award-years/2007/"
"National Board of Review","Critics","USA","2008","Best Animated Feature","January 12, 2009","WALL-E","https://nationalboardofreview.org/award-years/2008/"
"National Board of Review","Critics","USA","2009","Best Animated Feature","2009-01-14","WALL-E","https://nationalboardofreview.org/award-years/2008/"
"National Board of Review","Critics","USA","2010","Best Animated Feature","2011-01-11","Toy Story 3","https://nationalboardofreview.org/award-years/2010/"
"National Board of Review","Critics","USA","2011","Best Animated Feature","2011-01-11","Toy Story 3","https://nationalboardofreview.org/award-years/2010/"
"National Board of Review","Critics","USA","2012","Best Animated Feature","2012-01-10","Rango","https://nationalboardofreview.org/award-years/2011/"
"National Board of Review","Critics","USA","2013","Best Animated Feature","2013-01-08","Wreck-It Ralph","https://www.theupcoming.co.uk/2013/01/09/zero-dark-thirty-tops-the-national-board-of-review-awards-2013/"
"National Board of Review","Critics","USA","2014","Best Animated Feature","2014-01-07","The Wind Rises","https://nationalboardofreview.org/2013/12/national-board-review-announces-2013-award-winners/"
"National Board of Review","Critics","USA","2015","Best Animated Feature","2015-01-06","How to Train Your Dragon 2","https://nationalboardofreview.org/galas/2014-awards-gala/"
"National Board of Review","Critics","USA","2016","Best Animated Feature","January 5, 2016","Inside Out","https://nationalboardofreview.org/galas/2015-awards-gala/"
"National Board of Review","Critics","USA","2017","Best Animated Feature","January 4, 2017","Kubo and the Two Strings","https://nationalboardofreview.org/2016/11/national-board-review-announces-2016-award-winners/"
"National Board of Review","Critics","USA","2018","Best Animated Feature","January 9, 2018","Coco","https://nationalboardofreview.org/2017/11/national-board-review-announces-2017-award-winners/"
"National Board of Review","Critics","USA","2019","Best Animated Feature","2019-01-08","Incredibles 2","https://nationalboardofreview.org/galas/2018-awards-gala/"
"National Board of Review","Critics","USA","2020","Best Animated Feature","2020-01-08","How to Train Your Dragon: The Hidden World","https://nationalboardofreview.org/2019/03/the-national-board-of-review-sets-annual-awards-gala-for-wednesday-january-8-2020/"
"National Board of Review","Critics","USA","2021","Best Animated Feature","January 26, 2021","Soul","https://en.wikipedia.org/wiki/National_Board_of_Review_Awards_2020"
"National Board of Review","Critics","USA","2022","Best Animated Feature","2022-12-08","Marcel the Shell with Shoes On","https://nationalboardofreview.org/award-years/2022/"
"National Board of Review","Critics","USA","2023","Best Animated Feature","2023-01-08","Marcel the Shell with Shoes On","https://nationalboardofreview.org/award-years/2022/"
"National Board of Review","Critics","USA","2024","Best Animated Feature","2025-01-07","Flow","https://nationalboardofreview.org/2024/12/national-board-of-review-names-2024-honorees/"
"National Board of Review","Critics","USA","2025","Best Animated Feature","2025-01-07","Flow","https://nationalboardofreview.org/award-years/2024/"
"National Board of Review","Critics","USA","2026","Best Animated Feature","2026-01-13","Arco","https://nationalboardofreview.org/2025/12/national-board-of-review-names-2025-honorees/"
"National Board of Review","Critics","USA","2000","Best International Film","January 18, 2000","All About My Mother","https://en.wikipedia.org/wiki/National_Board_of_Review_Awards_1999"
"National Board of Review","Critics","USA","2001","Best International Film","January 16, 2001","Crouching Tiger, Hidden Dragon","https://en.wikipedia.org/wiki/National_Board_of_Review_Awards_2000"
"National Board of Review","Critics","USA","2002","Best International Film","2003-01-14","Talk to Her (Hable con ella)","https://nationalboardofreview.org/award-years/2002/"
"National Board of Review","Critics","USA","2003","Best International Film","2003-01-14","Talk to Her (Hable con ella)","https://en.wikipedia.org/wiki/National_Board_of_Review_Awards_2002"
"National Board of Review","Critics","USA","2004","Best International Film","2004-01-13","The Barbarian Invasions","https://en.wikipedia.org/wiki/National_Board_of_Review_Awards_2003"
"National Board of Review","Critics","USA","2005","Best International Film","2006-01-10","Paradise Now","https://en.wikipedia.org/wiki/National_Board_of_Review_Awards_2005"
"National Board of Review","Critics","USA","2006","Best International Film","January 9, 2007","Volver","https://nationalboardofreview.org/award-years/2006/"
"National Board of Review","Critics","USA","2007","Best International Film","2008-01-15","The Diving Bell and the Butterfly","https://en.wikipedia.org/wiki/National_Board_of_Review_Awards_2007"
"National Board of Review","Critics","USA","2008","Best International Film","2008-01-15","The Diving Bell and the Butterfly (France)","https://en.wikipedia.org/wiki/National_Board_of_Review_Awards_2007"
"National Board of Review","Critics","USA","2009","Best International Film","2009-01-14","Mongol","https://nationalboardofreview.org/award-years/2008/"
"National Board of Review","Critics","USA","2010","Best International Film","2010-01-12","A Prophet (Un prophète)","https://nationalboardofreview.org/award-years/2009/"
"National Board of Review","Critics","USA","2011","Best International Film","2012-01-10","A Separation","https://nationalboardofreview.org/award-years/2011/"
"National Board of Review","Critics","USA","2012","Best International Film","2013-01-08","Amour","https://nationalboardofreview.org/award-years/2012/"
"National Board of Review","Critics","USA","2013","Best International Film","2013-01-08","Amour","https://nationalboardofreview.org/award-years/2012/"
"National Board of Review","Critics","USA","2014","Best International Film","2015-01-06","Wild Tales","https://nationalboardofreview.org/2014/12/national-board-review-announces-2014-award-winners/"
"National Board of Review","Critics","USA","2015","Best International Film","2016-01-05","Son of Saul","https://nationalboardofreview.org/2015/12/national-board-of-review-announces-2015-award-winners/"
"National Board of Review","Critics","USA","2016","Best International Film","2017-01-04","The Salesman","https://nationalboardofreview.org/award-years/2016/"
"National Board of Review","Critics","USA","2017","Best International Film","2017-01-04","The Salesman","https://nationalboardofreview.org/award-years/2016/"
"National Board of Review","Critics","USA","2018","Best International Film","2018-11-27","Cold War","https://nationalboardofreview.org/award-years/2018/"
"National Board of Review","Critics","USA","2019","Best International Film","2019-01-08","Cold War","https://nationalboardofreview.org/award-years/2018/"
"National Board of Review","Critics","USA","2020","Best International Film","2020-01-08","Parasite","https://nationalboardofreview.org/award-years/2019/"
"National Board of Review","Critics","USA","2021","Best International Film","2021-12-02","A Hero","https://nationalboardofreview.org/award-years/2021/"
"National Board of Review","Critics","USA","2022","Best International Film","2023-01-08","Close","https://nationalboardofreview.org/2022/12/national-board-of-review-announces-2022-award-winners/"
"National Board of Review","Critics","USA","2023","Best International Film","2023-12-06","Anatomy of a Fall","https://nationalboardofreview.org/award-years/2023/"
"National Board of Review","Critics","USA","2024","Best International Film","2024-12-04","The Seed of the Sacred Fig","https://nationalboardofreview.org/2024/12/national-board-of-review-names-2024-honorees/"
"National Board of Review","Critics","USA","2025","Best International Film","December 3, 2025","It Was Just an Accident","https://nationalboardofreview.org/award-years/2025/"
"National Board of Review","Critics","USA","2026","Best International Film","2026-01-13","It Was Just an Accident","https://nationalboardofreview.org/2025/12/national-board-of-review-names-2025-honorees/"
"National Board of Review","Critics","USA","2000","Best Foreign Language Film","2001-01-16","Crouching Tiger, Hidden Dragon","https://en.wikipedia.org/wiki/National_Board_of_Review_Awards_2000"
"National Board of Review","Critics","USA","2001","Best Foreign Language Film","2001-01-16","Crouching Tiger, Hidden Dragon (Wo hu cang long)","https://nationalboardofreview.org/award-years/2000/"
"National Board of Review","Critics","USA","2002","Best Foreign Language Film","2003-01-14","Talk to Her","https://nationalboardofreview.org/award-years/2002/"
"National Board of Review","Critics","USA","2003","Best Foreign Language Film","2004-01-13","The Barbarian Invasions","https://nationalboardofreview.org/award-years/2003/"
"National Board of Review","Critics","USA","2004","Best Foreign Language Film","2005-01-11","The Sea Inside","https://nationalboardofreview.org/award-years/2004/"
"National Board of Review","Critics","USA","2005","Best Foreign Language Film","2005-01-11","The Sea Inside","https://nationalboardofreview.org/award-years/2004/"
"National Board of Review","Critics","USA","2006","Best Foreign Language Film","2006-01-10","Paradise Now","https://nationalboardofreview.org/award-years/2005/"
"National Board of Review","Critics","USA","2007","Best Foreign Language Film","January 15, 2008","The Diving Bell and the Butterfly","https://nationalboardofreview.org/award-years/2007/"
"National Board of Review","Critics","USA","2008","Best Foreign Language Film","2008-01-15","The Diving Bell and the Butterfly","https://nationalboardofreview.org/award-years/2007/"
"National Board of Review","Critics","USA","2009","Best Foreign Language Film","2009-01-14","Mongol","https://nationalboardofreview.org/award-years/2008/"
"National Board of Review","Critics","USA","2010","Best Foreign Language Film","2011-01-11","Of Gods and Men","https://nationalboardofreview.org/award-years/2010/"
"National Board of Review","Critics","USA","2011","Best Foreign Language Film","2011-01-11","Of Gods and Men","https://nationalboardofreview.org/award-years/2010/"
"National Board of Review","Critics","USA","2012","Best Foreign Language Film","2012-12-05","Amour","https://nationalboardofreview.org/award-years/2012/"
"National Board of Review","Critics","USA","2013","Best Foreign Language Film","2013-12-04","The Past","https://nationalboardofreview.org/2013/12/national-board-review-announces-2013-award-winners/"
"National Board of Review","Critics","USA","2014","Best Foreign Language Film","2014-01-07","The Past","https://nationalboardofreview.org/2013/12/national-board-review-announces-2013-award-winners/"
"National Board of Review","Critics","USA","2015","Best Foreign Language Film","2016-01-05","Son of Saul","https://nationalboardofreview.org/2015/12/national-board-of-review-announces-2015-award-winners/"
"National Board of Review","Critics","USA","2016","Best Foreign Language Film","2017-01-04","The Salesman","https://nationalboardofreview.org/award-years/2016/"
"National Board of Review","Critics","USA","2017","Best Foreign Language Film","2017-11-28","Foxtrot","https://nationalboardofreview.org/award-years/2017/"
"National Board of Review","Critics","USA","2018","Best Foreign Language Film","2018-01-09","Foxtrot","https://nationalboardofreview.org/award-years/2017/"
"National Board of Review","Critics","USA","2019","Best Foreign Language Film","2020-01-08","Parasite","https://nationalboardofreview.org/2019/12/national-board-of-review-announces-2019-award-winners/"
"National Board of Review","Critics","USA","2020","Best Foreign Language Film","2020-01-08","Parasite","https://nationalboardofreview.org/2019/12/national-board-of-review-announces-2019-award-winners/"
"National Board of Review","Critics","USA","2021","Best Foreign Language Film","2022-03-15","A Hero","https://nationalboardofreview.org/2021/12/national-board-of-review-announces-2021-award-winners/"
"National Board of Review","Critics","USA","2022","Best Foreign Language Film","2022-03-15","A Hero","https://en.wikipedia.org/wiki/National_Board_of_Review_Awards_2021"
"National Board of Review","Critics","USA","2023","Best Foreign Language Film","2023-01-08","Close","https://nationalboardofreview.org/2022/12/national-board-of-review-announces-2022-award-winners/"
"National Board of Review","Critics","USA","2024","Best Foreign Language Film","2024-01-11","Anatomy of a Fall","https://en.wikipedia.org/wiki/National_Board_of_Review_Awards_2023"
"National Board of Review","Critics","USA","2025","Best Foreign Language Film","2025-01-07","The Seed of the Sacred Fig","https://en.wikipedia.org/wiki/National_Board_of_Review_Awards_2024"
"National Board of Review","Critics","USA","2026","Best Foreign Language Film","2026-01-13","It Was Just an Accident","https://nationalboardofreview.org/award-years/2025/"
"National Board of Review","Critics","USA","2000","Best Documentary","2001-01-16","The Life and Times of Hank Greenberg","https://en.wikipedia.org/wiki/National_Board_of_Review_Awards_2000"
"National Board of Review","Critics","USA","2001","Best Documentary","2001-01-16","The Life and Times of Hank Greenberg","https://en.wikipedia.org/wiki/National_Board_of_Review_Awards_2000"
"National Board of Review","Critics","USA","2002","Best Documentary","January 7, 2002","The Endurance: Shackleton's Legendary Antarctic Expedition","https://nationalboardofreview.org/award-years/2001/"
"National Board of Review","Critics","USA","2003","Best Documentary","2004-01-13","The Fog of War","https://nationalboardofreview.org/award-years/2003/"
"National Board of Review","Critics","USA","2004","Best Documentary","2004-01-13","The Fog of War","https://www.imdb.com/event/ev0000464/2003/1/"
"National Board of Review","Critics","USA","2005","Best Documentary","2006-01-10","March of the Penguins","https://en.wikipedia.org/wiki/National_Board_of_Review_Awards_2005"
"National Board of Review","Critics","USA","2006","Best Documentary","2006-01-10","March of the Penguins","https://en.wikipedia.org/wiki/National_Board_of_Review_Awards_2005"
"National Board of Review","Critics","USA","2007","Best Documentary","2008-01-15","Body of War","https://nationalboardofreview.org/award-years/2007/"
"National Board of Review","Critics","USA","2008","Best Documentary","2009-01-14","Man on Wire","https://nationalboardofreview.org/award-years/2008/"
"National Board of Review","Critics","USA","2009","Best Documentary","2009-01-14","Man on Wire","https://en.wikipedia.org/wiki/National_Board_of_Review_Awards_2008"
"National Board of Review","Critics","USA","2010","Best Documentary","2011-01-11","Waiting for ""Superman""","https://nationalboardofreview.org/award-years/2010/"
"National Board of Review","Critics","USA","2011","Best Documentary","2012-01-10","Paradise Lost 3: Purgatory","https://nationalboardofreview.org/award-years/2011/"
"National Board of Review","Critics","USA","2012","Best Documentary","2013-01-08","Searching for Sugar Man","https://nationalboardofreview.org/award-years/2012/"
"National Board of Review","Critics","USA","2013","Best Documentary","2014-01-07","Stories We Tell","https://nationalboardofreview.org/2013/12/national-board-review-announces-2013-award-winners/"
"National Board of Review","Critics","USA","2014","Best Documentary","2014-01-07","Stories We Tell","https://nationalboardofreview.org/2013/12/national-board-review-announces-2013-award-winners/"
"National Board of Review","Critics","USA","2015","Best Documentary","2016-01-05","Amy","https://nationalboardofreview.org/award-years/2015/"
"National Board of Review","Critics","USA","2016","Best Documentary","2016-01-05","Amy","https://nationalboardofreview.org/galas/2015-awards-gala/"
"National Board of Review","Critics","USA","2017","Best Documentary","2017-11-28","Jane","https://nationalboardofreview.org/2017/11/national-board-review-announces-2017-award-winners/"
"National Board of Review","Critics","USA","2018","Best Documentary","January 9, 2018","Jane","https://nationalboardofreview.org/2018/11/national-board-review-announces-2018-award-winners/"
"National Board of Review","Critics","USA","2019","Best Documentary","2019-01-08","RBG","https://www.vogue.com/article/2019-national-board-of-review-awards"
"National Board of Review","Critics","USA","2020","Best Documentary","2020-01-08","Maiden","https://nationalboardofreview.org/2019/12/national-board-of-review-announces-2019-award-winners/"
"National Board of Review","Critics","USA","2021","Best Documentary","2021-12-02","Summer of Soul (...Or When the Revolution Could Not Be Televised)","https://nationalboardofreview.org/2021/12/national-board-of-review-announces-2021-award-winners/"
"National Board of Review","Critics","USA","2022","Best Documentary","2023-01-08","Sr.","https://nationalboardofreview.org/2022/12/national-board-of-review-announces-2022-award-winners/"
"National Board of Review","Critics","USA","2023","Best Documentary","2023-01-08","""Sr.""","https://nationalboardofreview.org/award-years/2022/"
"National Board of Review","Critics","USA","2024","Best Documentary","2024-01-11","Still: A Michael J. Fox Movie","https://nationalboardofreview.org/2023/12/national-board-of-review-names-2023-honorees/"
"National Board of Review","Critics","USA","2025","Best Documentary","2025-01-07","Sugarcane","https://nationalboardofreview.org/award-names/best-documentary/"
"National Board of Review","Critics","USA","2026","Best Documentary","2026-01-13","Cover-Up","https://nationalboardofreview.org/2025/12/national-board-of-review-names-2025-honorees/"
"National Board of Review","Critics","USA","2000","Best Animated Short Film","","",""
"National Board of Review","Critics","USA","2001","Best Animated Short Film","","",""
"National Board of Review","Critics","USA","2002","Best Animated Short Film","","",""
"National Board of Review","Critics","USA","2003","Best Animated Short Film","2003-12-04","","https://nationalboardofreview.org/award-years/2003/"
"National Board of Review","Critics","USA","2004","Best Animated Short Film","","",""
"National Board of Review","Critics","USA","2005","Best Animated Short Film","","",""
"National Board of Review","Critics","USA","2006","Best Animated Short Film","","",""
"National Board of Review","Critics","USA","2007","Best Animated Short Film","","",""
"National Board of Review","Critics","USA","2008","Best Animated Short Film","","",""
"National Board of Review","Critics","USA","2009","Best Animated Short Film","2010-01-12","","https://nationalboardofreview.org/award-years/2009/"
"National Board of Review","Critics","USA","2010","Best Animated Short Film","","",""
"National Board of Review","Critics","USA","2011","Best Animated Short Film","","",""
"National Board of Review","Critics","USA","2012","Best Animated Short Film","","","https://en.wikipedia.org/wiki/National_Board_of_Review_Awards_2012"
"National Board of Review","Critics","USA","2013","Best Animated Short Film","2014-01-07","","https://nationalboardofreview.org/award-years/2013/"
"National Board of Review","Critics","USA","2014","Best Animated Short Film","","",""
"National Board of Review","Critics","USA","2015","Best Animated Short Film","","",""
"National Board of Review","Critics","USA","2016","Best Animated Short Film","2016-11-29","","https://nationalboardofreview.org/award-years/2016/"
"National Board of Review","Critics","USA","2017","Best Animated Short Film","","",""
"National Board of Review","Critics","USA","2018","Best Animated Short Film","","",""
"National Board of Review","Critics","USA","2019","Best Animated Short Film","","",""
"National Board of Review","Critics","USA","2020","Best Animated Short Film","","",""
"National Board of Review","Critics","USA","2021","Best Animated Short Film","","",""
"National Board of Review","Critics","USA","2022","Best Animated Short Film","","",""
"National Board of Review","Critics","USA","2023","Best Animated Short Film","","",""
"National Board of Review","Critics","USA","2024","Best Animated Short Film","","",""
"National Board of Review","Critics","USA","2025","Best Animated Short Film","","",""
"National Board of Review","Critics","USA","2026","Best Animated Short Film","","","https://nationalboardofreview.org/2025/12/national-board-of-review-names-2025-honorees/"
"National Board of Review","Critics","USA","2000","Best Live Action Short Film","2000-12-06","","https://nationalboardofreview.org/award-years/2000/"
"National Board of Review","Critics","USA","2001","Best Live Action Short Film","2002-01-07","","https://nationalboardofreview.org/award-years/2001/"
"National Board of Review","Critics","USA","2002","Best Live Action Short Film","2003-01-14","","https://nationalboardofreview.org/award-years/2002/"
"National Board of Review","Critics","USA","2003","Best Live Action Short Film","","",""
"National Board of Review","Critics","USA","2004","Best Live Action Short Film","","",""
"National Board of Review","Critics","USA","2005","Best Live Action Short Film","2006-01-10","","https://en.wikipedia.org/wiki/National_Board_of_Review_Awards_2005"
"National Board of Review","Critics","USA","2006","Best Live Action Short Film","","",""
"National Board of Review","Critics","USA","2007","Best Live Action Short Film","","",""
"National Board of Review","Critics","USA","2008","Best Live Action Short Film","","",""
"National Board of Review","Critics","USA","2009","Best Live Action Short Film","","",""
"National Board of Review","Critics","USA","2010","Best Live Action Short Film","","",""
"National Board of Review","Critics","USA","2011","Best Live Action Short Film","2011-01-11","","https://nationalboardofreview.org/award-years/2011/"
"National Board of Review","Critics","USA","2012","Best Live Action Short Film","","",""
"National Board of Review","Critics","USA","2013","Best Live Action Short Film","","",""
"National Board of Review","Critics","USA","2014","Best Live Action Short Film","2015-01-06","","https://nationalboardofreview.org/award-years/2014/"
"National Board of Review","Critics","USA","2015","Best Live Action Short Film","2016-01-05","","https://nationalboardofreview.org/2015/12/national-board-of-review-announces-2015-award-winners/"
"National Board of Review","Critics","USA","2016","Best Live Action Short Film","","",""
"National Board of Review","Critics","USA","2017","Best Live Action Short Film","","",""
"National Board of Review","Critics","USA","2018","Best Live Action Short Film","2018-11-27","","https://nationalboardofreview.org/award-years/2018/"
"National Board of Review","Critics","USA","2019","Best Live Action Short Film","","",""
"National Board of Review","Critics","USA","2020","Best Live Action Short Film","","",""
"National Board of Review","Critics","USA","2021","Best Live Action Short Film","","",""
"National Board of Review","Critics","USA","2022","Best Live Action Short Film","","",""
"National Board of Review","Critics","USA","2023","Best Live Action Short Film","","",""
"National Board of Review","Critics","USA","2024","Best Live Action Short Film","","",""
"National Board of Review","Critics","USA","2025","Best Live Action Short Film","","",""
"National Board of Review","Critics","USA","2026","Best Live Action Short Film","","",""
"National Board of Review","Critics","USA","2000","Best Visual Effects","","",""
"National Board of Review","Critics","USA","2001","Best Visual Effects","","",""
"National Board of Review","Critics","USA","2002","Best Visual Effects","2003-01-14","","https://nationalboardofreview.org/award-years/2002/"
"National Board of Review","Critics","USA","2003","Best Visual Effects","","",""
"National Board of Review","Critics","USA","2004","Best Visual Effects","","",""
"National Board of Review","Critics","USA","2005","Best Visual Effects","2006-01-10","King Kong (Special Achievement Award for Special Effects)","https://en.wikipedia.org/wiki/National_Board_of_Review_Awards_2005"
"National Board of Review","Critics","USA","2006","Best Visual Effects","","",""
"National Board of Review","Critics","USA","2007","Best Visual Effects","","",""
"National Board of Review","Critics","USA","2008","Best Visual Effects","2009-01-14","","https://nationalboardofreview.org/galas/2008-awards-gala/"
"National Board of Review","Critics","USA","2009","Best Visual Effects","","","https://nationalboardofreview.org/award-years/2009/"
"National Board of Review","Critics","USA","2010","Best Visual Effects","2011-01-11","","https://nationalboardofreview.org/award-years/2010/"
"National Board of Review","Critics","USA","2011","Best Visual Effects","2011-01-11","","https://nationalboardofreview.org/award-years/2011/"
"National Board of Review","Critics","USA","2012","Best Visual Effects","","",""
"National Board of Review","Critics","USA","2013","Best Visual Effects","","",""
"National Board of Review","Critics","USA","2014","Best Visual Effects","","",""
"National Board of Review","Critics","USA","2015","Best Visual Effects","","",""
"National Board of Review","Critics","USA","2016","Best Visual Effects","","",""
"National Board of Review","Critics","USA","2017","Best Visual Effects","","",""
"National Board of Review","Critics","USA","2018","Best Visual Effects","","",""
"National Board of Review","Critics","USA","2019","Best Visual Effects","","",""
"National Board of Review","Critics","USA","2020","Best Visual Effects","","",""
"National Board of Review","Critics","USA","2021","Best Visual Effects","","","https://nationalboardofreview.org/2021/12/national-board-of-review-announces-2021-award-winners/"
"National Board of Review","Critics","USA","2022","Best Visual Effects","","",""
"National Board of Review","Critics","USA","2023","Best Visual Effects","","",""
"National Board of Review","Critics","USA","2024","Best Visual Effects","2024-01-11","","https://en.wikipedia.org/wiki/National_Board_of_Review_Awards_2023"
"National Board of Review","Critics","USA","2025","Best Visual Effects","2025-12-03","","https://www.indiewire.com/awards/results/2025-national-board-of-review-winners-1235164606/"
"National Board of Review","Critics","USA","2026","Best Visual Effects","2026-01-13","Avatar: Fire and Ash","https://www.goldderby.com/film/2026/national-board-of-review-awards-gala-2026-best-moments/"
"National Board of Review","Critics","USA","2000","Outstanding Achievement in Special Effects","","",""
"National Board of Review","Critics","USA","2001","Outstanding Achievement in Special Effects","","",""
"National Board of Review","Critics","USA","2002","Outstanding Achievement in Special Effects","2003-01-14","",""
"National Board of Review","Critics","USA","2003","Outstanding Achievement in Special Effects","","",""
"National Board of Review","Critics","USA","2004","Outstanding Achievement in Special Effects","2005-01-11","","https://nationalboardofreview.org/award-years/2004/"
"National Board of Review","Critics","USA","2005","Outstanding Achievement in Special Effects","2006-01-10","King Kong","https://nationalboardofreview.org/award-years/2005/"
"National Board of Review","Critics","USA","2006","Outstanding Achievement in Special Effects","2007-01-09","","https://en.wikipedia.org/wiki/National_Board_of_Review_Awards_2006"
"National Board of Review","Critics","USA","2007","Outstanding Achievement in Special Effects","2008-01-15","","https://nationalboardofreview.org/award-years/2007/"
"National Board of Review","Critics","USA","2008","Outstanding Achievement in Special Effects","","",""
"National Board of Review","Critics","USA","2009","Outstanding Achievement in Special Effects","","",""
"National Board of Review","Critics","USA","2010","Outstanding Achievement in Special Effects","","",""
"National Board of Review","Critics","USA","2011","Outstanding Achievement in Special Effects","","",""
"National Board of Review","Critics","USA","2012","Outstanding Achievement in Special Effects","","",""
"National Board of Review","Critics","USA","2013","Outstanding Achievement in Special Effects","","",""
"National Board of Review","Critics","USA","2014","Outstanding Achievement in Special Effects","January 7, 2014","None","https://nationalboardofreview.org/award-years/2014/"
"National Board of Review","Critics","USA","2015","Outstanding Achievement in Special Effects","","",""
"National Board of Review","Critics","USA","2016","Outstanding Achievement in Special Effects","","",""
"National Board of Review","Critics","USA","2017","Outstanding Achievement in Special Effects","","",""
"National Board of Review","Critics","USA","2018","Outstanding Achievement in Special Effects","","",""
"National Board of Review","Critics","USA","2019","Outstanding Achievement in Special Effects","","",""
"National Board of Review","Critics","USA","2020","Outstanding Achievement in Special Effects","","",""
"National Board of Review","Critics","USA","2021","Outstanding Achievement in Special Effects","","",""
"National Board of Review","Critics","USA","2022","Outstanding Achievement in Special Effects","","",""
"National Board of Review","Critics","USA","2023","Outstanding Achievement in Special Effects","","",""
"National Board of Review","Critics","USA","2024","Outstanding Achievement in Special Effects","","",""
"National Board of Review","Critics","USA","2025","Outstanding Achievement in Special Effects","2025-01-07","","https://nationalboardofreview.org/2024/04/the-national-board-of-review-to-host-awards-gala-tuesday-january-7-2025-in-new-york-city/"
"National Board of Review","Critics","USA","2026","Outstanding Achievement in Special Effects","","","https://nationalboardofreview.org/2025/12/national-board-of-review-names-2025-honorees/"
"National Board of Review","Critics","USA","2000","Best Documentary Short Film","2001-01-16","","https://nationalboardofreview.org/award-years/2000/"
"National Board of Review","Critics","USA","2001","Best Documentary Short Film","","",""
"National Board of Review","Critics","USA","2002","Best Documentary Short Film","","",""
"National Board of Review","Critics","USA","2003","Best Documentary Short Film","2004-01-13","","https://nationalboardofreview.org/award-years/2003/"
"National Board of Review","Critics","USA","2004","Best Documentary Short Film","","",""
"National Board of Review","Critics","USA","2005","Best Documentary Short Film","2006-01-10","","https://nationalboardofreview.org/award-years/2005/"
"National Board of Review","Critics","USA","2006","Best Documentary Short Film","2007-01-09","","https://nationalboardofreview.org/award-years/2006/"
"National Board of Review","Critics","USA","2007","Best Documentary Short Film","","",""
"National Board of Review","Critics","USA","2008","Best Documentary Short Film","2009-01-14","","https://nationalboardofreview.org/award-years/2008/"
"National Board of Review","Critics","USA","2009","Best Documentary Short Film","","",""
"National Board of Review","Critics","USA","2010","Best Documentary Short Film","2010-01-12","","https://nationalboardofreview.org/award-years/2010/"
"National Board of Review","Critics","USA","2011","Best Documentary Short Film","2012-01-10","","https://nationalboardofreview.org/award-years/2011/"
"National Board of Review","Critics","USA","2012","Best Documentary Short Film","","",""
"National Board of Review","Critics","USA","2013","Best Documentary Short Film","2013-12-04","","https://en.wikipedia.org/wiki/National_Board_of_Review_Awards_2013"
"National Board of Review","Critics","USA","2014","Best Documentary Short Film","","",""
"National Board of Review","Critics","USA","2015","Best Documentary Short Film","","",""
"National Board of Review","Critics","USA","2016","Best Documentary Short Film","","",""
"National Board of Review","Critics","USA","2017","Best Documentary Short Film","","",""
"National Board of Review","Critics","USA","2018","Best Documentary Short Film","","",""
"National Board of Review","Critics","USA","2019","Best Documentary Short Film","","",""
"National Board of Review","Critics","USA","2020","Best Documentary Short Film","","",""
"National Board of Review","Critics","USA","2021","Best Documentary Short Film","2021-12-02","","https://nationalboardofreview.org/award-years/2021/"
"National Board of Review","Critics","USA","2022","Best Documentary Short Film","","",""
"National Board of Review","Critics","USA","2023","Best Documentary Short Film","","",""
"National Board of Review","Critics","USA","2024","Best Documentary Short Film","","",""
"National Board of Review","Critics","USA","2025","Best Documentary Short Film","2025-12-03","","https://nationalboardofreview.org/2025/12/national-board-of-review-names-2025-honorees/"
"National Board of Review","Critics","USA","2026","Best Documentary Short Film","2026-01-13","","https://nationalboardofreview.org/award-years/2025/"
"National Board of Review","Critics","USA","2000","Best Ensemble Cast","2001-01-16","State and Main","https://en.wikipedia.org/wiki/National_Board_of_Review_Awards_2000"
"National Board of Review","Critics","USA","2001","Best Ensemble Cast","2002-01-07","Last Orders","https://en.wikipedia.org/wiki/National_Board_of_Review_Awards_2001"
"National Board of Review","Critics","USA","2002","Best Ensemble Cast","2002-01-07","Last Orders","https://www.imdb.com/event/ev0000464/2001/1/"
"National Board of Review","Critics","USA","2003","Best Ensemble Cast","January 14, 2003","Nicholas Nickleby","https://en.wikipedia.org/wiki/National_Board_of_Review_Awards_2002"
"National Board of Review","Critics","USA","2004","Best Ensemble Cast","2005-01-11","Closer","https://nationalboardofreview.org/galas/2004-awards-gala/"
"National Board of Review","Critics","USA","2005","Best Ensemble Cast","2006-01-10","Mrs Henderson Presents","https://en.wikipedia.org/wiki/National_Board_of_Review_Awards_2005"
"National Board of Review","Critics","USA","2006","Best Ensemble Cast","2006-01-10","Mrs. Henderson Presents","https://en.wikipedia.org/wiki/National_Board_of_Review_Awards_2005"
"National Board of Review","Critics","USA","2007","Best Ensemble Cast","2008-01-15","No Country for Old Men","https://nationalboardofreview.org/award-years/2007/"
"National Board of Review","Critics","USA","2008","Best Ensemble Cast","2009-01-14","Doubt","https://nationalboardofreview.org/award-years/2008/"
"National Board of Review","Critics","USA","2009","Best Ensemble Cast","2009-01-14","Doubt","https://nationalboardofreview.org/award-years/2008/"
"National Board of Review","Critics","USA","2010","Best Ensemble Cast","2011-01-11","The Town","https://nationalboardofreview.org/award-years/2010/"
"National Board of Review","Critics","USA","2011","Best Ensemble Cast","2011-01-11","The Town","https://nationalboardofreview.org/award-years/2010/"
"National Board of Review","Critics","USA","2012","Best Ensemble Cast","2012-01-10","The Help","https://nationalboardofreview.org/award-years/2011/"
"National Board of Review","Critics","USA","2013","Best Ensemble Cast","2014-01-07","Prisoners","https://nationalboardofreview.org/2013/12/national-board-review-announces-2013-award-winners/"
"National Board of Review","Critics","USA","2014","Best Ensemble Cast","2015-01-06","Fury","https://nationalboardofreview.org/galas/2014-awards-gala/"
"National Board of Review","Critics","USA","2015","Best Ensemble Cast","2015-01-06","Fury","https://nationalboardofreview.org/2014/12/national-board-review-announces-2014-award-winners/"
"National Board of Review","Critics","USA","2016","Best Ensemble Cast","2016-01-05","The Big Short","https://en.wikipedia.org/wiki/National_Board_of_Review_Awards_2015"
"National Board of Review","Critics","USA","2017","Best Ensemble Cast","2017-01-04","Hidden Figures","https://en.wikipedia.org/wiki/National_Board_of_Review_Awards_2016"
"National Board of Review","Critics","USA","2018","Best Ensemble Cast","2018-01-09","Get Out","https://nationalboardofreview.org/2017/11/national-board-review-announces-2017-award-winners/"
"National Board of Review","Critics","USA","2019","Best Ensemble Cast","2020-01-08","Knives Out","https://nationalboardofreview.org/galas/2019-awards-gala/"
"National Board of Review","Critics","USA","2020","Best Ensemble Cast","2020-01-08","Knives Out","https://nationalboardofreview.org/award-years/2019/"
"National Board of Review","Critics","USA","2021","Best Ensemble Cast","December 2, 2021","The Harder They Fall","https://nationalboardofreview.org/2021/12/national-board-of-review-announces-2021-award-winners/"
"National Board of Review","Critics","USA","2022","Best Ensemble Cast","2022-03-15","The Harder They Fall","https://en.wikipedia.org/wiki/National_Board_of_Review_Awards_2021"
"National Board of Review","Critics","USA","2023","Best Ensemble Cast","2023-01-08","Women Talking","https://nationalboardofreview.org/2022/12/national-board-of-review-announces-2022-award-winners/"
"National Board of Review","Critics","USA","2024","Best Ensemble Cast","2024-01-11","The Iron Claw","https://nationalboardofreview.org/award-names/best-ensemble-cast/"
"National Board of Review","Critics","USA","2025","Best Ensemble Cast","January 7, 2025","Conclave","https://en.wikipedia.org/wiki/National_Board_of_Review_Awards_2024"
"National Board of Review","Critics","USA","2026","Best Ensemble Cast","2026-01-13","","https://nationalboardofreview.org/2025/12/national-board-of-review-names-2025-honorees/"
"National Board of Review","Critics","USA","2000","Best Cast (Acting Ensemble)","2001-01-16","State and Main","https://en.wikipedia.org/wiki/National_Board_of_Review_Awards_2000"
"National Board of Review","Critics","USA","2001","Best Cast (Acting Ensemble)","2001-01-16","State and Main","https://en.wikipedia.org/wiki/National_Board_of_Review_Awards_2000"
"National Board of Review","Critics","USA","2002","Best Cast (Acting Ensemble)","2002-01-07","Last Orders","https://en.wikipedia.org/wiki/National_Board_of_Review_Awards_2001"
"National Board of Review","Critics","USA","2003","Best Cast (Acting Ensemble)","2004-01-13","The Lord of the Rings: The Return of the King","https://nationalboardofreview.org/award-years/2003/"
"National Board of Review","Critics","USA","2004","Best Cast (Acting Ensemble)","2005-01-11","Closer","https://nationalboardofreview.org/award-years/2004/"
"National Board of Review","Critics","USA","2005","Best Cast (Acting Ensemble)","2005-01-11","Closer","https://en.wikipedia.org/wiki/National_Board_of_Review_Awards_2004"
"National Board of Review","Critics","USA","2006","Best Cast (Acting Ensemble)","2007-01-09","The Departed","https://nationalboardofreview.org/award-years/2006/"
"National Board of Review","Critics","USA","2007","Best Cast (Acting Ensemble)","2008-01-15","No Country for Old Men","https://nationalboardofreview.org/award-years/2007/"
"National Board of Review","Critics","USA","2008","Best Cast (Acting Ensemble)","2009-01-14","No Country for Old Men","https://en.wikipedia.org/wiki/National_Board_of_Review_Awards_2007"
"National Board of Review","Critics","USA","2009","Best Cast (Acting Ensemble)","2009-01-14","Doubt","https://nationalboardofreview.org/award-years/2008/"
"National Board of Review","Critics","USA","2010","Best Cast (Acting Ensemble)","2010-01-12","It's Complicated","https://nationalboardofreview.org/award-years/2009/"
"National Board of Review","Critics","USA","2011","Best Cast (Acting Ensemble)","January 11, 2011","The Town","https://nationalboardofreview.org/award-years/2010/"
"National Board of Review","Critics","USA","2012","Best Cast (Acting Ensemble)","2012-01-10","The Help","https://en.wikipedia.org/wiki/National_Board_of_Review_Awards_2011"
"National Board of Review","Critics","USA","2013","Best Cast (Acting Ensemble)","2013-01-08","Les Misérables","https://en.wikipedia.org/wiki/National_Board_of_Review_Awards_2012"
"National Board of Review","Critics","USA","2014","Best Cast (Acting Ensemble)","2014-01-07","Prisoners","https://en.wikipedia.org/wiki/National_Board_of_Review_Awards_2013"
"National Board of Review","Critics","USA","2015","Best Cast (Acting Ensemble)","2015-01-06","Fury","https://www.screendaily.com/awards/nbr-sets-2014-15-awards-dates/5071312.article"
"National Board of Review","Critics","USA","2016","Best Cast (Acting Ensemble)","2017-01-04","Hidden Figures","https://nationalboardofreview.org/2016/11/national-board-review-announces-2016-award-winners/"
"National Board of Review","Critics","USA","2017","Best Cast (Acting Ensemble)","2018-01-09","Get Out","https://nationalboardofreview.org/2017/11/national-board-review-announces-2017-award-winners/"
"National Board of Review","Critics","USA","2018","Best Cast (Acting Ensemble)","2018-11-27","Crazy Rich Asians","https://nationalboardofreview.org/award-years/2018/"
"National Board of Review","Critics","USA","2019","Best Cast (Acting Ensemble)","2020-01-08","Knives Out","https://nationalboardofreview.org/2019/12/national-board-of-review-announces-2019-award-winners/"
"National Board of Review","Critics","USA","2020","Best Cast (Acting Ensemble)","2020-01-08","Knives Out","https://nationalboardofreview.org/award-years/2019/"
"National Board of Review","Critics","USA","2021","Best Cast (Acting Ensemble)","December 2, 2021","The Harder They Fall","https://nationalboardofreview.org/2021/12/national-board-of-review-announces-2021-award-winners/"
"National Board of Review","Critics","USA","2022","Best Cast (Acting Ensemble)","2022-12-08","Women Talking","https://nationalboardofreview.org/2022/12/national-board-of-review-announces-2022-award-winners/"
"National Board of Review","Critics","USA","2023","Best Cast (Acting Ensemble)","2023-01-08","Women Talking","https://nationalboardofreview.org/2022/12/national-board-of-review-announces-2022-award-winners/"
"National Board of Review","Critics","USA","2024","Best Cast (Acting Ensemble)","2024-01-11","The Iron Claw","https://nationalboardofreview.org/award-years/2023/"
"National Board of Review","Critics","USA","2025","Best Cast (Acting Ensemble)","2025-01-07","Conclave","https://nationalboardofreview.org/award-years/2024/"
"National Board of Review","Critics","USA","2026","Best Cast (Acting Ensemble)","2026-01-13","No winner recorded","https://nationalboardofreview.org/2025/12/national-board-of-review-names-2025-honorees/"
"National Society of Film Critics","Critics","USA","2000","Best Picture","2001-01-06","Yi Yi","https://en.wikipedia.org/wiki/2000_National_Society_of_Film_Critics_Awards"
"National Society of Film Critics","Critics","USA","2001","Best Picture","2002-01-04","Mulholland Drive","https://nationalsocietyoffilmcritics.com/about-2/"
"National Society of Film Critics","Critics","USA","2002","Best Picture","2003-01-04","The Pianist","https://ew.com/article/2003/01/06/national-society-film-critics-fetes-pianist/"
"National Society of Film Critics","Critics","USA","2003","Best Picture","2003-01-04","The Pianist","https://ew.com/article/2003/01/06/national-society-film-critics-fetes-pianist/"
"National Society of Film Critics","Critics","USA","2004","Best Picture","2005-01-09","Million Dollar Baby","https://en.wikipedia.org/wiki/2004_National_Society_of_Film_Critics_Awards"
"National Society of Film Critics","Critics","USA","2005","Best Picture","2005-01-09","Million Dollar Baby","https://www.imdb.com/event/ev0000471/2005/1/"
"National Society of Film Critics","Critics","USA","2006","Best Picture","2007-01-06","Pan's Labyrinth","https://www.indiewire.com/awards/industry/the-critics-have-spoken-again-national-society-chooses-pans-labyrinth-as-best-film-of-2006-75445/"
"National Society of Film Critics","Critics","USA","2007","Best Picture","2008-01-05","There Will Be Blood","https://en.wikipedia.org/wiki/2007_National_Society_of_Film_Critics_Awards"
"National Society of Film Critics","Critics","USA","2008","Best Picture","2008-01-05","There Will Be Blood","https://en.wikipedia.org/wiki/2007_National_Society_of_Film_Critics_Awards"
"National Society of Film Critics","Critics","USA","2009","Best Picture","January 3, 2010","The Hurt Locker","https://nationalsocietyoffilmcritics.com/2010/01/03/hurt-locker-leads-2009-awards/"
"National Society of Film Critics","Critics","USA","2010","Best Picture","2011-01-08","The Social Network","https://nationalsocietyoffilmcritics.com/2011/01/08/social-network-dominates-2010-nsfc-awards/"
"National Society of Film Critics","Critics","USA","2011","Best Picture","2012-01-07","Melancholia","https://nationalsocietyoffilmcritics.com/2012/01/07/2011-awards-melancholia-pitt-dunst-brooks-chastain/"
"National Society of Film Critics","Critics","USA","2012","Best Picture","January 7, 2012","Melancholia","https://en.wikipedia.org/wiki/2011_National_Society_of_Film_Critics_Awards"
"National Society of Film Critics","Critics","USA","2013","Best Picture","2013-01-05","Amour","https://en.wikipedia.org/wiki/2012_National_Society_of_Film_Critics_Awards"
"National Society of Film Critics","Critics","USA","2014","Best Picture","2015-01-03","Goodbye to Language","https://en.wikipedia.org/wiki/2014_National_Society_of_Film_Critics_Awards"
"National Society of Film Critics","Critics","USA","2015","Best Picture","2015-01-03","Goodbye to Language","https://en.wikipedia.org/wiki/2014_National_Society_of_Film_Critics_Awards"
"National Society of Film Critics","Critics","USA","2016","Best Picture","2016-01-03","Spotlight","https://awardswatch.com/national-society-of-film-critics-nsfc-winners-spotlight-shines-kristen-stewart-charlotte-rampling-win/"
"National Society of Film Critics","Critics","USA","2017","Best Picture","2017-01-07","Moonlight","https://www.hollywoodreporter.com/news/general-news/national-society-film-critics-winners-2017-list-full-961677/"
"National Society of Film Critics","Critics","USA","2018","Best Picture","2018-01-06","Lady Bird","https://nationalsocietyoffilmcritics.com/2018/01/06/lady-bird-leads-2017-awards/"
"National Society of Film Critics","Critics","USA","2019","Best Picture","2019-01-05","The Rider","https://nationalsocietyoffilmcritics.com/2019/01/06/the-rider-is-voted-best-picture-of-2018/"
"National Society of Film Critics","Critics","USA","2020","Best Picture","2020-01-04","Parasite","https://variety.com/2020/film/news/national-society-of-film-critics-2020-winners-1203456641/"
"National Society of Film Critics","Critics","USA","2021","Best Picture","2022-01-08","Drive My Car","https://nationalsocietyoffilmcritics.com/2022/01/09/awards-for-year-2021/"
"National Society of Film Critics","Critics","USA","2022","Best Picture","2022-01-08","Drive My Car","https://nationalsocietyoffilmcritics.com/2022/01/09/drive-my-car-is-best-picture-of-2021/"
"National Society of Film Critics","Critics","USA","2023","Best Picture","2023-01-07","Tár","https://nationalsocietyoffilmcritics.com/2023/01/08/tar-voted-best-picture-of-2022/"
"National Society of Film Critics","Critics","USA","2024","Best Picture","2024-01-06","Past Lives","https://nationalsocietyoffilmcritics.com/2024/01/06/past-lives-voted-best-picture-of-2023/"
"National Society of Film Critics","Critics","USA","2025","Best Picture","2025-01-04","Nickel Boys","https://www.hollywoodreporter.com/movies/movie-news/2025-national-society-of-film-critics-winners-list-1236099219/"
"National Society of Film Critics","Critics","USA","2026","Best Picture","2026-01-03","One Battle After Another","https://www.hollywoodreporter.com/lists/2026-national-society-of-film-critics-winners-list/"
"National Society of Film Critics","Critics","USA","2000","Best Director","2000-01-08","Mike Leigh","https://en.wikipedia.org/wiki/1999_National_Society_of_Film_Critics_Awards"
"National Society of Film Critics","Critics","USA","2001","Best Director","2001-01-06","Steven Soderbergh","https://www.imdb.com/event/ev0000471/2001/1/"
"National Society of Film Critics","Critics","USA","2002","Best Director","2002-01-05","Robert Altman","https://www.salon.com/2002/01/07/nsfc_awards/"
"National Society of Film Critics","Critics","USA","2003","Best Director","2003-01-04","Roman Polanski","https://ew.com/article/2003/01/06/national-society-film-critics-fetes-pianist/"
"National Society of Film Critics","Critics","USA","2004","Best Director","2005-01-09","Zhang Yimou","https://en.wikipedia.org/wiki/2004_National_Society_of_Film_Critics_Awards"
"National Society of Film Critics","Critics","USA","2005","Best Director","2005-01-09","Zhang Yimou","https://en.wikipedia.org/wiki/2004_National_Society_of_Film_Critics_Awards"
"National Society of Film Critics","Critics","USA","2006","Best Director","2007-01-06","Paul Greengrass (United 93)","https://nationalsocietyoffilmcritics.com/about-2/"
"National Society of Film Critics","Critics","USA","2007","Best Director","2007-01-06","Paul Greengrass","https://variety.com/2007/film/awards/labyrinth-wins-national-society-of-film-critics-award-1117956853/"
"National Society of Film Critics","Critics","USA","2008","Best Director","2009-01-03","Mike Leigh","https://en.wikipedia.org/wiki/2008_National_Society_of_Film_Critics_Awards"
"National Society of Film Critics","Critics","USA","2009","Best Director","2009-01-03","Mike Leigh","https://en.wikipedia.org/wiki/2008_National_Society_of_Film_Critics_Awards"
"National Society of Film Critics","Critics","USA","2010","Best Director","2010-01-03","Kathryn Bigelow (The Hurt Locker)","https://www.imdb.com/event/ev0000471/2010/1/"
"National Society of Film Critics","Critics","USA","2011","Best Director","2012-01-07","Terrence Malick","https://nationalsocietyoffilmcritics.com/2012/01/07/2011-awards-melancholia-pitt-dunst-brooks-chastain/"
"National Society of Film Critics","Critics","USA","2012","Best Director","2013-01-05","Michael Haneke","https://en.wikipedia.org/wiki/2012_National_Society_of_Film_Critics_Awards"
"National Society of Film Critics","Critics","USA","2013","Best Director","2014-01-04","Joel Coen and Ethan Coen","https://nationalsocietyoffilmcritics.com/2014/01/04/2013-awards-inside-llewyn-davis-oscar-isaac-cate-blanchett/"
"National Society of Film Critics","Critics","USA","2014","Best Director","2014-01-04","Joel and Ethan Coen","https://nationalsocietyoffilmcritics.com/2014/01/04/2013-awards-inside-llewyn-davis-oscar-isaac-cate-blanchett/"
"National Society of Film Critics","Critics","USA","2015","Best Director","2016-01-03","Todd Haynes","https://nationalsocietyoffilmcritics.com/2016/01/03/awards-for-2015-films/"
"National Society of Film Critics","Critics","USA","2016","Best Director","2016-01-03","Todd Haynes","https://www.hollywoodreporter.com/news/general-news/national-society-film-critics-2016-851756/"
"National Society of Film Critics","Critics","USA","2017","Best Director","2017-01-07","Barry Jenkins","https://www.hollywoodreporter.com/news/general-news/national-society-film-critics-winners-2017-list-full-961677/"
"National Society of Film Critics","Critics","USA","2018","Best Director","2018-01-06","Greta Gerwig","https://www.hollywoodreporter.com/news/general-news/national-society-film-critics-winners-2018-list-full-1072167/"
"National Society of Film Critics","Critics","USA","2019","Best Director","2019-01-05","Alfonso Cuarón","https://en.wikipedia.org/wiki/2018_National_Society_of_Film_Critics_Awards"
"National Society of Film Critics","Critics","USA","2020","Best Director","2020-01-04","Greta Gerwig (Little Women)","https://nationalsocietyoffilmcritics.com/2020/01/05/parasite-is-voted-best-picture-of-2019/"
"National Society of Film Critics","Critics","USA","2021","Best Director","2022-01-08","Ryusuke Hamaguchi","https://nationalsocietyoffilmcritics.com/2022/01/09/awards-for-year-2021/"
"National Society of Film Critics","Critics","USA","2022","Best Director","2022-01-08","Ryusuke Hamaguchi","https://variety.com/2022/film/news/national-society-of-film-critics-awards-2022-drive-my-car-best-picture-1235149372/"
"National Society of Film Critics","Critics","USA","2023","Best Director","2023-01-07","Charlotte Wells","https://www.indiewire.com/awards/industry/national-society-of-film-critics-awards-2023-winners-list-1234797151/"
"National Society of Film Critics","Critics","USA","2024","Best Director","2024-01-06","Jonathan Glazer","https://nationalsocietyoffilmcritics.com/2024/01/06/past-lives-is-best-film-of-2023/"
"National Society of Film Critics","Critics","USA","2025","Best Director","2025-01-04","Payal Kapadia","https://en.wikipedia.org/wiki/2024_National_Society_of_Film_Critics_Awards"
"National Society of Film Critics","Critics","USA","2026","Best Director","2026-01-03","Paul Thomas Anderson","https://awardswatch.com/national-society-of-film-critics-nsfc-winners-one-battle-after-another-dominates-with-four-wins/"
"National Society of Film Critics","Critics","USA","2000","Best Actor","2000-01-08","Russell Crowe","https://en.wikipedia.org/wiki/1999_National_Society_of_Film_Critics_Awards"
"National Society of Film Critics","Critics","USA","2001","Best Actor","2001-01-06","Javier Bardem","https://www.imdb.com/event/ev0000471/2001/1/"
"National Society of Film Critics","Critics","USA","2002","Best Actor","2002-01-05","Gene Hackman","https://www.imdb.com/event/ev0000471/2002/1/"
"National Society of Film Critics","Critics","USA","2003","Best Actor","2003-01-04","Adrien Brody","https://ew.com/article/2003/01/06/national-society-film-critics-fetes-pianist/"
"National Society of Film Critics","Critics","USA","2004","Best Actor","2005-01-09","Jamie Foxx","https://en.wikipedia.org/wiki/2004_National_Society_of_Film_Critics_Awards"
"National Society of Film Critics","Critics","USA","2005","Best Actor","2005-01-09","Jamie Foxx","https://en.wikipedia.org/wiki/2004_National_Society_of_Film_Critics_Awards"
"National Society of Film Critics","Critics","USA","2006","Best Actor","2006-01-07","Philip Seymour Hoffman","https://en.wikipedia.org/wiki/2005_National_Society_of_Film_Critics_Awards"
"National Society of Film Critics","Critics","USA","2007","Best Actor","2008-01-05","Daniel Day-Lewis","https://en.wikipedia.org/wiki/2007_National_Society_of_Film_Critics_Awards"
"National Society of Film Critics","Critics","USA","2008","Best Actor","2008-01-05","Daniel Day-Lewis","https://www.reuters.com/article/lifestyle/there-will-be-blood-wins-top-critics-awards-idUSN04282290/"
"National Society of Film Critics","Critics","USA","2009","Best Actor","2009-01-03","Sean Penn","https://www.imdb.com/event/ev0000471/2009/1/"
"National Society of Film Critics","Critics","USA","2010","Best Actor","2011-01-08","Jesse Eisenberg","https://nationalsocietyoffilmcritics.com/2011/01/08/social-network-dominates-2010-nsfc-awards/"
"National Society of Film Critics","Critics","USA","2011","Best Actor","2011-01-08","Jesse Eisenberg (The Social Network)","https://en.wikipedia.org/wiki/2010_National_Society_of_Film_Critics_Awards"
"National Society of Film Critics","Critics","USA","2012","Best Actor","2012-01-07","Brad Pitt","https://www.imdb.com/event/ev0000471/2012/1/"
"National Society of Film Critics","Critics","USA","2013","Best Actor","2013-01-05","Daniel Day-Lewis","https://en.wikipedia.org/wiki/2012_National_Society_of_Film_Critics_Awards"
"National Society of Film Critics","Critics","USA","2014","Best Actor","2014-01-04","Oscar Isaac","https://nationalsocietyoffilmcritics.com/2014/01/04/2013-awards-inside-llewyn-davis-oscar-isaac-cate-blanchett/"
"National Society of Film Critics","Critics","USA","2015","Best Actor","2015-01-03","Timothy Spall","https://nationalsocietyoffilmcritics.com/2015/01/03/2014-awards-goodbye-to-language-timothy-spall-marion-cotillard/"
"National Society of Film Critics","Critics","USA","2016","Best Actor","2016-01-03","Michael B. Jordan","https://deadline.com/2016/01/national-society-of-film-critics-winners-2016-kristen-stewart-michael-b-jordan-1201675317/"
"National Society of Film Critics","Critics","USA","2017","Best Actor","2017-01-07","Casey Affleck","https://www.hollywoodreporter.com/news/general-news/national-society-film-critics-winners-2017-list-full-961677/"
"National Society of Film Critics","Critics","USA","2018","Best Actor","2018-01-06","Daniel Kaluuya","https://en.wikipedia.org/wiki/2017_National_Society_of_Film_Critics_Awards"
"National Society of Film Critics","Critics","USA","2019","Best Actor","2019-01-05","Ethan Hawke","https://nationalsocietyoffilmcritics.com/2019/01/05/the-rider-is-voted-best-picture-of-2018/"
"National Society of Film Critics","Critics","USA","2020","Best Actor","2020-01-04","Antonio Banderas","https://nationalsocietyoffilmcritics.com/2020/01/05/parasite-is-voted-best-picture-of-2019/"
"National Society of Film Critics","Critics","USA","2021","Best Actor","2021-01-09","Delroy Lindo","https://nationalsocietyoffilmcritics.com/2021/01/13/nomadland-tops-2020-awards/"
"National Society of Film Critics","Critics","USA","2022","Best Actor","2022-01-08","Hidetoshi Nishijima","https://variety.com/2022/film/news/national-society-of-film-critics-awards-2022-drive-my-car-best-picture-1235149372/"
"National Society of Film Critics","Critics","USA","2023","Best Actor","2023-01-07","Colin Farrell","https://nationalsocietyoffilmcritics.com/2023/01/08/tar-voted-best-picture-of-2022/"
"National Society of Film Critics","Critics","USA","2024","Best Actor","2024-01-06","Andrew Scott","https://en.wikipedia.org/wiki/2023_National_Society_of_Film_Critics_Awards"
"National Society of Film Critics","Critics","USA","2025","Best Actor","2025-01-04","Colman Domingo","https://variety.com/2025/film/awards/national-society-film-awards-1236265555/"
"National Society of Film Critics","Critics","USA","2026","Best Actor","2026-01-03","Ethan Hawke (Blue Moon)","https://nationalsocietyoffilmcritics.com/"
"National Society of Film Critics","Critics","USA","2000","Best Actress","2001-01-06","Laura Linney","https://en.wikipedia.org/wiki/2000_National_Society_of_Film_Critics_Awards"
"National Society of Film Critics","Critics","USA","2001","Best Actress","2001-01-06","Laura Linney","https://www.imdb.com/event/ev0000471/2001/1/"
"National Society of Film Critics","Critics","USA","2002","Best Actress","January 5, 2002","Naomi Watts","https://www.salon.com/2002/01/07/nsfc_awards/"
"National Society of Film Critics","Critics","USA","2003","Best Actress","2003-01-04","Diane Lane","https://ew.com/article/2003/01/06/national-society-film-critics-fetes-pianist/"
"National Society of Film Critics","Critics","USA","2004","Best Actress","2005-01-09","Imelda Staunton (Vera Drake) and Hilary Swank (Million Dollar Baby) (Tie)","https://en.wikipedia.org/wiki/2004_National_Society_of_Film_Critics_Awards"
"National Society of Film Critics","Critics","USA","2005","Best Actress","2005-01-09","Hilary Swank (Million Dollar Baby) and Imelda Staunton (Vera Drake) [tie]","https://www.imdb.com/event/ev0000471/2005/1/"
"National Society of Film Critics","Critics","USA","2006","Best Actress","2007-01-06","Helen Mirren","https://en.wikipedia.org/wiki/2006_National_Society_of_Film_Critics_Awards"
"National Society of Film Critics","Critics","USA","2007","Best Actress","2008-01-05","Julie Christie","https://en.wikipedia.org/wiki/2007_National_Society_of_Film_Critics_Awards"
"National Society of Film Critics","Critics","USA","2008","Best Actress","2008-01-05","Julie Christie","https://www.imdb.com/event/ev0000471/2008/1/"
"National Society of Film Critics","Critics","USA","2009","Best Actress","2009-01-03","Sally Hawkins","https://www.imdb.com/event/ev0000471/2009/1/"
"National Society of Film Critics","Critics","USA","2010","Best Actress","2011-01-08","Giovanna Mezzogiorno","https://nationalsocietyoffilmcritics.com/2011/01/08/social-network-dominates-2010-nsfc-awards/"
"National Society of Film Critics","Critics","USA","2011","Best Actress","2011-01-08","Giovanna Mezzogiorno","https://nationalsocietyoffilmcritics.com/2011/01/08/social-network-dominates-2010-nsfc-awards/"
"National Society of Film Critics","Critics","USA","2012","Best Actress","2012-01-07","Kirsten Dunst","https://variety.com/2012/film/news/nsfc-names-melancholia-picture-of-the-year-1118048257/"
"National Society of Film Critics","Critics","USA","2013","Best Actress","2013-01-05","Emmanuelle Riva","https://www.imdb.com/event/ev0000471/2013/1/"
"National Society of Film Critics","Critics","USA","2014","Best Actress","2014-01-04","Cate Blanchett (Blue Jasmine)","https://nationalsocietyoffilmcritics.com/2014/01/05/2013-awards-inside-llewyn-davis-oscar-isaac-cate-blanchett/"
"National Society of Film Critics","Critics","USA","2015","Best Actress","2015-01-03","Marion Cotillard","https://nationalsocietyoffilmcritics.com/2015/01/05/2014-awards-marion-cotillard-timothy-spall/"
"National Society of Film Critics","Critics","USA","2016","Best Actress","January 3, 2016","Charlotte Rampling","https://deadline.com/2016/01/national-society-of-film-critics-winners-2016-kristen-stewart-michael-b-jordan-1201675317/"
"National Society of Film Critics","Critics","USA","2017","Best Actress","2017-01-07","Isabelle Huppert","https://www.hollywoodreporter.com/news/general-news/national-society-film-critics-winners-2017-list-full-961677/"
"National Society of Film Critics","Critics","USA","2018","Best Actress","2019-01-05","Olivia Colman","https://nationalsocietyoffilmcritics.com/2019/01/06/the-rider-is-voted-best-picture-of-2018/"
"National Society of Film Critics","Critics","USA","2019","Best Actress","2019-01-05","Olivia Colman","https://www.hollywoodreporter.com/news/general-news/national-society-film-critics-winners-2019-list-full-1173400/"
"National Society of Film Critics","Critics","USA","2020","Best Actress","2020-01-04","Mary Kay Place (for 'Diane')","https://variety.com/2020/film/news/national-society-of-film-critics-2020-winners-1203456641/"
"National Society of Film Critics","Critics","USA","2021","Best Actress","2021-01-09","Frances McDormand","https://nationalsocietyoffilmcritics.com/2021/01/13/nomadland-tops-2020-awards/"
"National Society of Film Critics","Critics","USA","2022","Best Actress","2023-01-07","Cate Blanchett","https://nationalsocietyoffilmcritics.com/2023/01/08/tar-voted-best-picture-of-2022/"
"National Society of Film Critics","Critics","USA","2023","Best Actress","2023-01-07","Cate Blanchett","https://www.hollywoodreporter.com/movies/movie-news/national-society-of-film-critics-2023-winners-list-1235292966/"
"National Society of Film Critics","Critics","USA","2024","Best Actress","2024-01-06","Sandra Hüller","https://nationalsocietyoffilmcritics.com/2024/01/07/past-lives-named-best-picture-of-2023/"
"National Society of Film Critics","Critics","USA","2025","Best Actress","2025-01-04","Marianne Jean-Baptiste (for Hard Truths)","https://nationalsocietyoffilmcritics.com/2025/01/04/nickel-boys-voted-best-picture-of-2024/"
"National Society of Film Critics","Critics","USA","2026","Best Actress","2026-01-03","Kathleen Chalfant","https://deadline.com/2026/01/nsfc-winners-list-one-battle-after-another-1236660949/"
"National Society of Film Critics","Critics","USA","2000","Best Supporting Actor","2000-01-08","Christopher Plummer","https://en.wikipedia.org/wiki/National_Society_of_Film_Critics_Awards_1999"
"National Society of Film Critics","Critics","USA","2001","Best Supporting Actor","2001-01-06","Benicio Del Toro","https://www.latimes.com/archives/la-xpm-2001-jan-07-me-9484-story.html"
"National Society of Film Critics","Critics","USA","2002","Best Supporting Actor","2002-01-04","Steve Buscemi","https://en.wikipedia.org/wiki/2001_National_Society_of_Film_Critics_Awards"
"National Society of Film Critics","Critics","USA","2003","Best Supporting Actor","2003-01-04","Christopher Walken","https://www.imdb.com/event/ev0000471/2003/1/"
"National Society of Film Critics","Critics","USA","2004","Best Supporting Actor","2004-01-03","Peter Sarsgaard","https://www.imdb.com/event/ev0000471/2004/1/"
"National Society of Film Critics","Critics","USA","2005","Best Supporting Actor","2005-01-09","Thomas Haden Church","https://en.wikipedia.org/wiki/2004_National_Society_of_Film_Critics_Awards"
"National Society of Film Critics","Critics","USA","2006","Best Supporting Actor","2006-01-07","Ed Harris (A History of Violence)","https://nationalsocietyoffilmcritics.com/about-2/"
"National Society of Film Critics","Critics","USA","2007","Best Supporting Actor","2008-01-05","Casey Affleck","https://en.wikipedia.org/wiki/2007_National_Society_of_Film_Critics_Awards"
"National Society of Film Critics","Critics","USA","2008","Best Supporting Actor","2008-01-05","Casey Affleck","https://en.wikipedia.org/wiki/2007_National_Society_of_Film_Critics_Awards"
"National Society of Film Critics","Critics","USA","2009","Best Supporting Actor","2009-01-03","Eddie Marsan","https://www.imdb.com/event/ev0000471/2009/1/"
"National Society of Film Critics","Critics","USA","2010","Best Supporting Actor","2011-01-08","Geoffrey Rush (The King's Speech)","https://nationalsocietyoffilmcritics.com/2011/01/08/social-network-dominates-2010-nsfc-awards/"
"National Society of Film Critics","Critics","USA","2011","Best Supporting Actor","2012-01-07","Albert Brooks","https://nationalsocietyoffilmcritics.com/2012/01/07/2011-awards-melancholia-pitt-dunst-brooks-chastain/"
"National Society of Film Critics","Critics","USA","2012","Best Supporting Actor","2012-01-07","Albert Brooks","https://en.wikipedia.org/wiki/2011_National_Society_of_Film_Critics_Awards"
"National Society of Film Critics","Critics","USA","2013","Best Supporting Actor","2013-01-05","Matthew McConaughey","https://nationalsocietyoffilmcritics.com/2013/01/05/2012-awards-amour-emmanuelle-riva-daniel-day-lewis/"
"National Society of Film Critics","Critics","USA","2014","Best Supporting Actor","2014-01-04","James Franco","https://nationalsocietyoffilmcritics.com/2014/01/05/2013-awards-inside-llewyn-davis-oscar-isaac-cate-blanchett/"
"National Society of Film Critics","Critics","USA","2015","Best Supporting Actor","2015-01-03","J.K. Simmons","https://en.wikipedia.org/wiki/2014_National_Society_of_Film_Critics_Awards"
"National Society of Film Critics","Critics","USA","2016","Best Supporting Actor","2016-01-03","Mark Rylance","https://www.hollywoodreporter.com/news/general-news/national-society-film-critics-2016-851756/"
"National Society of Film Critics","Critics","USA","2017","Best Supporting Actor","2017-01-07","Mahershala Ali","https://www.hollywoodreporter.com/news/general-news/national-society-film-critics-winners-2017-list-full-961677/"
"National Society of Film Critics","Critics","USA","2018","Best Supporting Actor","2019-01-05","Steven Yeun","https://en.wikipedia.org/wiki/2018_National_Society_of_Film_Critics_Awards"
"National Society of Film Critics","Critics","USA","2019","Best Supporting Actor","2019-01-05","Steven Yeun","https://www.hollywoodreporter.com/news/general-news/national-society-film-critics-winners-2019-list-full-1173400/"
"National Society of Film Critics","Critics","USA","2020","Best Supporting Actor","2020-01-04","Brad Pitt","https://variety.com/2020/film/news/national-society-of-film-critics-2020-winners-1203456641/"
"National Society of Film Critics","Critics","USA","2021","Best Supporting Actor","2021-01-09","Paul Raci","https://nationalsocietyoffilmcritics.com/2021/01/09/nomadland-is-best-picture-at-55th-nsfc-annual-voting/"
"National Society of Film Critics","Critics","USA","2022","Best Supporting Actor","2022-01-08","Anders Danielsen Lie","https://en.wikipedia.org/wiki/2021_National_Society_of_Film_Critics_Awards"
"National Society of Film Critics","Critics","USA","2023","Best Supporting Actor","2023-01-07","Ke Huy Quan","https://www.hollywoodreporter.com/movies/movie-news/national-society-of-film-critics-2023-winners-list-1235292966/"
"National Society of Film Critics","Critics","USA","2024","Best Supporting Actor","2024-01-06","Charles Melton","https://www.hollywoodreporter.com/movies/movie-news/2024-national-society-of-film-critics-winners-list-1235780787/"
"National Society of Film Critics","Critics","USA","2025","Best Supporting Actor","2025-01-04","Kieran Culkin (A Real Pain)","https://nationalsocietyoffilmcritics.com/2025/01/04/nickel-boys-voted-best-picture-of-2024/"
"National Society of Film Critics","Critics","USA","2026","Best Supporting Actor","2026-01-03","Benicio del Toro","https://nationalsocietyoffilmcritics.com/2026/01/03/one-battle-after-another-named-best-picture-of-2025/"
"National Society of Film Critics","Critics","USA","2000","Best Supporting Actress","2000-01-08","Chloë Sevigny","https://www.imdb.com/event/ev0000471/2000/1/"
"National Society of Film Critics","Critics","USA","2001","Best Supporting Actress","2001-01-06","Elaine May","https://www.imdb.com/event/ev0000471/2001/1/"
"National Society of Film Critics","Critics","USA","2002","Best Supporting Actress","2002-01-05","Helen Mirren","https://www.salon.com/2002/01/07/nsfc_awards/"
"National Society of Film Critics","Critics","USA","2003","Best Supporting Actress","2003-01-04","Patricia Clarkson","https://variety.com/2003/film/awards/pianist-tickles-crix-org-1117878155/"
"National Society of Film Critics","Critics","USA","2004","Best Supporting Actress","2004-01-03","Patricia Clarkson","https://www.imdb.com/event/ev0000471/2004/1/"
"National Society of Film Critics","Critics","USA","2005","Best Supporting Actress","2006-01-07","Amy Adams","https://en.wikipedia.org/wiki/2005_National_Society_of_Film_Critics_Awards"
"National Society of Film Critics","Critics","USA","2006","Best Supporting Actress","2006-01-07","Amy Adams","https://en.wikipedia.org/wiki/40th_National_Society_of_Film_Critics_Awards"
"National Society of Film Critics","Critics","USA","2007","Best Supporting Actress","January 6, 2007","Meryl Streep","https://variety.com/2007/film/awards/labyrinth-wins-national-society-of-film-critics-award-1117956853/"
"National Society of Film Critics","Critics","USA","2008","Best Supporting Actress","2009-01-03","Hanna Schygulla","https://nationalsocietyoffilmcritics.com/about-2/"
"National Society of Film Critics","Critics","USA","2009","Best Supporting Actress","2010-01-03","Mo'Nique","https://nationalsocietyoffilmcritics.com/about-2/"
"National Society of Film Critics","Critics","USA","2010","Best Supporting Actress","2010-01-02","Mo'Nique","https://nationalsocietyoffilmcritics.com/2010/01/03/hurt-locker-leads-2009-awards/"
"National Society of Film Critics","Critics","USA","2011","Best Supporting Actress","2011-01-08","Olivia Williams","https://nationalsocietyoffilmcritics.com/2011/01/08/social-network-dominates-2010-nsfc-awards/"
"National Society of Film Critics","Critics","USA","2012","Best Supporting Actress","2012-01-07","Jessica Chastain","https://nationalsocietyoffilmcritics.com/2012/01/07/2011-awards-melancholia-pitt-dunst-brooks-chastain/"
"National Society of Film Critics","Critics","USA","2013","Best Supporting Actress","2014-01-04","Jennifer Lawrence","https://en.wikipedia.org/wiki/2013_National_Society_of_Film_Critics_Awards"
"National Society of Film Critics","Critics","USA","2014","Best Supporting Actress","2014-01-04","Jennifer Lawrence","https://nationalsocietyoffilmcritics.com/2014/01/05/2013-awards-inside-llewyn-davis-wins-big/"
"National Society of Film Critics","Critics","USA","2015","Best Supporting Actress","2015-01-03","Patricia Arquette","https://nationalsocietyoffilmcritics.com/2015/01/03/2014-awards-goodbye-to-language-timothy-spall-marion-cotillard/"
"National Society of Film Critics","Critics","USA","2016","Best Supporting Actress","2016-01-03","Kristen Stewart","https://nationalsocietyoffilmcritics.com/2016/01/03/awards-for-2015/"
"National Society of Film Critics","Critics","USA","2017","Best Supporting Actress","2017-01-07","Michelle Williams","https://www.hollywoodreporter.com/news/general-news/national-society-film-critics-winners-2017-list-full-961677/"
"National Society of Film Critics","Critics","USA","2018","Best Supporting Actress","2018-01-06","Laurie Metcalf","https://nationalsocietyoffilmcritics.com/2018/01/06/lady-bird-leads-2017-awards/"
"National Society of Film Critics","Critics","USA","2019","Best Supporting Actress","2019-01-05","Regina King","https://www.hollywoodreporter.com/news/general-news/national-society-film-critics-winners-2019-list-full-1173400/"
"National Society of Film Critics","Critics","USA","2020","Best Supporting Actress","2020-01-04","Laura Dern (Marriage Story and Little Women)","https://variety.com/2020/film/news/national-society-of-film-critics-2020-winners-1203456641/"
"National Society of Film Critics","Critics","USA","2021","Best Supporting Actress","2022-01-08","Ruth Negga (Passing)","https://nationalsocietyoffilmcritics.com/2022/01/09/awards-for-year-2021/"
"National Society of Film Critics","Critics","USA","2022","Best Supporting Actress","2022-01-08","Ruth Negga","https://www.imdb.com/event/ev0000471/2022/1/"
"National Society of Film Critics","Critics","USA","2023","Best Supporting Actress","2023-01-07","Kerry Condon","https://www.indiewire.com/awards/industry/national-society-of-film-critics-awards-2023-winners-list-1234797151/"
"National Society of Film Critics","Critics","USA","2024","Best Supporting Actress","2024-01-06","Da'Vine Joy Randolph (The Holdovers)","https://www.hollywoodreporter.com/movies/movie-news/2024-national-society-of-film-critics-winners-list-1235780787/"
"National Society of Film Critics","Critics","USA","2025","Best Supporting Actress","2026-01-03","Teyana Taylor","https://deadline.com/2026/01/nsfc-winners-list-one-battle-after-another-1236660949/"
"National Society of Film Critics","Critics","USA","2026","Best Supporting Actress","2026-01-03","Teyana Taylor","https://nationalsocietyoffilmcritics.com/"
"National Society of Film Critics","Critics","USA","2000","Best Screenplay","2001-01-06","Kenneth Lonergan (You Can Count on Me)","https://nationalsocietyoffilmcritics.com/about-2/"
"National Society of Film Critics","Critics","USA","2001","Best Screenplay","2002-01-04","Julian Fellowes (Gosford Park)","https://en.wikipedia.org/wiki/2001_National_Society_of_Film_Critics_Awards"
"National Society of Film Critics","Critics","USA","2002","Best Screenplay","2003-01-04","Ronald Harwood (The Pianist)","https://ew.com/article/2003/01/06/national-society-film-critics-fetes-pianist/"
"National Society of Film Critics","Critics","USA","2003","Best Screenplay","2003-01-04","Ronald Harwood","https://en.wikipedia.org/wiki/2002_National_Society_of_Film_Critics_Awards"
"National Society of Film Critics","Critics","USA","2004","Best Screenplay","January 9, 2005","Alexander Payne and Jim Taylor (Sideways)","https://en.wikipedia.org/wiki/2004_National_Society_of_Film_Critics_Awards"
"National Society of Film Critics","Critics","USA","2005","Best Screenplay","2006-01-07","Noah Baumbach for 'The Squid and the Whale'","https://en.wikipedia.org/wiki/2005_National_Society_of_Film_Critics_Awards"
"National Society of Film Critics","Critics","USA","2006","Best Screenplay","2006-01-07","Noah Baumbach for The Squid and the Whale","https://en.wikipedia.org/wiki/2005_National_Society_of_Film_Critics_Awards"
"National Society of Film Critics","Critics","USA","2007","Best Screenplay","2007-01-06","Peter Morgan (The Queen)","https://en.wikipedia.org/wiki/2006_National_Society_of_Film_Critics_Awards"
"National Society of Film Critics","Critics","USA","2008","Best Screenplay","2008-01-05","Tamara Jenkins (The Savages)","https://en.wikipedia.org/wiki/2007_National_Society_of_Film_Critics_Awards"
"National Society of Film Critics","Critics","USA","2009","Best Screenplay","2010-01-02","Joel Coen and Ethan Coen (A Serious Man)","https://nationalsocietyoffilmcritics.com/2010/01/03/hurt-locker-leads-2009-awards/"
"National Society of Film Critics","Critics","USA","2010","Best Screenplay","2010-01-03","Joel and Ethan Coen (A Serious Man)","https://nationalsocietyoffilmcritics.com/2010/01/03/hurt-locker-leads-2009-awards/"
"National Society of Film Critics","Critics","USA","2011","Best Screenplay","2012-01-07","Asghar Farhadi (A Separation)","https://nationalsocietyoffilmcritics.com/2012/01/07/2011-awards-melancholia-pitt-dunst-brooks-chastain/"
"National Society of Film Critics","Critics","USA","2012","Best Screenplay","2012-01-07","Asghar Farhadi (A Separation)","https://en.wikipedia.org/wiki/2011_National_Society_of_Film_Critics_Awards"
"National Society of Film Critics","Critics","USA","2013","Best Screenplay","2013-01-05","Tony Kushner (Lincoln)","https://en.wikipedia.org/wiki/2012_National_Society_of_Film_Critics_Awards"
"National Society of Film Critics","Critics","USA","2014","Best Screenplay","2015-01-03","Wes Anderson (The Grand Budapest Hotel)","https://en.wikipedia.org/wiki/2014_National_Society_of_Film_Critics_Awards"
"National Society of Film Critics","Critics","USA","2015","Best Screenplay","2015-01-03","Wes Anderson for The Grand Budapest Hotel","https://en.wikipedia.org/wiki/2014_National_Society_of_Film_Critics_Awards"
"National Society of Film Critics","Critics","USA","2016","Best Screenplay","January 3, 2016","Josh Singer and Tom McCarthy (Spotlight)","https://nationalsocietyoffilmcritics.com/2016/01/03/awards-for-2015/"
"National Society of Film Critics","Critics","USA","2017","Best Screenplay","2017-01-07","Kenneth Lonergan (Manchester by the Sea)","https://www.hollywoodreporter.com/news/general-news/national-society-film-critics-winners-2017-list-full-961677/"
"National Society of Film Critics","Critics","USA","2018","Best Screenplay","January 6, 2018","Greta Gerwig (Lady Bird)","https://www.thewrap.com/2018-national-society-film-critics-awards-lady-bird-best-picture/"
"National Society of Film Critics","Critics","USA","2019","Best Screenplay","January 5, 2019","Armando Iannucci, David Schneider, and Ian Martin (The Death of Stalin)","https://www.hollywoodreporter.com/news/general-news/national-society-film-critics-winners-2019-list-full-1173400/"
"National Society of Film Critics","Critics","USA","2020","Best Screenplay","2020-01-04","Bong Joon Ho and Han Jin Won (for Parasite)","https://variety.com/2020/film/news/national-society-of-film-critics-2020-winners-1203456641/"
"National Society of Film Critics","Critics","USA","2021","Best Screenplay","2022-01-08","Ryusuke Hamaguchi and Takamasa Oe (Drive My Car)","https://nationalsocietyoffilmcritics.com/2022/01/09/awards-for-year-2021/"
"National Society of Film Critics","Critics","USA","2022","Best Screenplay","2022-01-08","Ryusuke Hamaguchi and Teruhisa Yamamoto (Drive My Car)","https://nationalsocietyoffilmcritics.com/2022/01/09/drive-my-car-voted-best-picture-of-2021/"
"National Society of Film Critics","Critics","USA","2023","Best Screenplay","2023-01-07","Todd Field for Tár","https://www.hollywoodreporter.com/movies/movie-news/national-society-of-film-critics-2023-winners-list-1235292966/"
"National Society of Film Critics","Critics","USA","2024","Best Screenplay","2024-01-06","Samy Burch, May December","https://nationalsocietyoffilmcritics.com/"
"National Society of Film Critics","Critics","USA","2025","Best Screenplay","2025-01-04","Jesse Eisenberg (A Real Pain)","https://nationalsocietyoffilmcritics.com/2025/01/04/nickel-boys-voted-best-picture-of-2024/"
"National Society of Film Critics","Critics","USA","2026","Best Screenplay","2026-01-03","Jafar Panahi, It Was Just an Accident","https://nationalsocietyoffilmcritics.com/"
"National Society of Film Critics","Critics","USA","2000","Best Cinematography","2001-01-06","Agnès Godard (Beau Travail)","https://nationalsocietyoffilmcritics.com/about-2/"
"National Society of Film Critics","Critics","USA","2001","Best Cinematography","2001-01-06","Agnès Godard","https://en.wikipedia.org/wiki/2000_National_Society_of_Film_Critics_Awards"
"National Society of Film Critics","Critics","USA","2002","Best Cinematography","2002-01-05","Christopher Doyle and Mark Lee Ping-bin (In the Mood for Love)","https://variety.com/2002/film/awards/nat-l-crix-shift-into-drive-1117857961/"
"National Society of Film Critics","Critics","USA","2003","Best Cinematography","2003-01-04","Edward Lachman (Far from Heaven)","https://en.wikipedia.org/wiki/2002_National_Society_of_Film_Critics_Awards"
"National Society of Film Critics","Critics","USA","2004","Best Cinematography","2004-01-03","Russell Boyd (Master and Commander: The Far Side of the World)","https://en.wikipedia.org/wiki/2003_National_Society_of_Film_Critics_Awards"
"National Society of Film Critics","Critics","USA","2005","Best Cinematography","2005-01-09","Xiaoding Zhao (for House of Flying Daggers)","https://www.imdb.com/event/ev0000471/2005/1/"
"National Society of Film Critics","Critics","USA","2006","Best Cinematography","2006-01-07","2046 (Christopher Doyle, Pun Leung Kwan, and Yiu-Fai Lai)","https://www.imdb.com/event/ev0000471/2006/1/"
"National Society of Film Critics","Critics","USA","2007","Best Cinematography","2008-01-05","Robert Elswit (There Will Be Blood)","https://en.wikipedia.org/wiki/2007_National_Society_of_Film_Critics_Awards"
"National Society of Film Critics","Critics","USA","2008","Best Cinematography","2008-01-05","Robert Elswit (There Will Be Blood)","https://en.wikipedia.org/wiki/2007_National_Society_of_Film_Critics_Awards"
"National Society of Film Critics","Critics","USA","2009","Best Cinematography","2009-01-03","Anthony Dod Mantle (Slumdog Millionaire)","https://en.wikipedia.org/wiki/2008_National_Society_of_Film_Critics_Awards"
"National Society of Film Critics","Critics","USA","2010","Best Cinematography","2011-01-08","Roger Deakins (True Grit)","https://nationalsocietyoffilmcritics.com/2011/01/08/social-network-dominates-2010-nsfc-awards/"
"National Society of Film Critics","Critics","USA","2011","Best Cinematography","2011-01-08","Roger Deakins (True Grit)","https://nationalsocietyoffilmcritics.com/2011/01/08/2010-awards-social-network-wins/"
"National Society of Film Critics","Critics","USA","2012","Best Cinematography","2013-01-05","Mihai Mălaimare Jr. (The Master)","https://nationalsocietyoffilmcritics.com/2013/01/05/2012-awards-amour-emmanuelle-riva-daniel-day-lewis/"
"National Society of Film Critics","Critics","USA","2013","Best Cinematography","2013-01-05","Mihai Mălaimare Jr. (The Master)","https://nationalsocietyoffilmcritics.com/2013/01/05/2012-awards-amour-emmanuelle-riva-daniel-day-lewis/"
"National Society of Film Critics","Critics","USA","2014","Best Cinematography","2015-01-03","Dick Pope (Mr. Turner)","https://en.wikipedia.org/wiki/2014_National_Society_of_Film_Critics_Awards"
"National Society of Film Critics","Critics","USA","2015","Best Cinematography","2015-01-03","Dick Pope (Mr. Turner)","https://en.wikipedia.org/wiki/2014_National_Society_of_Film_Critics_Awards"
"National Society of Film Critics","Critics","USA","2016","Best Cinematography","2016-01-03","Ed Lachman (Carol)","https://nationalsocietyoffilmcritics.com/2016/01/03/awards-for-2015/"
"National Society of Film Critics","Critics","USA","2017","Best Cinematography","2018-01-06","Roger Deakins (Blade Runner 2049)","https://nationalsocietyoffilmcritics.com/2018/01/06/lady-bird-leads-2017-awards/"
"National Society of Film Critics","Critics","USA","2018","Best Cinematography","2018-01-06","Roger Deakins (Blade Runner 2049)","https://en.wikipedia.org/wiki/2017_National_Society_of_Film_Critics_Awards"
"National Society of Film Critics","Critics","USA","2019","Best Cinematography","2020-01-04","Claire Mathon (Portrait of a Lady on Fire and Atlantics)","https://nationalsocietyoffilmcritics.com/2020/01/05/parasite-is-voted-best-picture-of-2019/"
"National Society of Film Critics","Critics","USA","2020","Best Cinematography","2020-01-04","Claire Mathon (Portrait of a Lady on Fire and Atlantics)","https://www.hollywoodreporter.com/news/general-news/national-society-film-critics-winners-2020-list-full-1266375/"
"National Society of Film Critics","Critics","USA","2021","Best Cinematography","2022-01-08","Andrew Droz Palermo (The Green Knight)","https://nationalsocietyoffilmcritics.com/2022/01/09/awards-for-year-2021/"
"National Society of Film Critics","Critics","USA","2022","Best Cinematography","2022-01-08","Andrew Droz Palermo (The Green Knight)","https://www.imdb.com/event/ev0000471/2022/1/"
"National Society of Film Critics","Critics","USA","2023","Best Cinematography","2023-01-07","Michał Dymek (EO)","https://www.hollywoodreporter.com/movies/movie-news/national-society-of-film-critics-2023-winners-list-1235292966/"
"National Society of Film Critics","Critics","USA","2024","Best Cinematography","2024-01-06","Rodrigo Prieto (for Killers of the Flower Moon)","https://www.hollywoodreporter.com/movies/movie-news/2024-national-society-of-film-critics-winners-list-1235780787/"
"National Society of Film Critics","Critics","USA","2025","Best Cinematography","2025-01-04","Jomo Fray, Nickel Boys","https://nationalsocietyoffilmcritics.com/2025/01/04/nickel-boys-voted-best-picture-of-2024/"
"National Society of Film Critics","Critics","USA","2026","Best Cinematography","2026-01-03","Autumn Durald Arkapaw","https://nationalsocietyoffilmcritics.com/2026/01/03/one-battle-after-another-named-best-picture-of-2025/"
"National Society of Film Critics","Critics","USA","2000","Best Film Not in the English Language","2000-01-08","Autumn Tale","https://www.imdb.com/event/ev0000471/2000/1/"
"National Society of Film Critics","Critics","USA","2001","Best Film Not in the English Language","2001-01-06","","https://en.wikipedia.org/wiki/2000_National_Society_of_Film_Critics_Awards"
"National Society of Film Critics","Critics","USA","2002","Best Film Not in the English Language","2003-01-04","Y Tu Mamá También","https://nationalsocietyoffilmcritics.com/about-2/"
"National Society of Film Critics","Critics","USA","2003","Best Film Not in the English Language","2003-01-04","Y Tu Mamá También","https://en.wikipedia.org/wiki/2002_National_Society_of_Film_Critics_Awards"
"National Society of Film Critics","Critics","USA","2004","Best Film Not in the English Language","2005-01-08","Moolaadé","https://nationalsocietyoffilmcritics.com/about-2/"
"National Society of Film Critics","Critics","USA","2005","Best Film Not in the English Language","2006-01-07","Head-On (Gegen die Wand)","https://en.wikipedia.org/wiki/2005_National_Society_of_Film_Critics_Awards"
"National Society of Film Critics","Critics","USA","2006","Best Film Not in the English Language","2006-01-07","Head-On (Gegen die Wand)","https://en.wikipedia.org/wiki/2005_National_Society_of_Film_Critics_Awards"
"National Society of Film Critics","Critics","USA","2007","Best Film Not in the English Language","2007-01-06","None (Pan's Labyrinth won Best Picture)","https://nationalsocietyoffilmcritics.com/about-2/"
"National Society of Film Critics","Critics","USA","2008","Best Film Not in the English Language","2008-01-05","4 Months, 3 Weeks and 2 Days (4 luni, 3 săptămâni și 2 zile)","https://en.wikipedia.org/wiki/2007_National_Society_of_Film_Critics_Awards"
"National Society of Film Critics","Critics","USA","2009","Best Film Not in the English Language","2009-01-03","Not awarded (Best Picture was a foreign language film)","https://nationalsocietyoffilmcritics.com/about-2/"
"National Society of Film Critics","Critics","USA","2010","Best Film Not in the English Language","2010-01-03","Summer Hours (L'Heure d'été)","https://en.wikipedia.org/wiki/2009_National_Society_of_Film_Critics_Awards"
"National Society of Film Critics","Critics","USA","2011","Best Film Not in the English Language","2011-01-08","Carlos","https://www.indiewire.com/awards/industry/social-network-sweeps-national-society-of-film-critics-awards-updated-243964/"
"National Society of Film Critics","Critics","USA","2012","Best Film Not in the English Language","2012-01-07","A Separation","https://nationalsocietyoffilmcritics.com/2012/01/07/2011-awards-melancholia-pitt-dunst-brooks-chastain/"
"National Society of Film Critics","Critics","USA","2013","Best Film Not in the English Language","","Not awarded","https://nationalsocietyoffilmcritics.com/2013/01/05/2012-awards-amour-emmanuelle-riva-daniel-day-lewis/"
"National Society of Film Critics","Critics","USA","2014","Best Film Not in the English Language","","","https://en.wikipedia.org/wiki/National_Society_of_Film_Critics_Award_for_Best_Foreign_Language_Film"
"National Society of Film Critics","Critics","USA","2015","Best Film Not in the English Language","2015-01-03","","https://nationalsocietyoffilmcritics.com/2015/01/03/2014-awards-goodbye-to-language-timothy-spall-marion-cotillard/"
"National Society of Film Critics","Critics","USA","2016","Best Film Not in the English Language","2016-01-03","Timbuktu","https://nationalsocietyoffilmcritics.com/2016/01/03/awards-for-2015-films/"
"National Society of Film Critics","Critics","USA","2017","Best Film Not in the English Language","2017-01-07","Toni Erdmann","https://en.wikipedia.org/wiki/2016_National_Society_of_Film_Critics_Awards"
"National Society of Film Critics","Critics","USA","2018","Best Film Not in the English Language","January 6, 2018","Graduation","https://nationalsocietyoffilmcritics.com/2018/01/06/lady-bird-leads-2017-awards/"
"National Society of Film Critics","Critics","USA","2019","Best Film Not in the English Language","2019-01-05","Roma","https://nationalsocietyoffilmcritics.com/2019/01/06/the-rider-is-voted-best-picture-of-2018/"
"National Society of Film Critics","Critics","USA","2020","Best Film Not in the English Language","2020-01-04","Parasite","https://variety.com/2020/film/news/national-society-of-film-critics-2020-winners-1203456641/"
"National Society of Film Critics","Critics","USA","2021","Best Film Not in the English Language","2021-01-09","Collective","https://en.wikipedia.org/wiki/2020_National_Society_of_Film_Critics_Awards"
"National Society of Film Critics","Critics","USA","2022","Best Film Not in the English Language","2022-01-08","","https://nationalsocietyoffilmcritics.com/2022/01/09/awards-for-year-2021/"
"National Society of Film Critics","Critics","USA","2023","Best Film Not in the English Language","2023-01-07","EO","https://nationalsocietyoffilmcritics.com/2023/01/08/tar-voted-best-picture-of-2022/"
"National Society of Film Critics","Critics","USA","2024","Best Film Not in the English Language","2025-01-04","All We Imagine as Light","https://deadline.com/2025/01/nickel-boys-wins-national-society-film-critics-best-film-winners-list-1236246618/"
"National Society of Film Critics","Critics","USA","2025","Best Film Not in the English Language","2025-01-04","All We Imagine as Light","https://nationalsocietyoffilmcritics.com/2025/01/04/nickel-boys-voted-best-picture-of-2024/"
"National Society of Film Critics","Critics","USA","2026","Best Film Not in the English Language","2026-01-03","The Secret Agent","https://nationalsocietyoffilmcritics.com/2026/01/03/one-battle-after-another-named-best-picture-of-2025/"
"National Society of Film Critics","Critics","USA","2000","Best Non-fiction Film","2001-01-06","The Life and Times of Hank Greenberg","https://en.wikipedia.org/wiki/2000_National_Society_of_Film_Critics_Awards"
"National Society of Film Critics","Critics","USA","2001","Best Non-fiction Film","2001-01-06","The Life and Times of Hank Greenberg","https://en.wikipedia.org/wiki/2000_National_Society_of_Film_Critics_Awards"
"National Society of Film Critics","Critics","USA","2002","Best Non-fiction Film","2002-01-05","The Gleaners and I (Les glaneurs et la glaneuse)","https://www.imdb.com/event/ev0000471/2002/1/"
"National Society of Film Critics","Critics","USA","2003","Best Non-fiction Film","2003-01-04","Standing in the Shadows of Motown","https://en.wikipedia.org/wiki/2002_National_Society_of_Film_Critics_Awards"
"National Society of Film Critics","Critics","USA","2004","Best Non-fiction Film","2005-01-09","Tarnation","https://en.wikipedia.org/wiki/2004_National_Society_of_Film_Critics_Awards"
"National Society of Film Critics","Critics","USA","2005","Best Non-fiction Film","2005-01-09","Tarnation","https://en.wikipedia.org/wiki/2004_National_Society_of_Film_Critics_Awards"
"National Society of Film Critics","Critics","USA","2006","Best Non-fiction Film","2006-01-07","Grizzly Man","https://www.imdb.com/event/ev0000471/2006/1/"
"National Society of Film Critics","Critics","USA","2007","Best Non-fiction Film","2007-01-06","An Inconvenient Truth","https://variety.com/2007/film/awards/labyrinth-wins-national-society-of-film-critics-award-1117956853/"
"National Society of Film Critics","Critics","USA","2008","Best Non-fiction Film","2008-01-05","No End in Sight","https://www.hollywoodreporter.com/business/business-news/national-critics-society-toasts-blood-101904/"
"National Society of Film Critics","Critics","USA","2009","Best Non-fiction Film","2010-01-03","The Beaches of Agnès (Les plages d'Agnès)","https://nationalsocietyoffilmcritics.com/2010/01/03/hurt-locker-leads-2009-awards/"
"National Society of Film Critics","Critics","USA","2010","Best Non-fiction Film","January 3, 2010","The Beaches of Agnès (Les plages d'Agnès)","https://en.wikipedia.org/wiki/2009_National_Society_of_Film_Critics_Awards"
"National Society of Film Critics","Critics","USA","2011","Best Non-fiction Film","2011-01-08","Inside Job","https://nationalsocietyoffilmcritics.com/2011/01/08/social-network-dominates-2010-nsfc-awards/"
"National Society of Film Critics","Critics","USA","2012","Best Non-fiction Film","2012-01-07","Cave of Forgotten Dreams","https://nationalsocietyoffilmcritics.com/2012/01/07/2011-awards-melancholia-pitt-dunst-brooks-chastain/"
"National Society of Film Critics","Critics","USA","2013","Best Non-fiction Film","2014-01-04","The Act of Killing and At Berkeley (tie)","https://en.wikipedia.org/wiki/2013_National_Society_of_Film_Critics_Awards"
"National Society of Film Critics","Critics","USA","2014","Best Non-fiction Film","2014-01-04","The Act of Killing and At Berkeley (Tie)","https://nationalsocietyoffilmcritics.com/2014/01/04/2013-awards-inside-llewyn-davis-oscar-isaac-cate-blanchett/"
"National Society of Film Critics","Critics","USA","2015","Best Non-fiction Film","2015-01-03","Citizenfour","https://nationalsocietyoffilmcritics.com/2015/01/03/goodbye-to-language-is-peace-best-film-of-2014/"
"National Society of Film Critics","Critics","USA","2016","Best Non-fiction Film","2016-01-03","Amy","https://nationalsocietyoffilmcritics.com/2016/01/03/awards-for-2015/"
"National Society of Film Critics","Critics","USA","2017","Best Non-fiction Film","2017-01-07","O.J.: Made in America","https://www.hollywoodreporter.com/news/general-news/national-society-film-critics-winners-2017-list-full-961677/"
"National Society of Film Critics","Critics","USA","2018","Best Non-fiction Film","2018-01-06","Faces Places","https://www.hollywoodreporter.com/news/general-news/national-society-film-critics-winners-2018-list-full-1072167/"
"National Society of Film Critics","Critics","USA","2019","Best Non-fiction Film","2019-01-05","Minding the Gap","https://www.hollywoodreporter.com/news/general-news/national-society-film-critics-winners-2019-list-full-1173400/"
"National Society of Film Critics","Critics","USA","2020","Best Non-fiction Film","2020-01-04","Honeyland","https://nationalsocietyoffilmcritics.com/2020/01/05/parasite-is-voted-best-picture-of-2019/"
"National Society of Film Critics","Critics","USA","2021","Best Non-fiction Film","2021-01-09","Time","https://nationalsocietyoffilmcritics.com/2021/01/13/nomadland-tops-2020-awards/"
"National Society of Film Critics","Critics","USA","2022","Best Non-fiction Film","2022-01-08","Flee","https://en.wikipedia.org/wiki/2021_National_Society_of_Film_Critics_Awards"
"National Society of Film Critics","Critics","USA","2023","Best Non-fiction Film","2023-01-07","All the Beauty and the Bloodshed","https://www.hollywoodreporter.com/movies/movie-news/national-society-of-film-critics-2023-winners-list-1235292966/"
"National Society of Film Critics","Critics","USA","2024","Best Non-fiction Film","2024-01-06","Menus-Plaisirs – Les Troisgros","https://nationalsocietyoffilmcritics.com/2024/01/06/past-lives-is-best-film-of-2023/"
"National Society of Film Critics","Critics","USA","2025","Best Non-fiction Film","2025-01-04","No Other Land","https://nationalsocietyoffilmcritics.com/2025/01/04/nickel-boys-voted-best-picture-of-2024/"
"National Society of Film Critics","Critics","USA","2026","Best Non-fiction Film","2026-01-03","My Undesirable Friends: Part I — Last Air in Moscow","https://awardswatch.com/national-society-of-film-critics-nsfc-winners-one-battle-after-another-dominates-with-four-wins/"
"New York Film Critics Circle","Critics","USA","2000","Best Film","2000-01-09","Topsy-Turvy","https://www.nytimes.com/1999/12/17/movies/new-york-critics-honor-leigh-s-topsy-turvy.html"
"New York Film Critics Circle","Critics","USA","2001","Best Film","2001-01-14","Traffic","https://en.wikipedia.org/wiki/2000_New_York_Film_Critics_Circle_Awards"
"New York Film Critics Circle","Critics","USA","2002","Best Film","2002-01-06","Mulholland Dr.","https://en.wikipedia.org/wiki/2001_New_York_Film_Critics_Circle_Awards"
"New York Film Critics Circle","Critics","USA","2003","Best Film","2003-01-12","Far from Heaven","https://en.wikipedia.org/wiki/2002_New_York_Film_Critics_Circle_Awards"
"New York Film Critics Circle","Critics","USA","2004","Best Film","2004-01-11","The Lord of the Rings: The Return of the King","https://en.wikipedia.org/wiki/2003_New_York_Film_Critics_Circle_Awards"
"New York Film Critics Circle","Critics","USA","2005","Best Film","2005-01-09","Sideways","https://en.wikipedia.org/wiki/New_York_Film_Critics_Circle"
"New York Film Critics Circle","Critics","USA","2006","Best Film","2007-01-07","United 93","https://en.wikipedia.org/wiki/2006_New_York_Film_Critics_Circle_Awards"
"New York Film Critics Circle","Critics","USA","2007","Best Film","January 6, 2008","No Country for Old Men","https://en.wikipedia.org/wiki/2007_New_York_Film_Critics_Circle_Awards"
"New York Film Critics Circle","Critics","USA","2008","Best Film","2009-01-05","Milk","https://en.wikipedia.org/wiki/2008_New_York_Film_Critics_Circle_Awards"
"New York Film Critics Circle","Critics","USA","2009","Best Film","2009-01-05","Milk","https://en.wikipedia.org/wiki/2008_New_York_Film_Critics_Circle_Awards"
"New York Film Critics Circle","Critics","USA","2010","Best Film","2010-01-11","The Hurt Locker","https://en.wikipedia.org/wiki/2009_New_York_Film_Critics_Circle_Awards"
"New York Film Critics Circle","Critics","USA","2011","Best Film","2011-01-10","The Social Network","https://en.wikipedia.org/wiki/2010_New_York_Film_Critics_Circle_Awards"
"New York Film Critics Circle","Critics","USA","2012","Best Film","January 9, 2012","The Artist","https://en.wikipedia.org/wiki/2011_New_York_Film_Critics_Circle_Awards"
"New York Film Critics Circle","Critics","USA","2013","Best Film","January 7, 2013","Zero Dark Thirty","https://www.reellifewithjane.com/2012/12/full-schedule-awards-season-2012-2013-oscars-golden-globes-more/"
"New York Film Critics Circle","Critics","USA","2014","Best Film","2015-01-05","Boyhood","https://en.wikipedia.org/wiki/2014_New_York_Film_Critics_Circle_Awards"
"New York Film Critics Circle","Critics","USA","2015","Best Film","2015-01-05","Boyhood","https://en.wikipedia.org/wiki/2014_New_York_Film_Critics_Circle_Awards"
"New York Film Critics Circle","Critics","USA","2016","Best Film","2016-01-04","Carol","https://en.wikipedia.org/wiki/New_York_Film_Critics_Circle"
"New York Film Critics Circle","Critics","USA","2017","Best Film","2018-01-03","Lady Bird","https://en.wikipedia.org/wiki/2017_New_York_Film_Critics_Circle_Awards"
"New York Film Critics Circle","Critics","USA","2018","Best Film","2019-01-07","Roma","https://en.wikipedia.org/wiki/2018_New_York_Film_Critics_Circle_Awards"
"New York Film Critics Circle","Critics","USA","2019","Best Film","2019-12-04","The Irishman","https://en.wikipedia.org/wiki/2019_New_York_Film_Critics_Circle_Awards"
"New York Film Critics Circle","Critics","USA","2020","Best Film","2020-01-07","The Irishman","https://en.wikipedia.org/wiki/2019_New_York_Film_Critics_Circle_Awards"
"New York Film Critics Circle","Critics","USA","2021","Best Film","2022-03-16","Drive My Car","https://en.wikipedia.org/wiki/2021_New_York_Film_Critics_Circle_Awards"
"New York Film Critics Circle","Critics","USA","2022","Best Film","March 16, 2022","Drive My Car","https://en.wikipedia.org/wiki/2021_New_York_Film_Critics_Circle_Awards"
"New York Film Critics Circle","Critics","USA","2023","Best Film","January 4, 2023","Tár","https://en.wikipedia.org/wiki/2022_New_York_Film_Critics_Circle_Awards"
"New York Film Critics Circle","Critics","USA","2024","Best Film","2024-01-03","Killers of the Flower Moon","https://en.wikipedia.org/wiki/2023_New_York_Film_Critics_Circle_Awards"
"New York Film Critics Circle","Critics","USA","2025","Best Film","2025-01-08","The Brutalist","https://en.wikipedia.org/wiki/2024_New_York_Film_Critics_Circle_Awards"
"New York Film Critics Circle","Critics","USA","2026","Best Film","2026-01-06","One Battle After Another","https://www.goldderby.com/film/2026/new-york-film-critics-circle-awards-ceremony-2026-best-moments/"
"New York Film Critics Circle","Critics","USA","2000","Best Director","2001-01-14","Steven Soderbergh","https://en.wikipedia.org/wiki/2000_New_York_Film_Critics_Circle_Awards"
"New York Film Critics Circle","Critics","USA","2001","Best Director","2002-01-06","Robert Altman","https://en.wikipedia.org/wiki/2001_New_York_Film_Critics_Circle_Awards"
"New York Film Critics Circle","Critics","USA","2002","Best Director","2002-01-06","Robert Altman","https://en.wikipedia.org/wiki/2001_New_York_Film_Critics_Circle_Awards"
"New York Film Critics Circle","Critics","USA","2003","Best Director","2004-01-11","Sofia Coppola","https://en.wikipedia.org/wiki/2003_New_York_Film_Critics_Circle_Awards"
"New York Film Critics Circle","Critics","USA","2004","Best Director","January 11, 2004","Sofia Coppola","https://en.wikipedia.org/wiki/2003_New_York_Film_Critics_Circle_Awards"
"New York Film Critics Circle","Critics","USA","2005","Best Director","2006-01-08","Ang Lee","https://www.nyfcc.com/awards/?awardyear=2005"
"New York Film Critics Circle","Critics","USA","2006","Best Director","2007-01-07","Martin Scorsese (The Departed)","https://en.wikipedia.org/wiki/2006_New_York_Film_Critics_Circle_Awards"
"New York Film Critics Circle","Critics","USA","2007","Best Director","2008-01-06","Joel Coen and Ethan Coen","https://en.wikipedia.org/wiki/2007_New_York_Film_Critics_Circle_Awards"
"New York Film Critics Circle","Critics","USA","2008","Best Director","2008-01-06","Joel Coen and Ethan Coen","https://en.wikipedia.org/wiki/2007_New_York_Film_Critics_Circle_Awards"
"New York Film Critics Circle","Critics","USA","2009","Best Director","2009-01-05","Mike Leigh","https://en.wikipedia.org/wiki/2008_New_York_Film_Critics_Circle_Awards"
"New York Film Critics Circle","Critics","USA","2010","Best Director","January 11, 2010","Kathryn Bigelow","https://en.wikipedia.org/wiki/2009_New_York_Film_Critics_Circle_Awards"
"New York Film Critics Circle","Critics","USA","2011","Best Director","2012-01-09","Michel Hazanavicius","https://en.wikipedia.org/wiki/2011_New_York_Film_Critics_Circle_Awards"
"New York Film Critics Circle","Critics","USA","2012","Best Director","2013-01-07","Kathryn Bigelow","https://en.wikipedia.org/wiki/2012_New_York_Film_Critics_Circle_Awards"
"New York Film Critics Circle","Critics","USA","2013","Best Director","2014-01-06","Steve McQueen","https://en.wikipedia.org/wiki/2013_New_York_Film_Critics_Circle_Awards"
"New York Film Critics Circle","Critics","USA","2014","Best Director","2015-01-05","Richard Linklater","https://en.wikipedia.org/wiki/2014_New_York_Film_Critics_Circle_Awards"
"New York Film Critics Circle","Critics","USA","2015","Best Director","2016-01-04","Todd Haynes","https://deadline.com/2015/12/new-york-film-critics-circle-winners-2015-1201648430/"
"New York Film Critics Circle","Critics","USA","2016","Best Director","2017-01-03","Barry Jenkins","https://en.wikipedia.org/wiki/2016_New_York_Film_Critics_Circle_Awards"
"New York Film Critics Circle","Critics","USA","2017","Best Director","2018-01-03","Sean Baker","https://en.wikipedia.org/wiki/2017_New_York_Film_Critics_Circle_Awards"
"New York Film Critics Circle","Critics","USA","2018","Best Director","2019-01-07","Alfonso Cuarón","https://www.hollywoodreporter.com/news/general-news/2018-ny-film-critics-circle-award-winners-list-full-1164782/"
"New York Film Critics Circle","Critics","USA","2019","Best Director","2019-01-07","Alfonso Cuarón","https://en.wikipedia.org/wiki/New_York_Film_Critics_Circle"
"New York Film Critics Circle","Critics","USA","2020","Best Director","2020-12-18","Chloé Zhao","https://www.nyfcc.com/awards/past-awards/?awardyear=2020"
"New York Film Critics Circle","Critics","USA","2021","Best Director","January 24, 2021","Chloé Zhao","https://en.wikipedia.org/wiki/2020_New_York_Film_Critics_Circle_Awards"
"New York Film Critics Circle","Critics","USA","2022","Best Director","March 16, 2022","Jane Campion","https://en.wikipedia.org/wiki/2021_New_York_Film_Critics_Circle_Awards"
"New York Film Critics Circle","Critics","USA","2023","Best Director","2023-01-04","S. S. Rajamouli","https://en.wikipedia.org/wiki/2022_New_York_Film_Critics_Circle_Awards"
"New York Film Critics Circle","Critics","USA","2024","Best Director","2024-12-03","RaMell Ross","https://www.nyfcc.com/awards/"
"New York Film Critics Circle","Critics","USA","2025","Best Director","2025-12-02","Jafar Panahi (It Was Just an Accident)","https://variety.com/2025/film/awards/new-york-film-critics-winners-2025-1236596995/"
"New York Film Critics Circle","Critics","USA","2026","Best Director","2026-01-06","Jafar Panahi (It Was Just an Accident)","https://nextbestpicture.com/the-2025-new-york-film-critics-circle-nyfcc-winners/"
"New York Film Critics Circle","Critics","USA","2000","Best Actor","2000-01-09","Richard Farnsworth","https://en.wikipedia.org/wiki/1999_New_York_Film_Critics_Circle_Awards"
"New York Film Critics Circle","Critics","USA","2001","Best Actor","2001-01-14","Tom Hanks","https://en.wikipedia.org/wiki/2000_New_York_Film_Critics_Circle_Awards"
"New York Film Critics Circle","Critics","USA","2002","Best Actor","2002-01-06","Tom Wilkinson","https://en.wikipedia.org/wiki/2001_New_York_Film_Critics_Circle_Awards"
"New York Film Critics Circle","Critics","USA","2003","Best Actor","2004-01-11","Bill Murray","https://en.wikipedia.org/wiki/2003_New_York_Film_Critics_Circle_Awards"
"New York Film Critics Circle","Critics","USA","2004","Best Actor","2004-01-04","Bill Murray","https://www.imdb.com/event/ev0000484/2003/1/"
"New York Film Critics Circle","Critics","USA","2005","Best Actor","2006-01-08","Heath Ledger","https://en.wikipedia.org/wiki/2005_New_York_Film_Critics_Circle_Awards"
"New York Film Critics Circle","Critics","USA","2006","Best Actor","2007-01-07","Forest Whitaker","https://en.wikipedia.org/wiki/2006_New_York_Film_Critics_Circle_Awards"
"New York Film Critics Circle","Critics","USA","2007","Best Actor","2007-01-07","Forest Whitaker","https://en.wikipedia.org/wiki/2006_New_York_Film_Critics_Circle_Awards"
"New York Film Critics Circle","Critics","USA","2008","Best Actor","2009-01-05","Sean Penn","https://en.wikipedia.org/wiki/2008_New_York_Film_Critics_Circle_Awards"
"New York Film Critics Circle","Critics","USA","2009","Best Actor","2009-01-05","Sean Penn","https://en.wikipedia.org/wiki/2008_New_York_Film_Critics_Circle_Awards"
"New York Film Critics Circle","Critics","USA","2010","Best Actor","2011-01-10","Colin Firth","https://en.wikipedia.org/wiki/2010_New_York_Film_Critics_Circle_Awards"
"New York Film Critics Circle","Critics","USA","2011","Best Actor","2012-01-09","Brad Pitt","https://en.wikipedia.org/wiki/2011_New_York_Film_Critics_Circle_Awards"
"New York Film Critics Circle","Critics","USA","2012","Best Actor","2013-01-07","Daniel Day-Lewis","https://en.wikipedia.org/wiki/2012_New_York_Film_Critics_Circle_Awards"
"New York Film Critics Circle","Critics","USA","2013","Best Actor","2014-01-06","Robert Redford","https://en.wikipedia.org/wiki/2013_New_York_Film_Critics_Circle_Awards"
"New York Film Critics Circle","Critics","USA","2014","Best Actor","2014-01-06","Robert Redford","https://en.wikipedia.org/wiki/2013_New_York_Film_Critics_Circle_Awards"
"New York Film Critics Circle","Critics","USA","2015","Best Actor","2016-01-04","Michael Keaton","https://www.hollywoodreporter.com/news/general-news/2015-new-york-film-critics-845071/"
"New York Film Critics Circle","Critics","USA","2016","Best Actor","December 1, 2016","Casey Affleck","https://variety.com/2016/film/awards/new-york-film-critics-circle-awards-winners-2016-1201931119/"
"New York Film Critics Circle","Critics","USA","2017","Best Actor","2018-01-03","Timothée Chalamet","https://en.wikipedia.org/wiki/2017_New_York_Film_Critics_Circle_Awards"
"New York Film Critics Circle","Critics","USA","2018","Best Actor","2019-01-07","Ethan Hawke","https://variety.com/2018/film/awards/new-york-film-critics-circle-awards-2018-1203040532/"
"New York Film Critics Circle","Critics","USA","2019","Best Actor","2020-01-07","Antonio Banderas","https://deadline.com/2019/12/new-york-film-critics-circle-awards-2019-winners-list-nyfcc-movies-1202800026/"
"New York Film Critics Circle","Critics","USA","2020","Best Actor","2021-01-24","Delroy Lindo","https://en.wikipedia.org/wiki/2020_New_York_Film_Critics_Circle_Awards"
"New York Film Critics Circle","Critics","USA","2021","Best Actor","2021-01-24","Delroy Lindo","https://en.wikipedia.org/wiki/2020_New_York_Film_Critics_Circle_Awards"
"New York Film Critics Circle","Critics","USA","2022","Best Actor","2022-03-16","Benedict Cumberbatch","https://en.wikipedia.org/wiki/2021_New_York_Film_Critics_Circle_Awards"
"New York Film Critics Circle","Critics","USA","2023","Best Actor","2024-01-03","Franz Rogowski","https://en.wikipedia.org/wiki/2023_New_York_Film_Critics_Circle_Awards"
"New York Film Critics Circle","Critics","USA","2024","Best Actor","2024-01-03","Franz Rogowski","https://en.wikipedia.org/wiki/2023_New_York_Film_Critics_Circle_Awards"
"New York Film Critics Circle","Critics","USA","2025","Best Actor","2025-01-08","Adrien Brody","https://en.wikipedia.org/wiki/2024_New_York_Film_Critics_Circle_Awards"
"New York Film Critics Circle","Critics","USA","2026","Best Actor","2026-01-06","Wagner Moura","https://variety.com/2026/film/news/nyfcc-awards-netflix-warner-bros-deal-concerns-kpop-demon-hunters-sequel-status-1236625085/"
"New York Film Critics Circle","Critics","USA","2000","Best Actress","2000-01-09","Hilary Swank","https://www.gettyimages.com/detail/news-photo/new-york-ny-hilary-swank-at-the-65th-annual-new-york-film-news-photo/860213"
"New York Film Critics Circle","Critics","USA","2001","Best Actress","2002-01-06","Sissy Spacek","https://www.nytimes.com/2001/12/14/movies/critics-group-names-mulholland-best-film.html"
"New York Film Critics Circle","Critics","USA","2002","Best Actress","2002-01-06","Sissy Spacek","https://en.wikipedia.org/wiki/2001_New_York_Film_Critics_Circle_Awards"
"New York Film Critics Circle","Critics","USA","2003","Best Actress","2004-01-11","Hope Davis","https://en.wikipedia.org/wiki/2003_New_York_Film_Critics_Circle_Awards"
"New York Film Critics Circle","Critics","USA","2004","Best Actress","2005-01-09","Imelda Staunton","https://en.wikipedia.org/wiki/2004_New_York_Film_Critics_Circle_Awards"
"New York Film Critics Circle","Critics","USA","2005","Best Actress","2005-01-09","Imelda Staunton","https://en.wikipedia.org/wiki/70th_New_York_Film_Critics_Circle_Awards"
"New York Film Critics Circle","Critics","USA","2006","Best Actress","2006-01-08","Reese Witherspoon","https://en.wikipedia.org/wiki/2005_New_York_Film_Critics_Circle_Awards"
"New York Film Critics Circle","Critics","USA","2007","Best Actress","January 6, 2008","Julie Christie","https://en.wikipedia.org/wiki/2007_New_York_Film_Critics_Circle_Awards"
"New York Film Critics Circle","Critics","USA","2008","Best Actress","2009-01-05","Sally Hawkins","https://en.wikipedia.org/wiki/2008_New_York_Film_Critics_Circle_Awards"
"New York Film Critics Circle","Critics","USA","2009","Best Actress","2009-12-14","Meryl Streep","https://en.wikipedia.org/wiki/2009_New_York_Film_Critics_Circle_Awards"
"New York Film Critics Circle","Critics","USA","2010","Best Actress","January 11, 2010","Meryl Streep (for Julie & Julia)","https://en.wikipedia.org/wiki/2009_New_York_Film_Critics_Circle_Awards"
"New York Film Critics Circle","Critics","USA","2011","Best Actress","2012-01-09","Meryl Streep","https://en.wikipedia.org/wiki/2011_New_York_Film_Critics_Circle_Awards"
"New York Film Critics Circle","Critics","USA","2012","Best Actress","2013-01-07","Rachel Weisz","https://en.wikipedia.org/wiki/2012_New_York_Film_Critics_Circle_Awards"
"New York Film Critics Circle","Critics","USA","2013","Best Actress","2014-01-06","Cate Blanchett","https://www.nyfcc.com/2013/12/2013-award-winners/"
"New York Film Critics Circle","Critics","USA","2014","Best Actress","2014-01-06","Cate Blanchett","https://en.wikipedia.org/wiki/2013_New_York_Film_Critics_Circle_Awards"
"New York Film Critics Circle","Critics","USA","2015","Best Actress","2016-01-04","Saoirse Ronan","https://en.wikipedia.org/wiki/2015_New_York_Film_Critics_Circle_Awards"
"New York Film Critics Circle","Critics","USA","2016","Best Actress","2017-01-03","Isabelle Huppert","https://en.wikipedia.org/wiki/2016_New_York_Film_Critics_Circle_Awards"
"New York Film Critics Circle","Critics","USA","2017","Best Actress","2018-01-03","Saoirse Ronan","https://en.wikipedia.org/wiki/2017_New_York_Film_Critics_Circle_Awards"
"New York Film Critics Circle","Critics","USA","2018","Best Actress","2019-01-07","Regina Hall","https://en.wikipedia.org/wiki/2018_New_York_Film_Critics_Circle_Awards"
"New York Film Critics Circle","Critics","USA","2019","Best Actress","2019-01-07","Regina Hall","https://www.nyfcc.com/awards/"
"New York Film Critics Circle","Critics","USA","2020","Best Actress","2020-12-18","Sidney Flanigan","https://en.wikipedia.org/wiki/2020_New_York_Film_Critics_Circle_Awards"
"New York Film Critics Circle","Critics","USA","2021","Best Actress","2021-12-03","Lady Gaga","https://www.nyfcc.com/awards/"
"New York Film Critics Circle","Critics","USA","2022","Best Actress","2022-03-16","Lady Gaga","https://en.wikipedia.org/wiki/2021_New_York_Film_Critics_Circle_Awards"
"New York Film Critics Circle","Critics","USA","2023","Best Actress","2024-01-03","Lily Gladstone","https://en.wikipedia.org/wiki/2023_New_York_Film_Critics_Circle_Awards"
"New York Film Critics Circle","Critics","USA","2024","Best Actress","2024-01-03","Lily Gladstone","https://en.wikipedia.org/wiki/2023_New_York_Film_Critics_Circle_Awards"
"New York Film Critics Circle","Critics","USA","2025","Best Actress","2025-01-08","Marianne Jean-Baptiste","https://en.wikipedia.org/wiki/2024_New_York_Film_Critics_Circle_Awards"
"New York Film Critics Circle","Critics","USA","2026","Best Actress","2026-01-06","Rose Byrne","https://variety.com/2026/film/news/nyfcc-awards-netflix-warmner-bros-deal-concerns-kpop-demon-hunters-sequel-status-1236625085/"
"New York Film Critics Circle","Critics","USA","2000","Best Supporting Actor","January 9, 2000","John Malkovich","https://en.wikipedia.org/wiki/1999_New_York_Film_Critics_Circle_Awards"
"New York Film Critics Circle","Critics","USA","2001","Best Supporting Actor","January 14, 2001","Benicio del Toro","https://en.wikipedia.org/wiki/2000_New_York_Film_Critics_Circle_Awards"
"New York Film Critics Circle","Critics","USA","2002","Best Supporting Actor","2002-01-06","Steve Buscemi","https://en.wikipedia.org/wiki/2001_New_York_Film_Critics_Circle_Awards"
"New York Film Critics Circle","Critics","USA","2003","Best Supporting Actor","January 12, 2003","Dennis Quaid","https://en.wikipedia.org/wiki/2002_New_York_Film_Critics_Circle_Awards"
"New York Film Critics Circle","Critics","USA","2004","Best Supporting Actor","2005-01-09","Clive Owen","https://en.wikipedia.org/wiki/2004_New_York_Film_Critics_Circle_Awards"
"New York Film Critics Circle","Critics","USA","2005","Best Supporting Actor","2005-01-09","Clive Owen","https://en.wikipedia.org/wiki/2004_New_York_Film_Critics_Circle_Awards"
"New York Film Critics Circle","Critics","USA","2006","Best Supporting Actor","2006-01-08","William Hurt","https://en.wikipedia.org/wiki/2005_New_York_Film_Critics_Circle_Awards"
"New York Film Critics Circle","Critics","USA","2007","Best Supporting Actor","2008-01-06","Javier Bardem","https://en.wikipedia.org/wiki/2007_New_York_Film_Critics_Circle_Awards"
"New York Film Critics Circle","Critics","USA","2008","Best Supporting Actor","2009-01-05","Josh Brolin","https://en.wikipedia.org/wiki/2008_New_York_Film_Critics_Circle_Awards"
"New York Film Critics Circle","Critics","USA","2009","Best Supporting Actor","2009-01-05","Josh Brolin","https://en.wikipedia.org/wiki/2008_New_York_Film_Critics_Circle_Awards"
"New York Film Critics Circle","Critics","USA","2010","Best Supporting Actor","2011-01-10","Mark Ruffalo","https://en.wikipedia.org/wiki/2010_New_York_Film_Critics_Circle_Awards"
"New York Film Critics Circle","Critics","USA","2011","Best Supporting Actor","January 10, 2011","Mark Ruffalo","https://www.nyfcc.com/awards/"
"New York Film Critics Circle","Critics","USA","2012","Best Supporting Actor","2013-01-07","Matthew McConaughey","https://en.wikipedia.org/wiki/2012_New_York_Film_Critics_Circle_Awards"
"New York Film Critics Circle","Critics","USA","2013","Best Supporting Actor","2013-12-03","Jared Leto","https://www.nyfcc.com/2013/12/2013-award-winners/"
"New York Film Critics Circle","Critics","USA","2014","Best Supporting Actor","2014-01-06","Jared Leto","https://variety.com/2014/film/awards/12-years-a-slave-director-steve-mcqueen-heckled-at-new-york-critics-circle-awards-1201032911/"
"New York Film Critics Circle","Critics","USA","2015","Best Supporting Actor","2016-01-04","Mark Rylance","https://en.wikipedia.org/wiki/2015_New_York_Film_Critics_Circle_Awards"
"New York Film Critics Circle","Critics","USA","2016","Best Supporting Actor","2017-01-03","Mahershala Ali","https://variety.com/2016/film/awards/new-york-film-critics-circle-awards-winners-2016-1201931119/"
"New York Film Critics Circle","Critics","USA","2017","Best Supporting Actor","2017-01-03","Mahershala Ali","https://en.wikipedia.org/wiki/2016_New_York_Film_Critics_Circle_Awards"
"New York Film Critics Circle","Critics","USA","2018","Best Supporting Actor","2018-01-03","Willem Dafoe","https://en.wikipedia.org/wiki/2017_New_York_Film_Critics_Circle_Awards"
"New York Film Critics Circle","Critics","USA","2019","Best Supporting Actor","2020-01-07","Joe Pesci","https://variety.com/2019/film/awards/new-york-film-critics-circle-awards-2019-1203424281/"
"New York Film Critics Circle","Critics","USA","2020","Best Supporting Actor","2020-12-18","Chadwick Boseman","https://variety.com/2020/film/awards/new-york-film-critics-circle-winners-2020-1234866232/"
"New York Film Critics Circle","Critics","USA","2021","Best Supporting Actor","December 3, 2021","Kodi Smit-McPhee","https://en.wikipedia.org/wiki/2021_New_York_Film_Critics_Circle_Awards"
"New York Film Critics Circle","Critics","USA","2022","Best Supporting Actor","2022-12-02","Ke Huy Quan","https://www.nyfcc.com/awards/"
"New York Film Critics Circle","Critics","USA","2023","Best Supporting Actor","2023-01-04","Ke Huy Quan","https://en.wikipedia.org/wiki/2022_New_York_Film_Critics_Circle_Awards"
"New York Film Critics Circle","Critics","USA","2024","Best Supporting Actor","2024-01-03","Charles Melton","https://en.wikipedia.org/wiki/2023_New_York_Film_Critics_Circle_Awards"
"New York Film Critics Circle","Critics","USA","2025","Best Supporting Actor","December 2, 2025","Benicio del Toro","https://www.nyfcc.com/awards/"
"New York Film Critics Circle","Critics","USA","2026","Best Supporting Actor","2026-01-06","Benicio del Toro","https://en.wikipedia.org/wiki/2025_New_York_Film_Critics_Circle_Awards"
"New York Film Critics Circle","Critics","USA","2000","Best Supporting Actress","2000-01-09","Catherine Keener","https://en.wikipedia.org/wiki/1999_New_York_Film_Critics_Circle_Awards"
"New York Film Critics Circle","Critics","USA","2001","Best Supporting Actress","2002-01-06","Helen Mirren","https://en.wikipedia.org/wiki/2001_New_York_Film_Critics_Circle_Awards"
"New York Film Critics Circle","Critics","USA","2002","Best Supporting Actress","2002-01-06","Helen Mirren","https://en.wikipedia.org/wiki/2001_New_York_Film_Critics_Circle_Awards"
"New York Film Critics Circle","Critics","USA","2003","Best Supporting Actress","2004-01-11","Shohreh Aghdashloo","https://www.nyfcc.com/awards/"
"New York Film Critics Circle","Critics","USA","2004","Best Supporting Actress","2005-01-09","Virginia Madsen","https://en.wikipedia.org/wiki/2004_New_York_Film_Critics_Circle_Awards"
"New York Film Critics Circle","Critics","USA","2005","Best Supporting Actress","2005-01-09","Virginia Madsen","https://en.wikipedia.org/wiki/2004_New_York_Film_Critics_Circle_Awards"
"New York Film Critics Circle","Critics","USA","2006","Best Supporting Actress","January 8, 2006","Maria Bello","https://en.wikipedia.org/wiki/2005_New_York_Film_Critics_Circle_Awards"
"New York Film Critics Circle","Critics","USA","2007","Best Supporting Actress","2008-01-06","Amy Ryan","https://www.comingsoon.net/movies/news/521731-2008_awards_season_calender"
"New York Film Critics Circle","Critics","USA","2008","Best Supporting Actress","2009-01-05","Penélope Cruz","https://en.wikipedia.org/wiki/2008_New_York_Film_Critics_Circle_Awards"
"New York Film Critics Circle","Critics","USA","2009","Best Supporting Actress","2010-01-11","Mo'Nique","https://en.wikipedia.org/wiki/2009_New_York_Film_Critics_Circle_Awards"
"New York Film Critics Circle","Critics","USA","2010","Best Supporting Actress","2011-01-10","Melissa Leo","https://en.wikipedia.org/wiki/2010_New_York_Film_Critics_Circle_Awards"
"New York Film Critics Circle","Critics","USA","2011","Best Supporting Actress","2011-01-10","Melissa Leo","https://en.wikipedia.org/wiki/2010_New_York_Film_Critics_Circle_Awards"
"New York Film Critics Circle","Critics","USA","2012","Best Supporting Actress","2013-01-07","Sally Field","https://en.wikipedia.org/wiki/2012_New_York_Film_Critics_Circle_Awards"
"New York Film Critics Circle","Critics","USA","2013","Best Supporting Actress","2014-01-06","Jennifer Lawrence","https://en.wikipedia.org/wiki/2013_New_York_Film_Critics_Circle_Awards"
"New York Film Critics Circle","Critics","USA","2014","Best Supporting Actress","2014-01-06","Jennifer Lawrence","https://en.wikipedia.org/wiki/2013_New_York_Film_Critics_Circle_Awards"
"New York Film Critics Circle","Critics","USA","2015","Best Supporting Actress","2015-01-05","Patricia Arquette","https://en.wikipedia.org/wiki/2014_New_York_Film_Critics_Circle_Awards"
"New York Film Critics Circle","Critics","USA","2016","Best Supporting Actress","2016-12-01","Michelle Williams","https://variety.com/2016/film/awards/new-york-film-critics-circle-awards-winners-2016-1201931119/"
"New York Film Critics Circle","Critics","USA","2017","Best Supporting Actress","2018-01-03","Tiffany Haddish","https://en.wikipedia.org/wiki/2017_New_York_Film_Critics_Circle_Awards"
"New York Film Critics Circle","Critics","USA","2018","Best Supporting Actress","2019-01-07","Regina King","https://www.nyfcc.com/awards/"
"New York Film Critics Circle","Critics","USA","2019","Best Supporting Actress","2019-12-04","Laura Dern","https://deadline.com/2019/12/new-york-film-critics-circle-awards-2019-winners-list-nyfcc-movies-1202800026/"
"New York Film Critics Circle","Critics","USA","2020","Best Supporting Actress","2020-12-18","Maria Bakalova","https://en.wikipedia.org/wiki/2020_New_York_Film_Critics_Circle_Awards"
"New York Film Critics Circle","Critics","USA","2021","Best Supporting Actress","2021-12-03","Kathryn Hunter","https://deadline.com/2021/12/new-york-film-critics-circle-awards-winners-2021-nyfcc-1234883931/"
"New York Film Critics Circle","Critics","USA","2022","Best Supporting Actress","January 4, 2023","Keke Palmer (Nope)","https://en.wikipedia.org/wiki/2022_New_York_Film_Critics_Circle_Awards"
"New York Film Critics Circle","Critics","USA","2023","Best Supporting Actress","2023-01-04","Keke Palmer","https://en.wikipedia.org/wiki/2022_New_York_Film_Critics_Circle_Awards"
"New York Film Critics Circle","Critics","USA","2024","Best Supporting Actress","2024-01-03","Da'Vine Joy Randolph","https://www.nyfcc.com/archive/"
"New York Film Critics Circle","Critics","USA","2025","Best Supporting Actress","2025-01-08","Carol Kane","https://en.wikipedia.org/wiki/2024_New_York_Film_Critics_Circle_Awards"
"New York Film Critics Circle","Critics","USA","2026","Best Supporting Actress","2026-01-06","Amy Madigan","https://www.nyfcc.com/awards/"
"New York Film Critics Circle","Critics","USA","2000","Best Cinematography","2000-01-09","Freddie Francis","https://en.wikipedia.org/wiki/1999_New_York_Film_Critics_Circle_Awards"
"New York Film Critics Circle","Critics","USA","2001","Best Cinematography","2001-01-14","Peter Pau","https://en.wikipedia.org/wiki/New_York_Film_Critics_Circle_Award_for_Best_Cinematographer"
"New York Film Critics Circle","Critics","USA","2002","Best Cinematography","2002-01-06","Christopher Doyle and Pin Bing Lee (In the Mood for Love)","https://www.nyfcc.com/awards/?awardyear=2001"
"New York Film Critics Circle","Critics","USA","2003","Best Cinematography","2004-01-11","Harris Savides (Elephant and Gerry)","https://en.wikipedia.org/wiki/2003_New_York_Film_Critics_Circle_Awards"
"New York Film Critics Circle","Critics","USA","2004","Best Cinematography","2004-01-11","Harris Savides","https://en.wikipedia.org/wiki/2003_New_York_Film_Critics_Circle_Awards"
"New York Film Critics Circle","Critics","USA","2005","Best Cinematography","January 9, 2005","Christopher Doyle","https://en.wikipedia.org/wiki/2004_New_York_Film_Critics_Circle_Awards"
"New York Film Critics Circle","Critics","USA","2006","Best Cinematography","2007-01-07","Guillermo Navarro (Pan's Labyrinth)","https://en.wikipedia.org/wiki/2006_New_York_Film_Critics_Circle_Awards"
"New York Film Critics Circle","Critics","USA","2007","Best Cinematography","2007-01-07","Guillermo Navarro","https://en.wikipedia.org/wiki/2006_New_York_Film_Critics_Circle_Awards"
"New York Film Critics Circle","Critics","USA","2008","Best Cinematography","2008-01-06","Robert Elswit","https://en.wikipedia.org/wiki/2007_New_York_Film_Critics_Circle_Awards"
"New York Film Critics Circle","Critics","USA","2009","Best Cinematography","January 11, 2010","Christian Berger","https://en.wikipedia.org/wiki/2009_New_York_Film_Critics_Circle_Awards"
"New York Film Critics Circle","Critics","USA","2010","Best Cinematography","2010-12-12","Matthew Libatique (Black Swan)","https://en.wikipedia.org/wiki/2010_New_York_Film_Critics_Circle_Awards"
"New York Film Critics Circle","Critics","USA","2011","Best Cinematography","January 10, 2011","Matthew Libatique (for Black Swan)","https://www.imdb.com/event/ev0000484/2010/1/"
"New York Film Critics Circle","Critics","USA","2012","Best Cinematography","2013-01-07","Greig Fraser (Zero Dark Thirty)","https://en.wikipedia.org/wiki/2012_New_York_Film_Critics_Circle_Awards"
"New York Film Critics Circle","Critics","USA","2013","Best Cinematography","2014-01-06","Bruno Delbonnel (Inside Llewyn Davis)","https://www.nyfcc.com/2013-award-winners/"
"New York Film Critics Circle","Critics","USA","2014","Best Cinematography","2014-01-06","Bruno Delbonnel (Inside Llewyn Davis)","https://en.wikipedia.org/wiki/2013_New_York_Film_Critics_Circle_Awards"
"New York Film Critics Circle","Critics","USA","2015","Best Cinematography","2015-01-05","Darius Khondji","https://en.wikipedia.org/wiki/2014_New_York_Film_Critics_Circle_Awards"
"New York Film Critics Circle","Critics","USA","2016","Best Cinematography","2017-01-03","James Laxton (Moonlight)","https://en.wikipedia.org/wiki/2016_New_York_Film_Critics_Circle_Awards"
"New York Film Critics Circle","Critics","USA","2017","Best Cinematography","2018-01-03","Rachel Morrison","https://en.wikipedia.org/wiki/2017_New_York_Film_Critics_Circle_Awards"
"New York Film Critics Circle","Critics","USA","2018","Best Cinematography","2018-01-03","Rachel Morrison (Mudbound)","https://en.wikipedia.org/wiki/2017_New_York_Film_Critics_Circle_Awards"
"New York Film Critics Circle","Critics","USA","2019","Best Cinematography","2019-01-07","Alfonso Cuarón","https://www.nyfcc.com/awards/2018-awards/"
"New York Film Critics Circle","Critics","USA","2020","Best Cinematography","2021-01-24","Shabier Kirchner (Small Axe)","https://www.nyfcc.com/awards/2020-awards/"
"New York Film Critics Circle","Critics","USA","2021","Best Cinematography","2022-03-16","Janusz Kamiński (West Side Story)","https://en.wikipedia.org/wiki/2021_New_York_Film_Critics_Circle_Awards"
"New York Film Critics Circle","Critics","USA","2022","Best Cinematography","2023-01-04","Claudio Miranda (Top Gun: Maverick)","https://en.wikipedia.org/wiki/2022_New_York_Film_Critics_Circle_Awards"
"New York Film Critics Circle","Critics","USA","2023","Best Cinematography","January 3, 2024","Hoyte van Hoytema (Oppenheimer)","https://en.wikipedia.org/wiki/2023_New_York_Film_Critics_Circle_Awards"
"New York Film Critics Circle","Critics","USA","2024","Best Cinematography","2024-01-03","Hoyte van Hoytema","https://www.nyfcc.com/awards/"
"New York Film Critics Circle","Critics","USA","2025","Best Cinematography","January 8, 2025","Jomo Fray (Nickel Boys)","https://en.wikipedia.org/wiki/2024_New_York_Film_Critics_Circle_Awards"
"New York Film Critics Circle","Critics","USA","2026","Best Cinematography","2026-01-06","Autumn Durald Arkapaw","https://britishcinematographer.co.uk/autumn-arkapaw-durald-best-cinematography-new-york-film-critics-circle-awards/"
"New York Film Critics Circle","Critics","USA","2000","Best Screenplay","2001-01-14","Kenneth Lonergan (You Can Count on Me)","https://en.wikipedia.org/wiki/2000_New_York_Film_Critics_Circle_Awards"
"New York Film Critics Circle","Critics","USA","2001","Best Screenplay","2002-01-06","Julian Fellowes (Gosford Park)","https://en.wikipedia.org/wiki/2001_New_York_Film_Critics_Circle_Awards"
"New York Film Critics Circle","Critics","USA","2002","Best Screenplay","2002-01-06","Julian Fellowes (Gosford Park)","https://en.wikipedia.org/wiki/2001_New_York_Film_Critics_Circle_Awards"
"New York Film Critics Circle","Critics","USA","2003","Best Screenplay","2004-01-11","Craig Lucas (The Secret Lives of Dentists)","https://en.wikipedia.org/wiki/2003_New_York_Film_Critics_Circle_Awards"
"New York Film Critics Circle","Critics","USA","2004","Best Screenplay","2005-01-09","Alexander Payne and Jim Taylor (Sideways)","https://en.wikipedia.org/wiki/2004_New_York_Film_Critics_Circle_Awards"
"New York Film Critics Circle","Critics","USA","2005","Best Screenplay","2006-01-08","Noah Baumbach (The Squid and the Whale)","https://en.wikipedia.org/wiki/2005_New_York_Film_Critics_Circle_Awards"
"New York Film Critics Circle","Critics","USA","2006","Best Screenplay","2007-01-07","Peter Morgan (The Queen)","https://en.wikipedia.org/wiki/2006_New_York_Film_Critics_Circle_Awards"
"New York Film Critics Circle","Critics","USA","2007","Best Screenplay","2007-01-07","Peter Morgan","https://en.wikipedia.org/wiki/2006_New_York_Film_Critics_Circle_Awards"
"New York Film Critics Circle","Critics","USA","2008","Best Screenplay","2009-01-05","Jenny Lumet (Rachel Getting Married)","https://en.wikipedia.org/wiki/2008_New_York_Film_Critics_Circle_Awards"
"New York Film Critics Circle","Critics","USA","2009","Best Screenplay","2009-01-05","Jenny Lumet","https://en.wikipedia.org/wiki/2008_New_York_Film_Critics_Circle_Awards"
"New York Film Critics Circle","Critics","USA","2010","Best Screenplay","2011-01-10","Stuart Blumberg and Lisa Cholodenko for 'The Kids Are All Right'","https://en.wikipedia.org/wiki/2010_New_York_Film_Critics_Circle_Awards"
"New York Film Critics Circle","Critics","USA","2011","Best Screenplay","January 9, 2012","Steven Zaillian and Aaron Sorkin (Moneyball)","https://en.wikipedia.org/wiki/2011_New_York_Film_Critics_Circle_Awards"
"New York Film Critics Circle","Critics","USA","2012","Best Screenplay","2013-01-07","Tony Kushner (Lincoln)","https://en.wikipedia.org/wiki/2012_New_York_Film_Critics_Circle_Awards"
"New York Film Critics Circle","Critics","USA","2013","Best Screenplay","2013-01-07","Tony Kushner (Lincoln)","https://en.wikipedia.org/wiki/2012_New_York_Film_Critics_Circle_Awards"
"New York Film Critics Circle","Critics","USA","2014","Best Screenplay","2015-01-05","Wes Anderson (The Grand Budapest Hotel)","https://en.wikipedia.org/wiki/2014_New_York_Film_Critics_Circle_Awards"
"New York Film Critics Circle","Critics","USA","2015","Best Screenplay","2015-01-05","Wes Anderson (The Grand Budapest Hotel)","https://en.wikipedia.org/wiki/2014_New_York_Film_Critics_Circle_Awards"
"New York Film Critics Circle","Critics","USA","2016","Best Screenplay","2016-01-04","Phyllis Nagy (Carol)","https://en.wikipedia.org/wiki/2015_New_York_Film_Critics_Circle_Awards"
"New York Film Critics Circle","Critics","USA","2017","Best Screenplay","2018-01-03","Paul Thomas Anderson","https://en.wikipedia.org/wiki/2017_New_York_Film_Critics_Circle_Awards"
"New York Film Critics Circle","Critics","USA","2018","Best Screenplay","2018-11-29","Paul Schrader (First Reformed)","https://deadline.com/2018/11/new-york-film-critics-circle-2018-winners-1202510938/"
"New York Film Critics Circle","Critics","USA","2019","Best Screenplay","2019-01-07","Paul Schrader (First Reformed)","https://en.wikipedia.org/wiki/2018_New_York_Film_Critics_Circle_Awards"
"New York Film Critics Circle","Critics","USA","2020","Best Screenplay","2021-01-24","Eliza Hittman (Never Rarely Sometimes Always)","https://en.wikipedia.org/wiki/2020_New_York_Film_Critics_Circle_Awards"
"New York Film Critics Circle","Critics","USA","2021","Best Screenplay","March 16, 2022","Licorice Pizza (Paul Thomas Anderson)","https://deadline.com/2021/12/new-york-film-critics-circle-awards-winners-2021-nyfcc-1234883931/"
"New York Film Critics Circle","Critics","USA","2022","Best Screenplay","2023-01-04","Martin McDonagh","https://deadline.com/2022/04/new-york-film-critics-circle-nyfcc-awards-ceremony-scheduled-1234995431/"
"New York Film Critics Circle","Critics","USA","2023","Best Screenplay","2024-01-03","Samy Burch (May December)","https://en.wikipedia.org/wiki/2023_New_York_Film_Critics_Circle_Awards"
"New York Film Critics Circle","Critics","USA","2024","Best Screenplay","2024-01-03","Samy Burch (May December)","https://www.nyfcc.com/awards/"
"New York Film Critics Circle","Critics","USA","2025","Best Screenplay","2025-12-02","Josh Safdie and Ronald Bronstein (Marty Supreme)","https://nextbestpicture.com/the-2025-new-york-film-critics-circle-nyfcc-winners/"
"New York Film Critics Circle","Critics","USA","2026","Best Screenplay","2026-01-06","Josh Safdie and Ronald Bronstein (for Marty Supreme)","https://www.goldderby.com/film/2026/new-york-film-critics-circle-awards-ceremony-2026-best-moments/"
"New York Film Critics Circle","Critics","USA","2000","Best Animated Film","2000-12-13","Chicken Run","https://www.nyfcc.com/awards/?awardyear=2000"
"New York Film Critics Circle","Critics","USA","2001","Best Animated Film","2001-01-14","Chicken Run","https://en.wikipedia.org/wiki/2000_New_York_Film_Critics_Circle_Awards"
"New York Film Critics Circle","Critics","USA","2002","Best Animated Film","2003-01-12","Spirited Away (Sen to Chihiro no kamikakushi)","https://en.wikipedia.org/wiki/2002_New_York_Film_Critics_Circle_Awards"
"New York Film Critics Circle","Critics","USA","2003","Best Animated Film","January 11, 2004","The Triplets of Belleville","https://en.wikipedia.org/wiki/2003_New_York_Film_Critics_Circle_Awards"
"New York Film Critics Circle","Critics","USA","2004","Best Animated Film","January 9, 2005","The Incredibles","https://en.wikipedia.org/wiki/2004_New_York_Film_Critics_Circle_Awards"
"New York Film Critics Circle","Critics","USA","2005","Best Animated Film","2006-01-08","Howl's Moving Castle","https://en.wikipedia.org/wiki/2005_New_York_Film_Critics_Circle_Awards"
"New York Film Critics Circle","Critics","USA","2006","Best Animated Film","2007-01-07","Happy Feet","https://www.nyfcc.com/awards/?awardyear=2006"
"New York Film Critics Circle","Critics","USA","2007","Best Animated Film","2008-01-06","Persepolis","https://en.wikipedia.org/wiki/2007_New_York_Film_Critics_Circle_Awards"
"New York Film Critics Circle","Critics","USA","2008","Best Animated Film","2009-01-05","WALL-E","https://en.wikipedia.org/wiki/2008_New_York_Film_Critics_Circle_Awards"
"New York Film Critics Circle","Critics","USA","2009","Best Animated Film","2009-01-05","WALL-E","https://en.wikipedia.org/wiki/2008_New_York_Film_Critics_Circle_Awards"
"New York Film Critics Circle","Critics","USA","2010","Best Animated Film","2011-01-10","The Illusionist","https://www.nyfcc.com/awards/?awardyear=2010"
"New York Film Critics Circle","Critics","USA","2011","Best Animated Film","","Not awarded","https://www.imdb.com/event/ev0000484/2011/1/"
"New York Film Critics Circle","Critics","USA","2012","Best Animated Film","","",""
"New York Film Critics Circle","Critics","USA","2013","Best Animated Film","January 7, 2013","Frankenweenie","https://en.wikipedia.org/wiki/2012_New_York_Film_Critics_Circle_Awards"
"New York Film Critics Circle","Critics","USA","2014","Best Animated Film","2015-01-05","The Lego Movie","https://en.wikipedia.org/wiki/2014_New_York_Film_Critics_Circle_Awards"
"New York Film Critics Circle","Critics","USA","2015","Best Animated Film","2015-01-05","The LEGO Movie","https://en.wikipedia.org/wiki/2014_New_York_Film_Critics_Circle_Awards"
"New York Film Critics Circle","Critics","USA","2016","Best Animated Film","2016-01-04","Inside Out","https://en.wikipedia.org/wiki/2015_New_York_Film_Critics_Circle_Awards"
"New York Film Critics Circle","Critics","USA","2017","Best Animated Film","2017-01-03","Zootopia","https://en.wikipedia.org/wiki/2016_New_York_Film_Critics_Circle_Awards"
"New York Film Critics Circle","Critics","USA","2018","Best Animated Film","2018-11-29","Spider-Man: Into the Spider-Verse","https://deadline.com/2018/11/new-york-film-critics-circle-2018-winners-1202510938/"
"New York Film Critics Circle","Critics","USA","2019","Best Animated Film","2019-01-07","Spider-Man: Into the Spider-Verse","https://en.wikipedia.org/wiki/2018_New_York_Film_Critics_Circle_Awards"
"New York Film Critics Circle","Critics","USA","2020","Best Animated Film","December 18, 2020","Wolfwalkers","https://variety.com/2020/film/awards/new-york-film-critics-circle-winners-2020-1234866232/"
"New York Film Critics Circle","Critics","USA","2021","Best Animated Film","2021-12-03","The Mitchells vs. the Machines","https://deadline.com/2021/12/new-york-film-critics-circle-awards-winners-2021-nyfcc-1234883931/"
"New York Film Critics Circle","Critics","USA","2022","Best Animated Film","2023-01-04","Marcel the Shell with Shoes On","https://en.wikipedia.org/wiki/2022_New_York_Film_Critics_Circle_Awards"
"New York Film Critics Circle","Critics","USA","2023","Best Animated Film","2023-01-04","Marcel the Shell with Shoes On","https://en.wikipedia.org/wiki/2022_New_York_Film_Critics_Circle_Awards"
"New York Film Critics Circle","Critics","USA","2024","Best Animated Film","2024-01-03","The Boy and the Heron","https://en.wikipedia.org/wiki/2023_New_York_Film_Critics_Circle_Awards"
"New York Film Critics Circle","Critics","USA","2025","Best Animated Film","2025-01-08","Flow","https://www.nyfcc.com/awards/"
"New York Film Critics Circle","Critics","USA","2026","Best Animated Film","2026-01-06","KPop Demon Hunters","https://www.goldderby.com/film/2026/new-york-film-critics-circle-awards-ceremony-2026-best-moments/"
"New York Film Critics Circle","Critics","USA","2000","Best International Film","2000-01-09","All About My Mother (Todo sobre mi madre)","https://en.wikipedia.org/wiki/1999_New_York_Film_Critics_Circle_Awards"
"New York Film Critics Circle","Critics","USA","2001","Best International Film","January 6, 2002","In the Mood for Love","https://en.wikipedia.org/wiki/2001_New_York_Film_Critics_Circle_Awards"
"New York Film Critics Circle","Critics","USA","2002","Best International Film","2003-01-12","Y Tu Mamá También","https://en.wikipedia.org/wiki/2002_New_York_Film_Critics_Circle_Awards"
"New York Film Critics Circle","Critics","USA","2003","Best International Film","January 12, 2003","Y Tu Mamá También","https://en.wikipedia.org/wiki/2002_New_York_Film_Critics_Circle_Awards"
"New York Film Critics Circle","Critics","USA","2004","Best International Film","2005-01-09","Bad Education (La mala educación)","https://en.wikipedia.org/wiki/2004_New_York_Film_Critics_Circle_Awards"
"New York Film Critics Circle","Critics","USA","2005","Best International Film","2005-01-09","Bad Education (La mala educación)","https://en.wikipedia.org/wiki/2004_New_York_Film_Critics_Circle_Awards"
"New York Film Critics Circle","Critics","USA","2006","Best International Film","2006-01-08","2046","https://en.wikipedia.org/wiki/2005_New_York_Film_Critics_Circle_Awards"
"New York Film Critics Circle","Critics","USA","2007","Best International Film","January 7, 2007","Army of Shadows (L'armée des ombres)","https://en.wikipedia.org/wiki/2006_New_York_Film_Critics_Circle_Awards"
"New York Film Critics Circle","Critics","USA","2008","Best International Film","2009-01-05","4 Months, 3 Weeks and 2 Days","https://www.nyfcc.com/awards/?awardyear=2008"
"New York Film Critics Circle","Critics","USA","2009","Best International Film","2010-01-11","Summer Hours (L'heure d'été)","https://en.wikipedia.org/wiki/2009_New_York_Film_Critics_Circle_Awards"
"New York Film Critics Circle","Critics","USA","2010","Best International Film","2010-01-11","Summer Hours","https://en.wikipedia.org/wiki/2009_New_York_Film_Critics_Circle_Awards"
"New York Film Critics Circle","Critics","USA","2011","Best International Film","2012-01-09","A Separation (Jodaeiye Nader az Simin)","https://en.wikipedia.org/wiki/2011_New_York_Film_Critics_Circle_Awards"
"New York Film Critics Circle","Critics","USA","2012","Best International Film","2013-01-07","Amour","https://en.wikipedia.org/wiki/2012_New_York_Film_Critics_Circle_Awards"
"New York Film Critics Circle","Critics","USA","2013","Best International Film","2014-01-06","Blue Is the Warmest Color","https://www.nyfcc.com/2013-award-winners/"
"New York Film Critics Circle","Critics","USA","2014","Best International Film","2015-01-05","Ida","https://en.wikipedia.org/wiki/2014_New_York_Film_Critics_Circle_Awards"
"New York Film Critics Circle","Critics","USA","2015","Best International Film","2015-01-05","Ida","https://en.wikipedia.org/wiki/2014_New_York_Film_Critics_Circle_Awards"
"New York Film Critics Circle","Critics","USA","2016","Best International Film","January 4, 2016","Timbuktu","https://en.wikipedia.org/wiki/2015_New_York_Film_Critics_Circle_Awards"
"New York Film Critics Circle","Critics","USA","2017","Best International Film","2017-11-30","BPM (Beats Per Minute)","https://www.indiewire.com/awards/industry/new-york-film-critics-circle-2017-awards-winners-1201902314/"
"New York Film Critics Circle","Critics","USA","2018","Best International Film","2018-01-03","BPM (Beats per Minute)","https://en.wikipedia.org/wiki/2017_New_York_Film_Critics_Circle_Awards"
"New York Film Critics Circle","Critics","USA","2019","Best International Film","January 7, 2020","Parasite","https://en.wikipedia.org/wiki/2019_New_York_Film_Critics_Circle_Awards"
"New York Film Critics Circle","Critics","USA","2020","Best International Film","2021-01-24","Bacurau","https://variety.com/2020/film/awards/new-york-film-critics-circle-winners-2020-1234866232/"
"New York Film Critics Circle","Critics","USA","2021","Best International Film","2022-03-16","The Worst Person in the World","https://en.wikipedia.org/wiki/2021_New_York_Film_Critics_Circle_Awards"
"New York Film Critics Circle","Critics","USA","2022","Best International Film","2023-01-04","EO","https://en.wikipedia.org/wiki/2022_New_York_Film_Critics_Circle_Awards"
"New York Film Critics Circle","Critics","USA","2023","Best International Film","2024-01-03","Anatomy of a Fall","https://en.wikipedia.org/wiki/2023_New_York_Film_Critics_Circle_Awards"
"New York Film Critics Circle","Critics","USA","2024","Best International Film","2024-01-03","Anatomy of a Fall","https://en.wikipedia.org/wiki/2023_New_York_Film_Critics_Circle_Awards"
"New York Film Critics Circle","Critics","USA","2025","Best International Film","2025-01-08","All We Imagine as Light","https://en.wikipedia.org/wiki/2024_New_York_Film_Critics_Circle_Awards"
"New York Film Critics Circle","Critics","USA","2026","Best International Film","2026-01-06","The Secret Agent","https://variety.com/2025/film/awards/new-york-film-critics-circle-2026-awards-date-1236351315/"
"New York Film Critics Circle","Critics","USA","2000","Best Non-Fiction Film","2001-01-14","The Life and Times of Hank Greenberg","https://www.nyfcc.com/awards/?awardyear=2000"
"New York Film Critics Circle","Critics","USA","2001","Best Non-Fiction Film","2001-01-14","The Life and Times of Hank Greenberg","https://en.wikipedia.org/wiki/2000_New_York_Film_Critics_Circle_Awards"
"New York Film Critics Circle","Critics","USA","2002","Best Non-Fiction Film","2002-01-06","The Gleaners and I","https://en.wikipedia.org/wiki/2001_New_York_Film_Critics_Circle_Awards"
"New York Film Critics Circle","Critics","USA","2003","Best Non-Fiction Film","2003-01-12","Standing in the Shadows of Motown","https://en.wikipedia.org/wiki/2002_New_York_Film_Critics_Circle_Awards"
"New York Film Critics Circle","Critics","USA","2004","Best Non-Fiction Film","2005-01-09","Fahrenheit 9/11","https://en.wikipedia.org/wiki/2004_New_York_Film_Critics_Circle_Awards"
"New York Film Critics Circle","Critics","USA","2005","Best Non-Fiction Film","2005-01-09","Fahrenheit 9/11","https://en.wikipedia.org/wiki/2004_New_York_Film_Critics_Circle_Awards"
"New York Film Critics Circle","Critics","USA","2006","Best Non-Fiction Film","2006-01-08","Grizzly Man and The White Diamond (tie)","https://en.wikipedia.org/wiki/2005_New_York_Film_Critics_Circle_Awards"
"New York Film Critics Circle","Critics","USA","2007","Best Non-Fiction Film","2008-01-06","No End in Sight","https://en.wikipedia.org/wiki/2007_New_York_Film_Critics_Circle_Awards"
"New York Film Critics Circle","Critics","USA","2008","Best Non-Fiction Film","2009-01-05","Man on Wire","https://en.wikipedia.org/wiki/2008_New_York_Film_Critics_Circle_Awards"
"New York Film Critics Circle","Critics","USA","2009","Best Non-Fiction Film","2010-01-11","Of Time and the City","https://en.wikipedia.org/wiki/2009_New_York_Film_Critics_Circle_Awards"
"New York Film Critics Circle","Critics","USA","2010","Best Non-Fiction Film","2010-01-11","Of Time and the City","https://en.wikipedia.org/wiki/2009_New_York_Film_Critics_Circle_Awards"
"New York Film Critics Circle","Critics","USA","2011","Best Non-Fiction Film","2011-11-29","Cave of Forgotten Dreams","https://en.wikipedia.org/wiki/2011_New_York_Film_Critics_Circle_Awards"
"New York Film Critics Circle","Critics","USA","2012","Best Non-Fiction Film","2013-01-07","The Central Park Five","https://en.wikipedia.org/wiki/2012_New_York_Film_Critics_Circle_Awards"
"New York Film Critics Circle","Critics","USA","2013","Best Non-Fiction Film","2013-01-07","The Central Park Five","https://www.nyfcc.com/2012-award-winners/"
"New York Film Critics Circle","Critics","USA","2014","Best Non-Fiction Film","2014-01-06","Stories We Tell","https://en.wikipedia.org/wiki/2013_New_York_Film_Critics_Circle_Awards"
"New York Film Critics Circle","Critics","USA","2015","Best Non-Fiction Film","2016-01-04","In Jackson Heights","https://en.wikipedia.org/wiki/2015_New_York_Film_Critics_Circle_Awards"
"New York Film Critics Circle","Critics","USA","2016","Best Non-Fiction Film","2017-01-03","O.J.: Made in America","https://en.wikipedia.org/wiki/2016_New_York_Film_Critics_Circle_Awards"
"New York Film Critics Circle","Critics","USA","2017","Best Non-Fiction Film","2018-01-03","Faces Places","https://en.wikipedia.org/wiki/2017_New_York_Film_Critics_Circle_Awards"
"New York Film Critics Circle","Critics","USA","2018","Best Non-Fiction Film","2018-11-29","Minding the Gap","https://www.hollywoodreporter.com/news/general-news/2018-ny-film-critics-circle-award-winners-list-full-1164782/"
"New York Film Critics Circle","Critics","USA","2019","Best Non-Fiction Film","2020-01-07","Honeyland","https://en.wikipedia.org/wiki/2019_New_York_Film_Critics_Circle_Awards"
"New York Film Critics Circle","Critics","USA","2020","Best Non-Fiction Film","2020-12-18","Time","https://variety.com/2020/film/awards/new-york-film-critics-circle-winners-2020-1234866232/"
"New York Film Critics Circle","Critics","USA","2021","Best Non-Fiction Film","2022-03-16","Flee","https://en.wikipedia.org/wiki/2021_New_York_Film_Critics_Circle_Awards"
"New York Film Critics Circle","Critics","USA","2022","Best Non-Fiction Film","March 16, 2022","Flee","https://en.wikipedia.org/wiki/2021_New_York_Film_Critics_Circle_Awards"
"New York Film Critics Circle","Critics","USA","2023","Best Non-Fiction Film","2023-01-04","All the Beauty and the Bloodshed","https://deadline.com/2022/04/new-york-film-critics-circle-nyfcc-awards-ceremony-scheduled-1234995431/"
"New York Film Critics Circle","Critics","USA","2024","Best Non-Fiction Film","2024-12-03","No Other Land","https://deadline.com/2024/12/new-york-film-critics-circle-2024-winners-1236192467/"
"New York Film Critics Circle","Critics","USA","2025","Best Non-Fiction Film","2025-01-08","No Other Land","https://en.wikipedia.org/wiki/2024_New_York_Film_Critics_Circle_Awards"
"New York Film Critics Circle","Critics","USA","2026","Best Non-Fiction Film","2026-01-06","My Undesirable Friends: Part I — Last Air in Moscow","https://www.nyfcc.com/awards/"
"Los Angeles Film Critics Association","Critics","USA","2000","Best Picture","2000-12-17","Crouching Tiger, Hidden Dragon","http://www.lafca.net/Years/2000.php"
"Los Angeles Film Critics Association","Critics","USA","2001","Best Picture","2001-12-15","In the Bedroom","http://www.lafca.net/Years/2001.php"
"Los Angeles Film Critics Association","Critics","USA","2002","Best Picture","2002-12-15","About Schmidt","http://www.lafca.net/Years/2002.php"
"Los Angeles Film Critics Association","Critics","USA","2003","Best Picture","2004-01-07","American Splendor","http://www.lafca.net/Years/2003.php"
"Los Angeles Film Critics Association","Critics","USA","2004","Best Picture","2004-12-11","Sideways","http://www.lafca.net/Years/2004.php"
"Los Angeles Film Critics Association","Critics","USA","2005","Best Picture","2005-12-11","Brokeback Mountain","http://www.lafca.net/Years/2005.php"
"Los Angeles Film Critics Association","Critics","USA","2006","Best Picture","2006-12-10","Letters from Iwo Jima","http://www.lafca.net/Years/2006.php"
"Los Angeles Film Critics Association","Critics","USA","2007","Best Picture","2007-12-09","There Will Be Blood","http://www.lafca.net/Years/2007.php"
"Los Angeles Film Critics Association","Critics","USA","2008","Best Picture","2009-01-12","Wall-E","http://www.lafca.net/Years/2008.php"
"Los Angeles Film Critics Association","Critics","USA","2009","Best Picture","2009-12-13","The Hurt Locker","https://deadline.com/2009/12/los-angeles-film-critics-2009-awards-part-1-20039/"
"Los Angeles Film Critics Association","Critics","USA","2010","Best Picture","2010-12-12","The Social Network","http://www.lafca.net/Years/2010.php"
"Los Angeles Film Critics Association","Critics","USA","2011","Best Picture","2011-12-11","The Descendants","https://en.wikipedia.org/wiki/2011_Los_Angeles_Film_Critics_Association_Awards"
"Los Angeles Film Critics Association","Critics","USA","2012","Best Picture","2012-12-09","Amour","http://www.lafca.net/Years/2012.php"
"Los Angeles Film Critics Association","Critics","USA","2013","Best Picture","2013-12-08","Gravity and Her (Tie)","http://www.lafca.net/Years/2013.php"
"Los Angeles Film Critics Association","Critics","USA","2014","Best Picture","2015-01-10","Boyhood","https://www.broadwayworld.com/bwwtv/article/Los-Angeles-Film-Critics-Association-Announce-2014-Award-Winners-20141207"
"Los Angeles Film Critics Association","Critics","USA","2015","Best Picture","2015-12-06","Spotlight","http://www.lafca.net/Years/2015.php"
"Los Angeles Film Critics Association","Critics","USA","2016","Best Picture","2016-12-04","Moonlight","http://www.lafca.net/Years/2016.php"
"Los Angeles Film Critics Association","Critics","USA","2017","Best Picture","2017-12-03","Call Me by Your Name","http://www.lafca.net/Years/2017.php"
"Los Angeles Film Critics Association","Critics","USA","2018","Best Picture","2018-12-09","Roma","https://en.wikipedia.org/wiki/2018_Los_Angeles_Film_Critics_Association_Awards"
"Los Angeles Film Critics Association","Critics","USA","2019","Best Picture","December 8, 2019","Parasite","http://www.lafca.net/Years/2019.php"
"Los Angeles Film Critics Association","Critics","USA","2020","Best Picture","2020-12-20","Small Axe","http://www.lafca.net/Years/2020.php"
"Los Angeles Film Critics Association","Critics","USA","2021","Best Picture","","Drive My Car","http://www.lafca.net/Years/2021.php"
"Los Angeles Film Critics Association","Critics","USA","2022","Best Picture","2022-12-11","Everything Everywhere All at Once / Tár (Tie)","http://www.lafca.net/Years/2022.php"
"Los Angeles Film Critics Association","Critics","USA","2023","Best Picture","2023-12-10","The Zone of Interest","http://www.lafca.net/Years/2023.php"
"Los Angeles Film Critics Association","Critics","USA","2024","Best Picture","2024-12-08","Anora","http://www.lafca.net/Years/2024.php"
"Los Angeles Film Critics Association","Critics","USA","2025","Best Picture","2025-12-07","One Battle After Another","http://www.lafca.net/Years/2025.php"
"Los Angeles Film Critics Association","Critics","USA","2026","Best Picture","2026-01-10","One Battle After Another","https://awardswatch.com/los-angeles-film-critics-association-lafca-awards-its-one-battle-after-another/"
"Los Angeles Film Critics Association","Critics","USA","2000","Best Director","2000-12-17","Steven Soderbergh (Erin Brockovich and Traffic)","http://www.lafca.net/Years/2000.php"
"Los Angeles Film Critics Association","Critics","USA","2001","Best Director","2001-12-15","David Lynch","http://www.lafca.net/Years/2001.php"
"Los Angeles Film Critics Association","Critics","USA","2002","Best Director","2002-12-15","Pedro Almodóvar","http://www.lafca.net/Years/2002.php"
"Los Angeles Film Critics Association","Critics","USA","2003","Best Director","2004-01-07","Peter Jackson","https://en.wikipedia.org/wiki/2003_Los_Angeles_Film_Critics_Association_Awards"
"Los Angeles Film Critics Association","Critics","USA","2004","Best Director","December 11, 2004","Alexander Payne","http://www.lafca.net/Years/2004.php"
"Los Angeles Film Critics Association","Critics","USA","2005","Best Director","2005-12-11","Ang Lee","http://www.lafca.net/Years/2005.php"
"Los Angeles Film Critics Association","Critics","USA","2006","Best Director","2007-01-14","Paul Greengrass","http://www.lafca.net/Years/2006.php"
"Los Angeles Film Critics Association","Critics","USA","2007","Best Director","2007-12-09","Paul Thomas Anderson","https://www.lafca.net/Years/2007.php"
"Los Angeles Film Critics Association","Critics","USA","2008","Best Director","2008-12-09","Danny Boyle","https://en.wikipedia.org/wiki/2008_Los_Angeles_Film_Critics_Association_Awards"
"Los Angeles Film Critics Association","Critics","USA","2009","Best Director","2009-12-13","Kathryn Bigelow","https://deadline.com/2009/12/los-angeles-film-critics-2009-awards-part-1-20039/"
"Los Angeles Film Critics Association","Critics","USA","2010","Best Director","December 12, 2010","Olivier Assayas and David Fincher (tie)","http://www.lafca.net/Years/2010.php"
"Los Angeles Film Critics Association","Critics","USA","2011","Best Director","2011-12-11","Terrence Malick","https://www.lafca.net/awards.php?id=37"
"Los Angeles Film Critics Association","Critics","USA","2012","Best Director","2012-12-09","Paul Thomas Anderson","http://www.lafca.net/Years/2012.php"
"Los Angeles Film Critics Association","Critics","USA","2013","Best Director","January 12, 2013","Paul Thomas Anderson","https://en.wikipedia.org/wiki/2012_Los_Angeles_Film_Critics_Association_Awards"
"Los Angeles Film Critics Association","Critics","USA","2014","Best Director","2015-01-10","Richard Linklater","https://www.sandiegouniontribune.com/2014/12/07/boyhood-sweeps-la-film-critics-awards/"
"Los Angeles Film Critics Association","Critics","USA","2015","Best Director","2015-12-06","George Miller","http://www.lafca.net/Years/2015.php"
"Los Angeles Film Critics Association","Critics","USA","2016","Best Director","2016-12-04","Barry Jenkins","http://www.lafca.net/Years/2016.php"
"Los Angeles Film Critics Association","Critics","USA","2017","Best Director","January 14, 2017","Barry Jenkins (Moonlight)","https://en.wikipedia.org/wiki/2016_Los_Angeles_Film_Critics_Association_Awards"
"Los Angeles Film Critics Association","Critics","USA","2018","Best Director","2018-12-09","Debra Granik","https://variety.com/2018/film/awards/2018-los-angeles-film-critics-association-awards-winners-1203085176/"
"Los Angeles Film Critics Association","Critics","USA","2019","Best Director","2019-12-08","Bong Joon Ho","http://www.lafca.net/Years/2019.php"
"Los Angeles Film Critics Association","Critics","USA","2020","Best Director","2020-12-20","Chloé Zhao","http://www.lafca.net/pressReleases/2020.pdf"
"Los Angeles Film Critics Association","Critics","USA","2021","Best Director","2021-12-18","Jane Campion","http://www.lafca.net/Years/2021.php"
"Los Angeles Film Critics Association","Critics","USA","2022","Best Director","2022-12-11","Todd Field (for Tár)","http://www.lafca.net/Years/2022.php"
"Los Angeles Film Critics Association","Critics","USA","2023","Best Director","2023-12-10","Jonathan Glazer","http://www.lafca.net/Years/2023.php"
"Los Angeles Film Critics Association","Critics","USA","2024","Best Director","2024-12-08","Mohammad Rasoulof","https://variety.com/2024/film/awards/los-angeles-film-critics-lafca-winners-2024-1236242522/"
"Los Angeles Film Critics Association","Critics","USA","2025","Best Director","2025-12-07","Paul Thomas Anderson (for One Battle After Another)","http://www.lafca.net/Years/2025.php"
"Los Angeles Film Critics Association","Critics","USA","2026","Best Director","2026-01-10","Paul Thomas Anderson (One Battle After Another)","http://www.lafca.net/pressReleases/7Dec25.php"
"Los Angeles Film Critics Association","Critics","USA","2000","Best Lead Performance","","",""
"Los Angeles Film Critics Association","Critics","USA","2001","Best Lead Performance","","","https://en.wikipedia.org/wiki/Los_Angeles_Film_Critics_Association_Award_for_Best_Lead_Performance"
"Los Angeles Film Critics Association","Critics","USA","2002","Best Lead Performance","","",""
"Los Angeles Film Critics Association","Critics","USA","2003","Best Lead Performance","2004-01-25","none","http://www.lafca.net/Years/2003.php"
"Los Angeles Film Critics Association","Critics","USA","2004","Best Lead Performance","2004-12-11","","http://www.lafca.net/Years/2004.php"
"Los Angeles Film Critics Association","Critics","USA","2005","Best Lead Performance","2005-12-11","Philip Seymour Hoffman (Best Actor) and Vera Farmiga (Best Actress)","http://www.lafca.net/Years/2005.php"
"Los Angeles Film Critics Association","Critics","USA","2006","Best Lead Performance","2006-12-10","","http://www.lafca.net/Years/2006.php"
"Los Angeles Film Critics Association","Critics","USA","2007","Best Lead Performance","2007-12-09","","http://www.lafca.net/Years/2007.php"
"Los Angeles Film Critics Association","Critics","USA","2008","Best Lead Performance","","",""
"Los Angeles Film Critics Association","Critics","USA","2009","Best Lead Performance","","",""
"Los Angeles Film Critics Association","Critics","USA","2010","Best Lead Performance","","",""
"Los Angeles Film Critics Association","Critics","USA","2011","Best Lead Performance","","",""
"Los Angeles Film Critics Association","Critics","USA","2012","Best Lead Performance","","",""
"Los Angeles Film Critics Association","Critics","USA","2013","Best Lead Performance","","",""
"Los Angeles Film Critics Association","Critics","USA","2014","Best Lead Performance","2014-12-07","None (Category did not exist in 2014)","https://en.wikipedia.org/wiki/2014_Los_Angeles_Film_Critics_Association_Awards"
"Los Angeles Film Critics Association","Critics","USA","2015","Best Lead Performance","","",""
"Los Angeles Film Critics Association","Critics","USA","2016","Best Lead Performance","","",""
"Los Angeles Film Critics Association","Critics","USA","2017","Best Lead Performance","","",""
"Los Angeles Film Critics Association","Critics","USA","2018","Best Lead Performance","","",""
"Los Angeles Film Critics Association","Critics","USA","2019","Best Lead Performance","2019-12-08","None (Category did not exist in 2019)","https://variety.com/2019/film/news/2019-la-film-critics-association-winners-1203428923/"
"Los Angeles Film Critics Association","Critics","USA","2020","Best Lead Performance","","",""
"Los Angeles Film Critics Association","Critics","USA","2021","Best Lead Performance","2021-12-18","","http://www.lafca.net/Years/2021.php"
"Los Angeles Film Critics Association","Critics","USA","2022","Best Lead Performance","2022-12-11","Cate Blanchett (Tár) and Bill Nighy (Living) (Tie)","https://www.hollywoodreporter.com/movies/movie-news/la-film-critics-award-winners-2022-1235279497/"
"Los Angeles Film Critics Association","Critics","USA","2023","Best Lead Performance","2024-01-13","Sandra Hüller (Anatomy of a Fall and The Zone of Interest) and Emma Stone (Poor Things)","http://www.lafca.net/Years/2023.php"
"Los Angeles Film Critics Association","Critics","USA","2024","Best Lead Performance","2024-12-08","Marianne Jean-Baptiste (Hard Truths) and Mikey Madison (Anora)","https://variety.com/2024/film/awards/los-angeles-film-critics-lafca-winners-2024-1236242522/"
"Los Angeles Film Critics Association","Critics","USA","2025","Best Lead Performance","2025-12-07","Rose Byrne and Ethan Hawke","http://www.lafca.net/Years/2025.php"
"Los Angeles Film Critics Association","Critics","USA","2026","Best Lead Performance","2026-01-10","Rose Byrne and Ethan Hawke","http://www.lafca.net/pressReleases/7Dec25.php"
"Los Angeles Film Critics Association","Critics","USA","2000","Best Supporting Performance","2000-12-17","","http://www.lafca.net/Years/2000.php"
"Los Angeles Film Critics Association","Critics","USA","2001","Best Supporting Performance","December 15, 2001","","http://www.lafca.net/Years/2001.php"
"Los Angeles Film Critics Association","Critics","USA","2002","Best Supporting Performance","","",""
"Los Angeles Film Critics Association","Critics","USA","2003","Best Supporting Performance","","",""
"Los Angeles Film Critics Association","Critics","USA","2004","Best Supporting Performance","","",""
"Los Angeles Film Critics Association","Critics","USA","2005","Best Supporting Performance","January 17, 2006","William Hurt (Best Supporting Actor) and Catherine Keener (Best Supporting Actress)","http://www.lafca.net/Years/2005.php"
"Los Angeles Film Critics Association","Critics","USA","2006","Best Supporting Performance","","",""
"Los Angeles Film Critics Association","Critics","USA","2007","Best Supporting Performance","","",""
"Los Angeles Film Critics Association","Critics","USA","2008","Best Supporting Performance","","","http://www.lafca.net/Years/2008.php"
"Los Angeles Film Critics Association","Critics","USA","2009","Best Supporting Performance","","",""
"Los Angeles Film Critics Association","Critics","USA","2010","Best Supporting Performance","","",""
"Los Angeles Film Critics Association","Critics","USA","2011","Best Supporting Performance","","",""
"Los Angeles Film Critics Association","Critics","USA","2012","Best Supporting Performance","December 9, 2012","","http://www.lafca.net/Years/2012.php"
"Los Angeles Film Critics Association","Critics","USA","2013","Best Supporting Performance","","",""
"Los Angeles Film Critics Association","Critics","USA","2014","Best Supporting Performance","","",""
"Los Angeles Film Critics Association","Critics","USA","2015","Best Supporting Performance","","",""
"Los Angeles Film Critics Association","Critics","USA","2016","Best Supporting Performance","","",""
"Los Angeles Film Critics Association","Critics","USA","2017","Best Supporting Performance","","",""
"Los Angeles Film Critics Association","Critics","USA","2018","Best Supporting Performance","","",""
"Los Angeles Film Critics Association","Critics","USA","2019","Best Supporting Performance","","",""
"Los Angeles Film Critics Association","Critics","USA","2020","Best Supporting Performance","","","http://www.lafca.net/Years/2020.php"
"Los Angeles Film Critics Association","Critics","USA","2021","Best Supporting Performance","","",""
"Los Angeles Film Critics Association","Critics","USA","2022","Best Supporting Performance","2022-12-11","Dolly de Leon and Ke Huy Quan (Tie)","http://www.lafca.net/Years/2022.php"
"Los Angeles Film Critics Association","Critics","USA","2023","Best Supporting Performance","2023-12-10","Rachel McAdams (Are You There God? It's Me, Margaret.) and Da'Vine Joy Randolph (The Holdovers)","https://www.hollywoodreporter.com/movies/movie-news/2023-la-film-critics-award-winners-1235732168/"
"Los Angeles Film Critics Association","Critics","USA","2024","Best Supporting Performance","2024-01-13","Rachel McAdams and Da'Vine Joy Randolph","https://en.wikipedia.org/wiki/2023_Los_Angeles_Film_Critics_Association_Awards"
"Los Angeles Film Critics Association","Critics","USA","2025","Best Supporting Performance","January 11, 2025","Yura Borisov (Anora) and Kieran Culkin (A Real Pain)","https://www.goldderby.com/film/2024/2024-los-angeles-film-critics-association-winners-list/"
"Los Angeles Film Critics Association","Critics","USA","2026","Best Supporting Performance","2026-01-10","Stellan Skarsgard and Teyana Taylor","http://www.lafca.net/pressReleases/7Dec25.php"
"Los Angeles Film Critics Association","Critics","USA","2000","Best Screenplay","2000-12-16","Kenneth Lonergan (You Can Count on Me)","https://www.lafca.net/Years/2000.php"
"Los Angeles Film Critics Association","Critics","USA","2001","Best Screenplay","2001-12-15","Christopher Nolan (for 'Memento')","http://www.lafca.net/Years/2001.php"
"Los Angeles Film Critics Association","Critics","USA","2002","Best Screenplay","2002-12-15","Alexander Payne and Jim Taylor (About Schmidt)","https://en.wikipedia.org/wiki/2002_Los_Angeles_Film_Critics_Association_Awards"
"Los Angeles Film Critics Association","Critics","USA","2003","Best Screenplay","2004-01-07","Shari Springer Berman and Robert Pulcini (American Splendor)","http://www.lafca.net/Years/2003.php"
"Los Angeles Film Critics Association","Critics","USA","2004","Best Screenplay","2004-01-26","Shari Springer Berman and Robert Pulcini for American Splendor","http://www.lafca.net/Years/2003.php"
"Los Angeles Film Critics Association","Critics","USA","2005","Best Screenplay","2005-12-11","Dan Futterman (Capote) and Noah Baumbach (The Squid and the Whale) [tie]","http://www.lafca.net/Years/2005.php"
"Los Angeles Film Critics Association","Critics","USA","2006","Best Screenplay","2006-12-11","Peter Morgan (The Queen)","http://www.lafca.net/Years/2006.php"
"Los Angeles Film Critics Association","Critics","USA","2007","Best Screenplay","2008-01-12","Tamara Jenkins (The Savages)","http://www.lafca.net/Years/2007.php"
"Los Angeles Film Critics Association","Critics","USA","2008","Best Screenplay","2008-12-09","Mike Leigh (Happy-Go-Lucky)","http://www.lafca.net/Years/2008.php"
"Los Angeles Film Critics Association","Critics","USA","2009","Best Screenplay","December 13, 2009","Jason Reitman and Sheldon Turner (Up in the Air)","http://www.lafca.net/Years/2009.php"
"Los Angeles Film Critics Association","Critics","USA","2010","Best Screenplay","2011-01-15","Aaron Sorkin (The Social Network)","http://www.lafca.net/Years/2010.php"
"Los Angeles Film Critics Association","Critics","USA","2011","Best Screenplay","2011-12-11","Asghar Farhadi","http://www.lafca.net/Years/2011.php"
"Los Angeles Film Critics Association","Critics","USA","2012","Best Screenplay","2013-01-12","Chris Terrio (Argo)","http://www.lafca.net/Years/2012.php"
"Los Angeles Film Critics Association","Critics","USA","2013","Best Screenplay","2013-12-08","Richard Linklater, Julie Delpy, and Ethan Hawke","https://en.wikipedia.org/wiki/2013_Los_Angeles_Film_Critics_Association_Awards"
"Los Angeles Film Critics Association","Critics","USA","2014","Best Screenplay","January 11, 2014","Richard Linklater, Ethan Hawke, and Julie Delpy (Before Midnight)","http://www.lafca.net/Years/2013.php"
"Los Angeles Film Critics Association","Critics","USA","2015","Best Screenplay","2015-12-06","Josh Singer and Tom McCarthy (Spotlight)","http://www.lafca.net/Years/2015.php"
"Los Angeles Film Critics Association","Critics","USA","2016","Best Screenplay","2016-12-04","Yorgos Lanthimos and Efthimis Filippou (The Lobster)","https://en.wikipedia.org/wiki/2016_Los_Angeles_Film_Critics_Association_Awards"
"Los Angeles Film Critics Association","Critics","USA","2017","Best Screenplay","2018-01-13","Jordan Peele (Get Out)","https://www.hollywoodreporter.com/news/general-news/la-film-critics-association-winners-2017-1063801/"
"Los Angeles Film Critics Association","Critics","USA","2018","Best Screenplay","2018-12-09","Nicole Holofcener and Jeff Whitty (Can You Ever Forgive Me?)","https://variety.com/2018/film/awards/2018-los-angeles-film-critics-association-awards-winners-1203085176/"
"Los Angeles Film Critics Association","Critics","USA","2019","Best Screenplay","2019-12-08","Noah Baumbach (Marriage Story)","http://www.lafca.net/Years/2019.php"
"Los Angeles Film Critics Association","Critics","USA","2020","Best Screenplay","2020-12-20","Emerald Fennell (Promising Young Woman)","https://deadline.com/2020/12/los-angeles-film-critics-2020-winners-movies-1234659451/"
"Los Angeles Film Critics Association","Critics","USA","2021","Best Screenplay","2021-12-18","Ryusuke Hamaguchi and Takamasa Oe (Drive My Car)","https://variety.com/2021/film/news/lafca-winners-list-2021-1235137273/"
"Los Angeles Film Critics Association","Critics","USA","2022","Best Screenplay","2022-12-11","Todd Field (Tár)","http://www.lafca.net/Years/2022.php"
"Los Angeles Film Critics Association","Critics","USA","2023","Best Screenplay","2023-12-10","Andrew Haigh (All of Us Strangers)","http://www.lafca.net/Years/2023.php"
"Los Angeles Film Critics Association","Critics","USA","2024","Best Screenplay","2024-12-08","Jesse Eisenberg - A Real Pain","https://variety.com/2024/film/awards/los-angeles-film-critics-lafca-winners-2024-1236242522/"
"Los Angeles Film Critics Association","Critics","USA","2025","Best Screenplay","2025-12-07","Jafar Panahi, ""It Was Just an Accident""","http://www.lafca.net/pressReleases/7Dec25.php"
"Los Angeles Film Critics Association","Critics","USA","2026","Best Screenplay","2026-01-10","Jafar Panahi (It Was Just an Accident)","http://www.lafca.net/Years/2025.php"
"Los Angeles Film Critics Association","Critics","USA","2000","Best Cinematography","2000-12-17","Peter Pau for Crouching Tiger, Hidden Dragon (Wo hu cang long)","http://www.lafca.net/Years/2000.php"
"Los Angeles Film Critics Association","Critics","USA","2001","Best Cinematography","2001-12-15","Roger Deakins (The Man Who Wasn't There)","http://www.lafca.net/Years/2001.php"
"Los Angeles Film Critics Association","Critics","USA","2002","Best Cinematography","2002-12-15","Edward Lachman (Far from Heaven)","http://www.lafca.net/Years/2002.php"
"Los Angeles Film Critics Association","Critics","USA","2003","Best Cinematography","2004-01-07","Eduardo Serra, Girl with a Pearl Earring","http://www.lafca.net/Years/2003.php"
"Los Angeles Film Critics Association","Critics","USA","2004","Best Cinematography","2004-12-11","Dion Beebe and Paul Cameron (Collateral)","http://www.lafca.net/Years/2004.php"
"Los Angeles Film Critics Association","Critics","USA","2005","Best Cinematography","December 11, 2005","Robert Elswit (Good Night, and Good Luck.)","https://www.lafca.net/Years/2005.php"
"Los Angeles Film Critics Association","Critics","USA","2006","Best Cinematography","2006-12-10","Emmanuel Lubezki (Children of Men)","http://www.lafca.net/Years/2006.php"
"Los Angeles Film Critics Association","Critics","USA","2007","Best Cinematography","2007-12-09","Janusz Kaminski","http://www.lafca.net/Years/2007.php"
"Los Angeles Film Critics Association","Critics","USA","2008","Best Cinematography","2008-12-09","Yu Lik-Wai (Still Life)","http://www.lafca.net/Years/2008.php"
"Los Angeles Film Critics Association","Critics","USA","2009","Best Cinematography","2009-12-13","Christian Berger (The White Ribbon)","http://www.lafca.net/Years/2009.php"
"Los Angeles Film Critics Association","Critics","USA","2010","Best Cinematography","2010-12-12","Matthew Libatique","http://www.lafca.net/Years/2010.php"
"Los Angeles Film Critics Association","Critics","USA","2011","Best Cinematography","2012-01-13","Emmanuel Lubezki","http://www.lafca.net/Years/2011.php"
"Los Angeles Film Critics Association","Critics","USA","2012","Best Cinematography","2012-12-09","Roger Deakins (Skyfall)","http://www.lafca.net/Years/2012.php"
"Los Angeles Film Critics Association","Critics","USA","2013","Best Cinematography","2013-12-08","Emmanuel Lubezki","https://deadline.com/2013/12/la-film-critics-association-awards-2013-648848/"
"Los Angeles Film Critics Association","Critics","USA","2014","Best Cinematography","2014-12-07","Emmanuel Lubezki (Birdman)","https://en.wikipedia.org/wiki/2014_Los_Angeles_Film_Critics_Association_Awards"
"Los Angeles Film Critics Association","Critics","USA","2015","Best Cinematography","2015-12-06","John Seale (Mad Max: Fury Road) [8db33a]","http://www.lafca.net/Years/2015.php"
"Los Angeles Film Critics Association","Critics","USA","2016","Best Cinematography","2016-12-04","James Laxton","http://www.lafca.net/Years/2016.php"
"Los Angeles Film Critics Association","Critics","USA","2017","Best Cinematography","January 14, 2017","James Laxton (Moonlight)","http://www.lafca.net/Years/2016.php"
"Los Angeles Film Critics Association","Critics","USA","2018","Best Cinematography","2018-12-09","Alfonso Cuarón, Roma","https://www.lafca.net/Years/2018.php"
"Los Angeles Film Critics Association","Critics","USA","2019","Best Cinematography","2019-12-08","Claire Mathon","http://www.lafca.net/Years/2019.php"
"Los Angeles Film Critics Association","Critics","USA","2020","Best Cinematography","2020-12-20","Shabier Kirchner (Small Axe)","http://www.lafca.net/Years/2020.php"
"Los Angeles Film Critics Association","Critics","USA","2021","Best Cinematography","2021-12-18","Ari Wegner","http://www.lafca.net/Years/2021.php"
"Los Angeles Film Critics Association","Critics","USA","2022","Best Cinematography","2022-12-11","Michał Dymek (EO)","http://www.lafca.net/Years/2022.php"
"Los Angeles Film Critics Association","Critics","USA","2023","Best Cinematography","2023-12-10","Robbie Ryan (Poor Things)","https://www.hollywoodreporter.com/movies/movie-news/2023-la-film-critics-award-winners-1235732168/"
"Los Angeles Film Critics Association","Critics","USA","2024","Best Cinematography","2024-01-13","Robbie Ryan (Poor Things)","https://en.wikipedia.org/wiki/2023_Los_Angeles_Film_Critics_Association_Awards"
"Los Angeles Film Critics Association","Critics","USA","2025","Best Cinematography","2025-12-07","Adolpho Veloso (Train Dreams)","http://www.lafca.net/Years/2025.php"
"Los Angeles Film Critics Association","Critics","USA","2026","Best Cinematography","2026-01-10","Adolpho Veloso (Train Dreams)","https://awardswatch.com/los-angeles-film-critics-association-lafca-awards-its-one-battle-after-another/"
"Los Angeles Film Critics Association","Critics","USA","2000","Best Production Design","2000-12-17","Tim Yip","http://www.lafca.net/Years/2000.php"
"Los Angeles Film Critics Association","Critics","USA","2001","Best Production Design","December 15, 2001","Catherine Martin (Moulin Rouge!)","http://www.lafca.net/Years/2001.php"
"Los Angeles Film Critics Association","Critics","USA","2002","Best Production Design","2002-12-15","Dante Ferretti (Gangs of New York)","http://www.lafca.net/Years/2002.php"
"Los Angeles Film Critics Association","Critics","USA","2003","Best Production Design","2004-01-07","Grant Major (The Lord of the Rings: The Return of the King)","http://www.lafca.net/Years/2003.php"
"Los Angeles Film Critics Association","Critics","USA","2004","Best Production Design","2004-12-11","Dante Ferretti","http://www.lafca.net/Years/2004.php"
"Los Angeles Film Critics Association","Critics","USA","2005","Best Production Design","2005-12-10","William Chang","http://www.lafca.net/Years/2005.php"
"Los Angeles Film Critics Association","Critics","USA","2006","Best Production Design","2006-12-11","Eugenio Caballero","http://www.lafca.net/Years/2006.php"
"Los Angeles Film Critics Association","Critics","USA","2007","Best Production Design","2008-01-12","Jack Fisk","http://www.lafca.net/Years/2007.php"
"Los Angeles Film Critics Association","Critics","USA","2008","Best Production Design","December 9, 2008","Mark Friedberg (Synecdoche, New York)","http://www.lafca.net/Years/2008.php"
"Los Angeles Film Critics Association","Critics","USA","2009","Best Production Design","2009-12-13","Philip Ivey (District 9)","http://www.lafca.net/Years/2009.php"
"Los Angeles Film Critics Association","Critics","USA","2010","Best Production Design","January 15, 2011","Guy Hendrix Dyas (Inception)","http://www.lafca.net/Years/2010.php"
"Los Angeles Film Critics Association","Critics","USA","2011","Best Production Design","January 15, 2011","Guy Hendrix Dyas (Inception)","http://www.lafca.net/Years/2010.php"
"Los Angeles Film Critics Association","Critics","USA","2012","Best Production Design","2012-12-09","Jack Fisk and David Crank (The Master)","http://www.lafca.net/Years/2012.php"
"Los Angeles Film Critics Association","Critics","USA","2013","Best Production Design","2013-12-08","K.K. Barrett (Her)","https://variety.com/2013/film/news/l-a-film-critics-voting-in-progress-1200933565/"
"Los Angeles Film Critics Association","Critics","USA","2014","Best Production Design","2014-12-07","Adam Stockhausen (The Grand Budapest Hotel)","https://www.broadwayworld.com/bwwtv/article/Los-Angeles-Film-Critics-Association-Announce-2014-Award-Winners-20141207"
"Los Angeles Film Critics Association","Critics","USA","2015","Best Production Design","2016-01-09","Colin Gibson (Mad Max: Fury Road)","http://www.lafca.net/Years/2015.php"
"Los Angeles Film Critics Association","Critics","USA","2016","Best Production Design","2016-01-09","Colin Gibson","http://www.lafca.net/Years/2015.php"
"Los Angeles Film Critics Association","Critics","USA","2017","Best Production Design","2017-12-03","Dennis Gassner (Blade Runner 2049)","https://en.wikipedia.org/wiki/2017_Los_Angeles_Film_Critics_Association_Awards"
"Los Angeles Film Critics Association","Critics","USA","2018","Best Production Design","2018-12-09","Hannah Beachler (Black Panther)","https://variety.com/2018/film/awards/2018-los-angeles-film-critics-association-awards-winners-1203085176/"
"Los Angeles Film Critics Association","Critics","USA","2019","Best Production Design","2019-01-12","Hannah Beachler (Black Panther)","http://www.lafca.net/Years/2018.php"
"Los Angeles Film Critics Association","Critics","USA","2020","Best Production Design","2020-12-20","Donald Graham Burt (Mank)","http://www.lafca.net/pressReleases/2020.pdf"
"Los Angeles Film Critics Association","Critics","USA","2021","Best Production Design","2021-12-18","Steve Saklad (Barb and Star Go to Vista Del Mar)","http://www.lafca.net/Years/2021.php"
"Los Angeles Film Critics Association","Critics","USA","2022","Best Production Design","2022-12-11","Dylan Cole and Ben Procter (Avatar: The Way of Water)","http://www.lafca.net/Years/2022.php"
"Los Angeles Film Critics Association","Critics","USA","2023","Best Production Design","2023-12-10","Sarah Greenwood","https://variety.com/2023/film/awards/los-angeles-film-critics-lafca-2023-winners-1235832312/"
"Los Angeles Film Critics Association","Critics","USA","2024","Best Production Design","2024-01-13","Sarah Greenwood (Barbie)","http://www.lafca.net/Years/2023.php"
"Los Angeles Film Critics Association","Critics","USA","2025","Best Production Design","December 8, 2024","Judy Becker (The Brutalist)","http://www.lafca.net/Years/2024.php"
"Los Angeles Film Critics Association","Critics","USA","2026","Best Production Design","2026-01-10","Hannah Beachler (Sinners)","http://www.lafca.net/Years/2025.php"
"Los Angeles Film Critics Association","Critics","USA","2000","Best Editing","","",""
"Los Angeles Film Critics Association","Critics","USA","2001","Best Editing","","",""
"Los Angeles Film Critics Association","Critics","USA","2002","Best Editing","","",""
"Los Angeles Film Critics Association","Critics","USA","2003","Best Editing","2004-01-26","","http://www.lafca.net/Years/2003.php"
"Los Angeles Film Critics Association","Critics","USA","2004","Best Editing","","","http://www.lafca.net/Years/2004.php"
"Los Angeles Film Critics Association","Critics","USA","2005","Best Editing","","",""
"Los Angeles Film Critics Association","Critics","USA","2006","Best Editing","","",""
"Los Angeles Film Critics Association","Critics","USA","2007","Best Editing","2007-12-09","","http://www.lafca.net/Years/2007.php"
"Los Angeles Film Critics Association","Critics","USA","2008","Best Editing","","",""
"Los Angeles Film Critics Association","Critics","USA","2009","Best Editing","","",""
"Los Angeles Film Critics Association","Critics","USA","2010","Best Editing","","",""
"Los Angeles Film Critics Association","Critics","USA","2011","Best Editing","","",""
"Los Angeles Film Critics Association","Critics","USA","2012","Best Editing","2012-12-09","Dylan Tichenor and William Goldenberg","http://www.lafca.net/Years/2012.php"
"Los Angeles Film Critics Association","Critics","USA","2013","Best Editing","2013-12-08","Alfonso Cuarón and Mark Sanger (Gravity)","https://deadline.com/2013/12/la-film-critics-association-awards-2013-648848/"
"Los Angeles Film Critics Association","Critics","USA","2014","Best Editing","2014-12-07","Sandra Adair","http://www.lafca.net/Years/2014.php"
"Los Angeles Film Critics Association","Critics","USA","2015","Best Editing","2015-12-06","Hank Corwin (The Big Short)","https://deadline.com/2015/12/los-angeles-film-critics-awards-2015-1201654589/"
"Los Angeles Film Critics Association","Critics","USA","2016","Best Editing","2016-12-04","Bret Granato, Maya Mumma, and Ben Sozanski for O.J.: Made in America","http://www.lafca.net/Years/2016.php"
"Los Angeles Film Critics Association","Critics","USA","2017","Best Editing","2018-01-13","Lee Smith","https://en.wikipedia.org/wiki/2017_Los_Angeles_Film_Critics_Association_Awards"
"Los Angeles Film Critics Association","Critics","USA","2018","Best Editing","2018-12-09","Joshua Altman and Bing Liu (Minding the Gap)","http://www.lafca.net/Years/2018.php"
"Los Angeles Film Critics Association","Critics","USA","2019","Best Editing","2019-12-08","Todd Douglas Miller","http://www.lafca.net/Years/2019.php"
"Los Angeles Film Critics Association","Critics","USA","2020","Best Editing","2020-12-20","Yorgos Lamprinos (The Father)","http://www.lafca.net/pressReleases/2020.pdf"
"Los Angeles Film Critics Association","Critics","USA","2021","Best Editing","2021-12-18","Joshua L. Pearson for Summer of Soul","http://www.lafca.net/Years/2021.php"
"Los Angeles Film Critics Association","Critics","USA","2022","Best Editing","2022-12-11","Blair McClendon (Aftersun)","https://variety.com/2022/awards/awards/los-angeles-film-critics-lafca-2022-winners-list-1235456657/"
"Los Angeles Film Critics Association","Critics","USA","2023","Best Editing","2023-12-10","Laurent Sénéchal (Anatomy of a Fall)","https://www.hollywoodreporter.com/movies/movie-news/2023-la-film-critics-award-winners-1235732168/"
"Los Angeles Film Critics Association","Critics","USA","2024","Best Editing","2024-01-13","Laurent Sénéchal (Anatomy of a Fall)","http://www.lafca.net/Years/2023.php"
"Los Angeles Film Critics Association","Critics","USA","2025","Best Editing","2025-12-07","Ronald Bronstein and Josh Safdie (Marty Supreme)","https://variety.com/2025/film/awards/los-angeles-film-critics-lafca-winners-1236602469/"
"Los Angeles Film Critics Association","Critics","USA","2026","Best Editing","2026-01-10","Ronald Bronstein and Josh Safdie","http://www.lafca.net/pressReleases/7Dec25.php"
"Los Angeles Film Critics Association","Critics","USA","2000","Best Music Score","2000-12-17","Tan Dun, ""Crouching Tiger, Hidden Dragon""","http://www.lafca.net/Years/2000.php"
"Los Angeles Film Critics Association","Critics","USA","2001","Best Music Score","2001-12-15","Howard Shore (The Lord of the Rings: The Fellowship of the Ring)","http://www.lafca.net/Years/2001.php"
"Los Angeles Film Critics Association","Critics","USA","2002","Best Music Score","2002-12-15","Elmer Bernstein (Far from Heaven)","http://www.lafca.net/Years/2002.php"
"Los Angeles Film Critics Association","Critics","USA","2003","Best Music Score","2004-01-07","Benoît Charest, The Triplets of Belleville (Les Triplets de Belleville)","http://www.lafca.net/Years/2003.php"
"Los Angeles Film Critics Association","Critics","USA","2004","Best Music Score","January 25, 2004","Benoît Charest and Matthieu Chedid for The Triplets of Belleville (Les Triplettes de Belleville)","http://www.lafca.net/Years/2003.php"
"Los Angeles Film Critics Association","Critics","USA","2005","Best Music Score","2005-12-11","Joe Hisaishi, ""Howl's Moving Castle""","http://www.lafca.net/Years/2005.php"
"Los Angeles Film Critics Association","Critics","USA","2006","Best Music Score","2006-12-10","Alexandre Desplat (The Painted Veil and The Queen)","http://www.lafca.net/Years/2006.php"
"Los Angeles Film Critics Association","Critics","USA","2007","Best Music Score","2007-12-09","Glen Hansard and Markéta Irglová (Once)","http://www.lafca.net/Years/2007.php"
"Los Angeles Film Critics Association","Critics","USA","2008","Best Music Score","2009-01-12","A. R. Rahman","http://www.lafca.net/Years/2008.php"
"Los Angeles Film Critics Association","Critics","USA","2009","Best Music Score","2009-12-13","T-Bone Burnett and Stephen Bruton (Crazy Heart)","http://www.lafca.net/Years/2009.php"
"Los Angeles Film Critics Association","Critics","USA","2010","Best Music Score","January 15, 2011","Alexandre Desplat (The Ghost Writer) and Trent Reznor and Atticus Ross (The Social Network) (Tie)","http://www.lafca.net/Years/2010.php"
"Los Angeles Film Critics Association","Critics","USA","2011","Best Music Score","2011-12-11","The Chemical Brothers (Hanna)","https://en.wikipedia.org/wiki/2011_Los_Angeles_Film_Critics_Association_Awards"
"Los Angeles Film Critics Association","Critics","USA","2012","Best Music Score","2012-12-09","Dan Romer and Benh Zeitlin","http://www.lafca.net/Years/2012.php"
"Los Angeles Film Critics Association","Critics","USA","2013","Best Music Score","2013-12-08","T Bone Burnett (Inside Llewyn Davis)","http://www.lafca.net/Years/2013.php"
"Los Angeles Film Critics Association","Critics","USA","2014","Best Music Score","2014-12-07","Jonny Greenwood (Inherent Vice) and Mica Levi (Under the Skin) (TIE)","https://en.wikipedia.org/wiki/2014_Los_Angeles_Film_Critics_Association_Awards"
"Los Angeles Film Critics Association","Critics","USA","2015","Best Music Score","2016-01-09","Carter Burwell (for Anomalisa and Carol)","http://www.lafca.net/Years/2015.php"
"Los Angeles Film Critics Association","Critics","USA","2016","Best Music Score","2016-12-04","Justin Hurwitz, Benj Pasek, and Justin Paul for La La Land","http://www.lafca.net/Years/2016.php"
"Los Angeles Film Critics Association","Critics","USA","2017","Best Music Score","2018-01-13","Jonny Greenwood (Phantom Thread)","http://www.lafca.net/Years/2017.php"
"Los Angeles Film Critics Association","Critics","USA","2018","Best Music Score","2018-12-09","Nicholas Britell","https://variety.com/2018/film/awards/2018-los-angeles-film-critics-association-awards-winners-1203085176/"
"Los Angeles Film Critics Association","Critics","USA","2019","Best Music Score","2019-12-08","Dan Levy (I Lost My Body)","https://variety.com/2019/film/news/2019-la-film-critics-association-winners-1203428923/"
"Los Angeles Film Critics Association","Critics","USA","2020","Best Music Score","2020-12-20","Soul (Trent Reznor and Atticus Ross)","http://www.lafca.net/pressReleases/2020.pdf"
"Los Angeles Film Critics Association","Critics","USA","2021","Best Music Score","2021-12-18","Alberto Iglesias (Parallel Mothers)","https://variety.com/2021/film/news/lafca-winners-list-2021-1235137273/"
"Los Angeles Film Critics Association","Critics","USA","2022","Best Music Score","2022-12-11","M.M. Keeravani (RRR)","http://www.lafca.net/Years/2022.php"
"Los Angeles Film Critics Association","Critics","USA","2023","Best Music Score","2023-12-10","Mica Levi (The Zone of Interest)","https://www.hollywoodreporter.com/movies/movie-news/2023-la-film-critics-award-winners-1235732168/"
"Los Angeles Film Critics Association","Critics","USA","2024","Best Music Score","2024-12-08","Trent Reznor and Atticus Ross (Challengers)","http://www.lafca.net/Years/2024.php"
"Los Angeles Film Critics Association","Critics","USA","2025","Best Music Score","2025-12-07","Kangding Ray, 'Sirāt'","http://www.lafca.net/Years/2025.php"
"Los Angeles Film Critics Association","Critics","USA","2026","Best Music Score","2026-01-10","Kangding Ray (for the film Sirāt)","http://www.lafca.net/Years/2025.php"
"Los Angeles Film Critics Association","Critics","USA","2000","Best Film Not In The English Language","2000-12-16","Yi Yi","http://www.lafca.net/Years/2000.php"
"Los Angeles Film Critics Association","Critics","USA","2001","Best Film Not In The English Language","2001-12-15","No Man's Land","http://www.lafca.net/Years/2001.php"
"Los Angeles Film Critics Association","Critics","USA","2002","Best Film Not In The English Language","2002-12-15","Y Tu Mamá También","http://www.lafca.net/Years/2002.php"
"Los Angeles Film Critics Association","Critics","USA","2003","Best Film Not In The English Language","2004-01-07","The Man on the Train (L'homme du train)","http://www.lafca.net/Years/2003.php"
"Los Angeles Film Critics Association","Critics","USA","2004","Best Film Not In The English Language","2004-12-11","House of Flying Daggers","http://www.lafca.net/Years/2004.php"
"Los Angeles Film Critics Association","Critics","USA","2005","Best Film Not In The English Language","2005-12-11","Caché","http://www.lafca.net/Years/2005.php"
"Los Angeles Film Critics Association","Critics","USA","2006","Best Film Not In The English Language","2007-01-14","The Lives of Others","http://www.lafca.net/Years/2006.php"
"Los Angeles Film Critics Association","Critics","USA","2007","Best Film Not In The English Language","2007-12-09","4 Months, 3 Weeks and 2 Days (4 luni, 3 săptămâni și 2 zile)","http://www.lafca.net/Years/2007.php"
"Los Angeles Film Critics Association","Critics","USA","2008","Best Film Not In The English Language","January 12, 2008","4 Months, 3 Weeks and 2 Days (4 luni, 3 săptămâni și 2 zile)","http://www.lafca.net/Years/2007.php"
"Los Angeles Film Critics Association","Critics","USA","2009","Best Film Not In The English Language","2009-12-13","Summer Hours","http://www.lafca.net/Years/2009.php"
"Los Angeles Film Critics Association","Critics","USA","2010","Best Film Not In The English Language","2010-01-16","Summer Hours","http://www.lafca.net/Years/2009.php"
"Los Angeles Film Critics Association","Critics","USA","2011","Best Film Not In The English Language","2011-12-11","City of Life and Death","http://www.lafca.net/Years/2011.php"
"Los Angeles Film Critics Association","Critics","USA","2012","Best Film Not In The English Language","2012-12-09","Holy Motors","https://en.wikipedia.org/wiki/2012_Los_Angeles_Film_Critics_Association_Awards"
"Los Angeles Film Critics Association","Critics","USA","2013","Best Film Not In The English Language","2013-12-08","Blue Is The Warmest Color","http://www.lafca.net/Years/2013.php"
"Los Angeles Film Critics Association","Critics","USA","2014","Best Film Not In The English Language","January 11, 2014","Blue Is the Warmest Color (La Vie d'Adèle – Chapitres 1 & 2)","http://www.lafca.net/Years/2013.php"
"Los Angeles Film Critics Association","Critics","USA","2015","Best Film Not In The English Language","2015-12-06","Son of Saul","https://en.wikipedia.org/wiki/2015_Los_Angeles_Film_Critics_Association_Awards"
"Los Angeles Film Critics Association","Critics","USA","2016","Best Film Not In The English Language","2017-01-14","The Handmaiden","http://www.lafca.net/Years/2016.php"
"Los Angeles Film Critics Association","Critics","USA","2017","Best Film Not In The English Language","2017-12-03","BPM (Beats Per Minute) and Loveless (Tie)","http://www.lafca.net/Years/2017.php"
"Los Angeles Film Critics Association","Critics","USA","2018","Best Film Not In The English Language","2018-12-09","Burning and Shoplifters (Tie)","http://www.lafca.net/Years/2018.php"
"Los Angeles Film Critics Association","Critics","USA","2019","Best Film Not In The English Language","2019-12-08","Pain and Glory","http://www.lafca.net/Years/2019.php"
"Los Angeles Film Critics Association","Critics","USA","2020","Best Film Not In The English Language","2020-12-20","Beanpole","http://www.lafca.net/Years/2020.php"
"Los Angeles Film Critics Association","Critics","USA","2021","Best Film Not In The English Language","2021-12-18","Petite Maman","https://deadline.com/2021/12/los-angeles-film-critics-awards-2021-winners-1234899054/"
"Los Angeles Film Critics Association","Critics","USA","2022","Best Film Not In The English Language","2022-12-11","EO","http://www.lafca.net/Years/2022.php"
"Los Angeles Film Critics Association","Critics","USA","2023","Best Film Not In The English Language","2023-12-10","Anatomy of a Fall","http://www.lafca.net/Years/2023.php"
"Los Angeles Film Critics Association","Critics","USA","2024","Best Film Not In The English Language","2024-12-08","All We Imagine as Light","https://www.hollywoodreporter.com/movies/movie-news/la-film-critics-association-winners-2-1236081018/"
"Los Angeles Film Critics Association","Critics","USA","2025","Best Film Not In The English Language","2025-12-07","The Secret Agent (O Agente Secreto)","http://www.lafca.net/pressReleases/7Dec25.php"
"Los Angeles Film Critics Association","Critics","USA","2026","Best Film Not In The English Language","2026-01-10","The Secret Agent","http://www.lafca.net/Years/2025.php"
"Los Angeles Film Critics Association","Critics","USA","2000","Best Documentary/Non-Fiction Film","2000-12-17","Dark Days","http://www.lafca.net/Years/2000.php"
"Los Angeles Film Critics Association","Critics","USA","2001","Best Documentary/Non-Fiction Film","2001-12-15","The Gleaners and I","http://www.lafca.net/Years/2001.php"
"Los Angeles Film Critics Association","Critics","USA","2002","Best Documentary/Non-Fiction Film","December 15, 2002","The Cockettes","http://www.lafca.net/Years/2002.php"
"Los Angeles Film Critics Association","Critics","USA","2003","Best Documentary/Non-Fiction Film","2004-01-07","The Fog of War","http://www.lafca.net/Years/2003.php"
"Los Angeles Film Critics Association","Critics","USA","2004","Best Documentary/Non-Fiction Film","2004-12-11","Born Into Brothels","http://www.lafca.net/Years/2004.php"
"Los Angeles Film Critics Association","Critics","USA","2005","Best Documentary/Non-Fiction Film","2005-12-11","Grizzly Man","http://www.lafca.net/Years/2005.php"
"Los Angeles Film Critics Association","Critics","USA","2006","Best Documentary/Non-Fiction Film","December 10, 2006","An Inconvenient Truth","http://www.lafca.net/Years/2006.php"
"Los Angeles Film Critics Association","Critics","USA","2007","Best Documentary/Non-Fiction Film","2008-01-12","No End in Sight","https://www.latimes.com/archives/la-xpm-2007-dec-10-et-film10-story.html"
"Los Angeles Film Critics Association","Critics","USA","2008","Best Documentary/Non-Fiction Film","January 12, 2008","No End in Sight","http://www.lafca.net/Years/2007.php"
"Los Angeles Film Critics Association","Critics","USA","2009","Best Documentary/Non-Fiction Film","2009-12-13","The Beaches of Agnès and The Cove (Tie)","http://www.lafca.net/Years/2009.php"
"Los Angeles Film Critics Association","Critics","USA","2010","Best Documentary/Non-Fiction Film","2010-12-12","Last Train Home","https://deadline.com/2010/12/la-film-critics-2010-award-winners-part-1-90244/"
"Los Angeles Film Critics Association","Critics","USA","2011","Best Documentary/Non-Fiction Film","2011-12-11","Cave of Forgotten Dreams","https://en.wikipedia.org/wiki/2011_Los_Angeles_Film_Critics_Association_Awards"
"Los Angeles Film Critics Association","Critics","USA","2012","Best Documentary/Non-Fiction Film","2012-12-09","The Gatekeepers","http://www.lafca.net/Years/2012.php"
"Los Angeles Film Critics Association","Critics","USA","2013","Best Documentary/Non-Fiction Film","2013-12-08","Stories We Tell","https://www.lafca.net/years/2013.php"
"Los Angeles Film Critics Association","Critics","USA","2014","Best Documentary/Non-Fiction Film","2015-01-10","Citizenfour","https://en.wikipedia.org/wiki/2014_Los_Angeles_Film_Critics_Association_Awards"
"Los Angeles Film Critics Association","Critics","USA","2015","Best Documentary/Non-Fiction Film","2015-01-10","Citizenfour","http://www.lafca.net/Years/2014.php"
"Los Angeles Film Critics Association","Critics","USA","2016","Best Documentary/Non-Fiction Film","2016-12-04","I Am Not Your Negro","https://en.wikipedia.org/wiki/2016_Los_Angeles_Film_Critics_Association_Awards"
"Los Angeles Film Critics Association","Critics","USA","2017","Best Documentary/Non-Fiction Film","2017-12-03","Faces Places","http://www.lafca.net/Years/2017.php"
"Los Angeles Film Critics Association","Critics","USA","2018","Best Documentary/Non-Fiction Film","December 9, 2018","Shirkers","http://www.lafca.net/Years/2018.php"
"Los Angeles Film Critics Association","Critics","USA","2019","Best Documentary/Non-Fiction Film","2019-12-08","American Factory","http://www.lafca.net/Years/2019.php"
"Los Angeles Film Critics Association","Critics","USA","2020","Best Documentary/Non-Fiction Film","2020-12-20","Time","https://deadline.com/2020/12/los-angeles-film-critics-2020-winners-movies-1234659451/"
"Los Angeles Film Critics Association","Critics","USA","2021","Best Documentary/Non-Fiction Film","2021-12-18","Summer of Soul (...Or, When the Revolution Could Not Be Televised)","http://www.lafca.net/Years/2021.php"
"Los Angeles Film Critics Association","Critics","USA","2022","Best Documentary/Non-Fiction Film","2022-12-11","All the Beauty and the Bloodshed","http://www.lafca.net/Years/2022.php"
"Los Angeles Film Critics Association","Critics","USA","2023","Best Documentary/Non-Fiction Film","2023-12-10","Menus-Plaisirs — Les Troisgros","http://www.lafca.net/Years/2023.php"
"Los Angeles Film Critics Association","Critics","USA","2024","Best Documentary/Non-Fiction Film","2024-12-08","No Other Land","http://www.lafca.net/Years/2024.php"
"Los Angeles Film Critics Association","Critics","USA","2025","Best Documentary/Non-Fiction Film","2025-02-06","No Other Land","https://en.wikipedia.org/wiki/2024_Los_Angeles_Film_Critics_Association_Awards"
"Los Angeles Film Critics Association","Critics","USA","2026","Best Documentary/Non-Fiction Film","2026-01-10","My Undesirable Friends: Part I — Last Air in Moscow","http://www.lafca.net/Years/2025.php"
"Los Angeles Film Critics Association","Critics","USA","2000","Best Animation","2000-12-16","Chicken Run","http://www.lafca.net/Years/2000.php"
"Los Angeles Film Critics Association","Critics","USA","2001","Best Animation","2001-12-15","Shrek","https://en.wikipedia.org/wiki/2001_Los_Angeles_Film_Critics_Association_Awards"
"Los Angeles Film Critics Association","Critics","USA","2002","Best Animation","2002-12-15","Spirited Away","https://en.wikipedia.org/wiki/2002_Los_Angeles_Film_Critics_Association_Awards"
"Los Angeles Film Critics Association","Critics","USA","2003","Best Animation","2004-01-07","The Triplets of Belleville","http://www.lafca.net/Years/2003.php"
"Los Angeles Film Critics Association","Critics","USA","2004","Best Animation","2004-12-11","The Incredibles","http://www.lafca.net/Years/2004.php"
"Los Angeles Film Critics Association","Critics","USA","2005","Best Animation","December 11, 2005","Wallace & Gromit: The Curse of the Were-Rabbit","http://www.lafca.net/Years/2005.php"
"Los Angeles Film Critics Association","Critics","USA","2006","Best Animation","2006-12-10","Happy Feet","http://www.lafca.net/Years/2006.php"
"Los Angeles Film Critics Association","Critics","USA","2007","Best Animation","2007-12-09","Ratatouille and Persepolis (Tie)","http://www.lafca.net/Years/2007.php"
"Los Angeles Film Critics Association","Critics","USA","2008","Best Animation","2008-12-09","Waltz with Bashir","http://www.lafca.net/Years/2008.php"
"Los Angeles Film Critics Association","Critics","USA","2009","Best Animation","2009-12-13","Fantastic Mr Fox","http://www.lafca.net/Years/2009.php"
"Los Angeles Film Critics Association","Critics","USA","2010","Best Animation","2010-12-12","Toy Story 3","http://www.lafca.net/Years/2010.php"
"Los Angeles Film Critics Association","Critics","USA","2011","Best Animation","2012-01-13","Rango","http://www.lafca.net/Years/2011.php"
"Los Angeles Film Critics Association","Critics","USA","2012","Best Animation","2012-12-09","Frankenweenie","http://www.lafca.net/Years/2012.php"
"Los Angeles Film Critics Association","Critics","USA","2013","Best Animation","2013-12-08","Ernest & Celestine","https://en.wikipedia.org/wiki/2013_Los_Angeles_Film_Critics_Association_Awards"
"Los Angeles Film Critics Association","Critics","USA","2014","Best Animation","2014-12-07","The Tale of the Princess Kaguya","https://en.wikipedia.org/wiki/2014_Los_Angeles_Film_Critics_Association_Awards"
"Los Angeles Film Critics Association","Critics","USA","2015","Best Animation","2015-12-06","Anomalisa","http://www.lafca.net/Years/2015.php"
"Los Angeles Film Critics Association","Critics","USA","2016","Best Animation","2016-12-04","Your Name.","http://www.lafca.net/Years/2016.php"
"Los Angeles Film Critics Association","Critics","USA","2017","Best Animation","2018-01-13","The Breadwinner","http://www.lafca.net/Years/2017.php"
"Los Angeles Film Critics Association","Critics","USA","2018","Best Animation","2018-12-09","Spider-Man: Into the Spider-Verse","https://variety.com/2018/film/awards/2018-los-angeles-film-critics-association-awards-winners-1203085176/"
"Los Angeles Film Critics Association","Critics","USA","2019","Best Animation","2020-01-11","I Lost My Body","https://deadline.com/2019/12/los-angeles-film-critics-2019-winners-awards-list-1202803600/"
"Los Angeles Film Critics Association","Critics","USA","2020","Best Animation","2020-12-20","Wolfwalkers","http://www.lafca.net/Years/2020.php"
"Los Angeles Film Critics Association","Critics","USA","2021","Best Animation","2021-12-18","Flee","http://www.lafca.net/Years/2021.php"
"Los Angeles Film Critics Association","Critics","USA","2022","Best Animation","2022-12-11","Guillermo del Toro's Pinocchio","https://variety.com/2022/awards/awards/los-angeles-film-critics-lafca-2022-winners-list-1235456657/"
"Los Angeles Film Critics Association","Critics","USA","2023","Best Animation","2023-12-10","The Boy and the Heron","http://www.lafca.net/Years/2023.php"
"Los Angeles Film Critics Association","Critics","USA","2024","Best Animation","2024-12-08","Flow","http://www.lafca.net/Years/2024.php"
"Los Angeles Film Critics Association","Critics","USA","2025","Best Animation","2025-02-06","Flow","https://en.wikipedia.org/wiki/2024_Los_Angeles_Film_Critics_Association_Awards"
"Los Angeles Film Critics Association","Critics","USA","2026","Best Animation","2026-01-10","Little Amélie or the Character of Rain","http://www.lafca.net/Years/2025.php"
"Venice Golden Lion","Festival","Italy","2000","Golden Lion for Best Film","2000-09-09","The Circle (Dayereh) directed by Jafar Panahi","https://en.wikipedia.org/wiki/57th_Venice_International_Film_Festival"
"Venice Golden Lion","Festival","Italy","2001","Golden Lion for Best Film","2001-09-08","Monsoon Wedding","https://www.cnn.com/2001/SHOWBIZ/Movies/09/08/venice.winners/index.html"
"Venice Golden Lion","Festival","Italy","2002","Golden Lion for Best Film","2002-09-08","The Magdalene Sisters","https://en.wikipedia.org/wiki/59th_Venice_International_Film_Festival"
"Venice Golden Lion","Festival","Italy","2003","Golden Lion for Best Film","2003-09-06","The Return","https://en.wikipedia.org/wiki/60th_Venice_International_Film_Festival"
"Venice Golden Lion","Festival","Italy","2004","Golden Lion for Best Film","2004-09-11","Vera Drake","https://en.wikipedia.org/wiki/61st_Venice_International_Film_Festival"
"Venice Golden Lion","Festival","Italy","2005","Golden Lion for Best Film","2005-09-10","Brokeback Mountain","https://en.wikipedia.org/wiki/62nd_Venice_International_Film_Festival"
"Venice Golden Lion","Festival","Italy","2006","Golden Lion for Best Film","2006-09-09","Still Life (Sanxia haoren)","https://www.wistv.com/story/5386944/chinese-movie-still-life-wins-golden-lion-at-venice-film-festival/"
"Venice Golden Lion","Festival","Italy","2007","Golden Lion for Best Film","2007-09-08","Lust, Caution","https://en.wikipedia.org/wiki/64th_Venice_International_Film_Festival"
"Venice Golden Lion","Festival","Italy","2008","Golden Lion for Best Film","2008-09-06","The Wrestler","https://en.wikipedia.org/wiki/65th_Venice_International_Film_Festival"
"Venice Golden Lion","Festival","Italy","2009","Golden Lion for Best Film","2009-09-12","Lebanon","https://www.reuters.com/article/lifestyle/factbox-winners-at-the-2009-venice-film-festival-idUSTRE58B1NE/"
"Venice Golden Lion","Festival","Italy","2010","Golden Lion for Best Film","2010-09-11","Somewhere (directed by Sofia Coppola)","https://en.wikipedia.org/wiki/67th_Venice_International_Film_Festival"
"Venice Golden Lion","Festival","Italy","2011","Golden Lion for Best Film","2011-09-10","Faust","https://en.wikipedia.org/wiki/68th_Venice_International_Film_Festival"
"Venice Golden Lion","Festival","Italy","2012","Golden Lion for Best Film","2012-09-08","Pieta","https://www.reuters.com/article/lifestyle/factbox-winners-at-the-2012-venice-film-festival-idUSBRE8870D2/"
"Venice Golden Lion","Festival","Italy","2013","Golden Lion for Best Film","2013-09-07","Sacro GRA","https://www.labiennale.org/en/history-venice-film-festival"
"Venice Golden Lion","Festival","Italy","2014","Golden Lion for Best Film","2014-09-06","A Pigeon Sat on a Branch Reflecting on Existence","https://en.wikipedia.org/wiki/71st_Venice_International_Film_Festival"
"Venice Golden Lion","Festival","Italy","2015","Golden Lion for Best Film","2015-09-12","From Afar (Desde allá)","https://deadline.com/2015/09/venice-golden-lion-2015-awards-full-list-1201521882/"
"Venice Golden Lion","Festival","Italy","2016","Golden Lion for Best Film","2016-09-10","The Woman Who Left","https://variety.com/2016/film/festivals/the-woman-who-left-by-filipino-auteur-lav-diaz-wins-venice-film-festival-golden-lion-complete-list-of-winners-1201856697/"
"Venice Golden Lion","Festival","Italy","2017","Golden Lion for Best Film","2017-09-09","The Shape of Water","https://www.hollywoodreporter.com/movies/movie-news/venice-film-festival-awards-announced-1037091/"
"Venice Golden Lion","Festival","Italy","2018","Golden Lion for Best Film","2018-09-08","Roma (directed by Alfonso Cuarón)","https://www.labiennale.org/en/news/official-awards-75th-venice-film-festival"
"Venice Golden Lion","Festival","Italy","2019","Golden Lion for Best Film","2019-09-07","Joker","https://www.labiennale.org/en/news/official-awards-76th-venice-film-festival"
"Venice Golden Lion","Festival","Italy","2020","Golden Lion for Best Film","2020-09-12","Nomadland","https://www.labiennale.org/en/news/official-awards-77th-venice-film-festival"
"Venice Golden Lion","Festival","Italy","2021","Golden Lion for Best Film","2021-09-11","L’ÉVÉNEMENT (Happening)","https://www.labiennale.org/en/news/official-awards-78th-venice-film-festival"
"Venice Golden Lion","Festival","Italy","2022","Golden Lion for Best Film","2022-09-10","All the Beauty and the Bloodshed","https://www.labiennale.org/en/news/official-awards-79th-venice-film-festival"
"Venice Golden Lion","Festival","Italy","2023","Golden Lion for Best Film","2023-09-09","Poor Things","https://www.labiennale.org/en/news/official-awards-80th-venice-film-festival"
"Venice Golden Lion","Festival","Italy","2024","Golden Lion for Best Film","2024-09-07","The Room Next Door","https://www.labiennale.org/en/news/official-awards-81st-venice-international-film-festival"
"Venice Golden Lion","Festival","Italy","2025","Golden Lion for Best Film","2025-09-06","Father Mother Sister Brother","https://en.wikipedia.org/wiki/82nd_Venice_International_Film_Festival"
"Venice Golden Lion","Festival","Italy","2026","Golden Lion for Best Film","2026-09-12","","https://static.labiennale.org/files/cinema/2026/Documenti/dates-deadlines-2026a.pdf"
"Venice Golden Lion","Festival","Italy","2000","Silver Lion – Award for Best Director","2000-09-09","Buddhadeb Dasgupta","https://en.wikipedia.org/wiki/57th_Venice_International_Film_Festival"
"Venice Golden Lion","Festival","Italy","2001","Silver Lion – Award for Best Director","2001-09-08","Babak Payami","https://en.wikipedia.org/wiki/58th_Venice_International_Film_Festival"
"Venice Golden Lion","Festival","Italy","2002","Silver Lion – Award for Best Director","2002-09-08","Lee Chang-dong (Oasis)","https://en.wikipedia.org/wiki/59th_Venice_International_Film_Festival"
"Venice Golden Lion","Festival","Italy","2003","Silver Lion – Award for Best Director","2003-09-06","Takeshi Kitano (for Zatōichi)","https://en.wikipedia.org/wiki/60th_Venice_International_Film_Festival"
"Venice Golden Lion","Festival","Italy","2004","Silver Lion – Award for Best Director","2004-09-11","Kim Ki-duk","https://en.wikipedia.org/wiki/61st_Venice_International_Film_Festival"
"Venice Golden Lion","Festival","Italy","2005","Silver Lion – Award for Best Director","2005-09-10","Philippe Garrel","https://en.wikipedia.org/wiki/62nd_Venice_International_Film_Festival"
"Venice Golden Lion","Festival","Italy","2006","Silver Lion – Award for Best Director","2006-09-09","Alain Resnais","https://en.wikipedia.org/wiki/63rd_Venice_International_Film_Festival"
"Venice Golden Lion","Festival","Italy","2007","Silver Lion – Award for Best Director","2007-09-08","Brian De Palma","https://en.wikipedia.org/wiki/64th_Venice_International_Film_Festival"
"Venice Golden Lion","Festival","Italy","2008","Silver Lion – Award for Best Director","2008-09-06","Aleksei German Jr. (for Paper Soldier)","https://en.wikipedia.org/wiki/65th_Venice_International_Film_Festival"
"Venice Golden Lion","Festival","Italy","2009","Silver Lion – Award for Best Director","2009-09-12","Shirin Neshat","https://www.reuters.com/article/lifestyle/factbox-winners-at-the-2009-venice-film-festival-idUSTRE58B1NL/"
"Venice Golden Lion","Festival","Italy","2010","Silver Lion – Award for Best Director","2010-09-11","Álex de la Iglesia","https://en.wikipedia.org/wiki/67th_Venice_International_Film_Festival"
"Venice Golden Lion","Festival","Italy","2011","Silver Lion – Award for Best Director","2011-09-10","Cai Shangjun","https://www.reuters.com/article/lifestyle/factbox-winners-at-the-2011-venice-film-festival-idUSTRE7892EF/"
"Venice Golden Lion","Festival","Italy","2012","Silver Lion – Award for Best Director","2012-09-08","Paul Thomas Anderson","https://www.reuters.com/article/lifestyle/factbox-winners-at-the-2012-venice-film-festival-idUSBRE8870D2/"
"Venice Golden Lion","Festival","Italy","2013","Silver Lion – Award for Best Director","2013-09-07","Alexandros Avranas","https://en.wikipedia.org/wiki/70th_Venice_International_Film_Festival"
"Venice Golden Lion","Festival","Italy","2014","Silver Lion – Award for Best Director","2014-09-06","Andrei Konchalovsky","https://en.wikipedia.org/wiki/71st_Venice_International_Film_Festival"
"Venice Golden Lion","Festival","Italy","2015","Silver Lion – Award for Best Director","2015-09-12","Pablo Trapero","https://www.labiennale.org/en/history-venice-film-festival"
"Venice Golden Lion","Festival","Italy","2016","Silver Lion – Award for Best Director","2016-09-10","Andrei Konchalovsky and Amat Escalante","https://variety.com/2016/film/festivals/the-woman-who-left-by-filipino-auteur-lav-diaz-wins-venice-film-festival-golden-lion-complete-list-of-winners-1201856697/"
"Venice Golden Lion","Festival","Italy","2017","Silver Lion – Award for Best Director","2017-09-09","Xavier Legrand","https://www.labiennale.org/en/cinema/2017/program-cinema-2017/awarded-film-silver-lion-best-director-0"
"Venice Golden Lion","Festival","Italy","2018","Silver Lion – Award for Best Director","2018-09-08","Jacques Audiard","https://variety.com/2018/film/news/venice-film-festival-complete-list-of-winners-updated-live-1202933206/"
"Venice Golden Lion","Festival","Italy","2019","Silver Lion – Award for Best Director","2019-09-07","Roy Andersson","https://www.labiennale.org/en/news/official-awards-76th-venice-film-festival"
"Venice Golden Lion","Festival","Italy","2020","Silver Lion – Award for Best Director","2020-09-12","Kiyoshi Kurosawa","https://www.labiennale.org/en/news/official-awards-77th-venice-film-festival"
"Venice Golden Lion","Festival","Italy","2021","Silver Lion – Award for Best Director","2021-09-11","Jane Campion","https://www.labiennale.org/en/news/official-awards-78th-venice-film-festival"
"Venice Golden Lion","Festival","Italy","2022","Silver Lion – Award for Best Director","2022-09-10","Luca Guadagnino","https://www.labiennale.org/en/news/official-awards-79th-venice-film-festival"
"Venice Golden Lion","Festival","Italy","2023","Silver Lion – Award for Best Director","2023-09-09","Matteo Garrone","https://www.labiennale.org/en/news/official-awards-80th-venice-film-festival"
"Venice Golden Lion","Festival","Italy","2024","Silver Lion – Award for Best Director","2024-09-07","Brady Corbet","https://www.labiennale.org/en/news/official-awards-81st-venice-international-film-festival"
"Venice Golden Lion","Festival","Italy","2025","Silver Lion – Award for Best Director","2025-09-06","Benny Safdie","https://variety.com/2025/film/festivals/venice-film-festival-awards-winners-list-golden-lion-1236507924/"
"Venice Golden Lion","Festival","Italy","2026","Silver Lion – Award for Best Director","","",""
"Venice Golden Lion","Festival","Italy","2000","Grand Jury Prize","2000-09-09","Before Night Falls","https://en.wikipedia.org/wiki/57th_Venice_International_Film_Festival"
"Venice Golden Lion","Festival","Italy","2001","Grand Jury Prize","2001-09-08","Dog Days (Hundstage)","https://en.wikipedia.org/wiki/58th_Venice_International_Film_Festival"
"Venice Golden Lion","Festival","Italy","2002","Grand Jury Prize","2002-09-08","House of Fools (Andrei Konchalovsky)","https://en.wikipedia.org/wiki/59th_Venice_International_Film_Festival"
"Venice Golden Lion","Festival","Italy","2003","Grand Jury Prize","2003-09-06","The Kite (Le Cerf-volant)","https://en.wikipedia.org/wiki/60th_Venice_International_Film_Festival"
"Venice Golden Lion","Festival","Italy","2004","Grand Jury Prize","2004-09-11","The Sea Inside (Mar adentro)","https://en.wikipedia.org/wiki/61st_Venice_International_Film_Festival"
"Venice Golden Lion","Festival","Italy","2005","Grand Jury Prize","2005-09-10","Mary (directed by Abel Ferrara)","https://en.wikipedia.org/wiki/62nd_Venice_International_Film_Festival"
"Venice Golden Lion","Festival","Italy","2006","Grand Jury Prize","2006-09-09","Daratt (Dry Season)","https://en.wikipedia.org/wiki/63rd_Venice_International_Film_Festival"
"Venice Golden Lion","Festival","Italy","2007","Grand Jury Prize","2007-09-08","I'm Not There (Todd Haynes) and The Secret of the Grain (Abdellatif Kechiche)","https://en.wikipedia.org/wiki/64th_Venice_International_Film_Festival"
"Venice Golden Lion","Festival","Italy","2008","Grand Jury Prize","2008-09-06","Teza","https://www.nation.com.pk/08-Sep-2008/venice-film-festival-2008-winners"
"Venice Golden Lion","Festival","Italy","2009","Grand Jury Prize","2009-09-12","Soul Kitchen","https://en.wikipedia.org/wiki/66th_Venice_International_Film_Festival"
"Venice Golden Lion","Festival","Italy","2010","Grand Jury Prize","2010-09-11","Essential Killing (directed by Jerzy Skolimowski)","https://www.reuters.com/article/lifestyle/factbox-winners-at-the-2010-venice-film-festival-idUSTRE68A194/"
"Venice Golden Lion","Festival","Italy","2011","Grand Jury Prize","2011-09-10","Terraferma (directed by Emanuele Crialese)","https://www.reuters.com/article/lifestyle/factbox-winners-at-the-2011-venice-film-festival-idUSTRE7892EF/"
"Venice Golden Lion","Festival","Italy","2012","Grand Jury Prize","2012-09-08","Paradise: Faith (Paradies: Glaube) directed by Ulrich Seidl","https://en.wikipedia.org/wiki/69th_Venice_International_Film_Festival"
"Venice Golden Lion","Festival","Italy","2013","Grand Jury Prize","2013-09-07","Stray Dogs (Jiaoyou)","https://www.taipeitimes.com/News/taiwan/archives/2013/09/09/2003571720"
"Venice Golden Lion","Festival","Italy","2014","Grand Jury Prize","2014-09-06","The Look of Silence","https://en.wikipedia.org/wiki/71st_Venice_International_Film_Festival"
"Venice Golden Lion","Festival","Italy","2015","Grand Jury Prize","2015-09-12","Anomalisa","https://deadline.com/2015/09/venice-golden-lion-2015-awards-full-list-1201521882/"
"Venice Golden Lion","Festival","Italy","2016","Grand Jury Prize","2016-09-10","Nocturnal Animals","https://variety.com/2016/film/festivals/the-woman-who-left-by-filipino-auteur-lav-diaz-wins-venice-film-festival-golden-lion-complete-list-of-winners-1201856697/"
"Venice Golden Lion","Festival","Italy","2017","Grand Jury Prize","2017-09-09","Foxtrot (directed by Samuel Maoz)","https://www.labiennale.org/en/news/official-awards-74th-venice-film-festival"
"Venice Golden Lion","Festival","Italy","2018","Grand Jury Prize","2018-09-08","The Favourite","https://www.labiennale.org/en/news/official-awards-75th-venice-film-festival"
"Venice Golden Lion","Festival","Italy","2019","Grand Jury Prize","2019-09-07","An Officer and a Spy (J'accuse)","https://www.labiennale.org/en/news/official-awards-76th-venice-film-festival"
"Venice Golden Lion","Festival","Italy","2020","Grand Jury Prize","2020-09-12","Nuevo Orden (New Order)","https://www.labiennale.org/en/news/official-awards-77th-venice-film-festival"
"Venice Golden Lion","Festival","Italy","2021","Grand Jury Prize","2021-09-11","The Hand of God (È stata la mano di Dio)","https://www.labiennale.org/en/news/official-awards-78th-venice-film-festival"
"Venice Golden Lion","Festival","Italy","2022","Grand Jury Prize","2022-09-10","Saint Omer","https://www.labiennale.org/en/news/official-awards-79th-venice-film-festival"
"Venice Golden Lion","Festival","Italy","2023","Grand Jury Prize","2023-09-09","Evil Does Not Exist (directed by Ryusuke Hamaguchi)","https://www.labiennale.org/en/news/official-awards-80th-venice-film-festival"
"Venice Golden Lion","Festival","Italy","2024","Grand Jury Prize","2024-09-07","Vermiglio (Maura Delpero)","https://www.labiennale.org/en/news/official-awards-81st-venice-international-film-festival"
"Venice Golden Lion","Festival","Italy","2025","Grand Jury Prize","2025-09-06","The Voice of Hind Rajab","https://www.labiennale.org/en/news/official-awards-82nd-venice-international-film-festival"
"Venice Golden Lion","Festival","Italy","2026","Grand Jury Prize","","","https://www.labiennale.org/en/cinema/2026"
"Venice Golden Lion","Festival","Italy","2000","Special Jury Prize","2000-09-09","Before Night Falls (directed by Julian Schnabel)","https://en.wikipedia.org/wiki/57th_Venice_International_Film_Festival"
"Venice Golden Lion","Festival","Italy","2001","Special Jury Prize","2001-09-08","Dog Days (Hundstage)","https://en.wikipedia.org/wiki/58th_Venice_International_Film_Festival"
"Venice Golden Lion","Festival","Italy","2002","Special Jury Prize","2002-09-08","House of Fools (Andrei Konchalovsky)","https://en.wikipedia.org/wiki/59th_Venice_International_Film_Festival"
"Venice Golden Lion","Festival","Italy","2003","Special Jury Prize","2003-09-06","The Kite (Le Cerf-volant) directed by Randa Chahal Sabag","https://en.wikipedia.org/wiki/60th_Venice_International_Film_Festival"
"Venice Golden Lion","Festival","Italy","2004","Special Jury Prize","2004-09-11","The Sea Inside","https://www.imdb.com/event/ev0000681/2004/1/"
"Venice Golden Lion","Festival","Italy","2005","Special Jury Prize","2005-09-10","Mary","https://en.wikipedia.org/wiki/62nd_Venice_International_Film_Festival"
"Venice Golden Lion","Festival","Italy","2006","Special Jury Prize","2006-09-09","Daratt (Dry Season)","https://en.wikipedia.org/wiki/63rd_Venice_International_Film_Festival"
"Venice Golden Lion","Festival","Italy","2007","Special Jury Prize","2007-09-08","I'm Not There; The Secret of the Grain","https://en.wikipedia.org/wiki/64th_Venice_International_Film_Festival"
"Venice Golden Lion","Festival","Italy","2008","Special Jury Prize","2008-09-06","Teza","https://variety.com/2008/film/awards/wrestler-takes-top-honors-at-venice-1117991766/"
"Venice Golden Lion","Festival","Italy","2009","Special Jury Prize","2009-09-12","Soul Kitchen","https://en.wikipedia.org/wiki/66th_Venice_International_Film_Festival"
"Venice Golden Lion","Festival","Italy","2010","Special Jury Prize","2010-09-11","Essential Killing","https://www.reuters.com/article/lifestyle/factbox-winners-at-the-2010-venice-film-festival-idUSTRE68A194/"
"Venice Golden Lion","Festival","Italy","2011","Special Jury Prize","2011-09-10","Terraferma","https://www.reuters.com/article/lifestyle/factbox-winners-at-the-2011-venice-film-festival-idUSTRE7892EF/"
"Venice Golden Lion","Festival","Italy","2012","Special Jury Prize","2012-09-08","Ulrich Seidl (for the film Paradise: Faith)","https://www.reuters.com/article/lifestyle/factbox-winners-at-the-2012-venice-film-festival-idUSBRE8870D2/"
"Venice Golden Lion","Festival","Italy","2013","Special Jury Prize","2013-09-07","The Police Officer's Wife (directed by Philip Gröning)","https://en.wikipedia.org/wiki/70th_Venice_International_Film_Festival"
"Venice Golden Lion","Festival","Italy","2014","Special Jury Prize","2014-09-06","Sivas","https://en.wikipedia.org/wiki/71st_Venice_International_Film_Festival"
"Venice Golden Lion","Festival","Italy","2015","Special Jury Prize","2015-09-12","Frenzy (Abluka)","https://en.wikipedia.org/wiki/72nd_Venice_International_Film_Festival"
"Venice Golden Lion","Festival","Italy","2016","Special Jury Prize","2016-09-10","The Bad Batch","https://en.wikipedia.org/wiki/73rd_Venice_International_Film_Festival"
"Venice Golden Lion","Festival","Italy","2017","Special Jury Prize","2017-09-09","Sweet Country","https://www.labiennale.org/en/news/official-awards-74th-venice-film-festival"
"Venice Golden Lion","Festival","Italy","2018","Special Jury Prize","2018-09-08","The Nightingale (directed by Jennifer Kent)","https://www.labiennale.org/en/news/official-awards-75th-venice-film-festival"
"Venice Golden Lion","Festival","Italy","2019","Special Jury Prize","2019-09-07","La mafia non è più quella di una volta (The Mafia Is No Longer What It Used to Be) by Franco Maresco","https://www.labiennale.org/en/news/official-awards-76th-venice-film-festival"
"Venice Golden Lion","Festival","Italy","2020","Special Jury Prize","2020-09-12","Dorogie Tovarischi! (Dear Comrades!)","https://www.labiennale.org/en/news/official-awards-77th-venice-film-festival"
"Venice Golden Lion","Festival","Italy","2021","Special Jury Prize","2021-09-11","Il Buco","https://www.labiennale.org/en/news/official-awards-78th-venice-film-festival"
"Venice Golden Lion","Festival","Italy","2022","Special Jury Prize","2022-09-10","No Bears (Khers Nist)","https://www.labiennale.org/en/news/official-awards-79th-venice-film-festival"
"Venice Golden Lion","Festival","Italy","2023","Special Jury Prize","2023-09-09","Zielona granica (Green Border)","https://www.labiennale.org/en/news/official-awards-80th-venice-film-festival"
"Venice Golden Lion","Festival","Italy","2024","Special Jury Prize","2024-09-07","April (directed by Dea Kulumbegashvili)","https://www.labiennale.org/en/news/official-awards-81st-venice-international-film-festival"
"Venice Golden Lion","Festival","Italy","2025","Special Jury Prize","2025-09-06","Sotto le nuvole (Below the Clouds) directed by Gianfranco Rosi","https://www.labiennale.org/en/news/official-awards-82nd-venice-international-film-festival"
"Venice Golden Lion","Festival","Italy","2026","Special Jury Prize","","",""
"Venice Golden Lion","Festival","Italy","2000","Coppa Volpi for Best Actor","2000-09-09","Javier Bardem","https://en.wikipedia.org/wiki/57th_Venice_International_Film_Festival"
"Venice Golden Lion","Festival","Italy","2001","Coppa Volpi for Best Actor","2001-09-08","Luigi Lo Cascio","https://www.cnn.com/2001/SHOWBIZ/Movies/09/08/venice.winners/index.html"
"Venice Golden Lion","Festival","Italy","2002","Coppa Volpi for Best Actor","2002-09-08","Stefano Accorsi","https://en.wikipedia.org/wiki/59th_Venice_International_Film_Festival"
"Venice Golden Lion","Festival","Italy","2003","Coppa Volpi for Best Actor","2003-09-06","Sean Penn","https://en.wikipedia.org/wiki/60th_Venice_International_Film_Festival"
"Venice Golden Lion","Festival","Italy","2004","Coppa Volpi for Best Actor","2004-09-11","Javier Bardem","https://en.wikipedia.org/wiki/61st_Venice_International_Film_Festival"
"Venice Golden Lion","Festival","Italy","2005","Coppa Volpi for Best Actor","2005-09-10","David Strathairn","https://en.wikipedia.org/wiki/62nd_Venice_International_Film_Festival"
"Venice Golden Lion","Festival","Italy","2006","Coppa Volpi for Best Actor","2006-09-09","Ben Affleck","https://en.wikipedia.org/wiki/63rd_Venice_International_Film_Festival"
"Venice Golden Lion","Festival","Italy","2007","Coppa Volpi for Best Actor","2007-09-08","Brad Pitt","https://en.wikipedia.org/wiki/64th_Venice_International_Film_Festival"
"Venice Golden Lion","Festival","Italy","2008","Coppa Volpi for Best Actor","2008-09-06","Silvio Orlando","http://www.chinadaily.com.cn/entertainment/2008-09/09/content_7010884_4.htm"
"Venice Golden Lion","Festival","Italy","2009","Coppa Volpi for Best Actor","2009-09-12","Colin Firth","https://en.wikipedia.org/wiki/66th_Venice_International_Film_Festival"
"Venice Golden Lion","Festival","Italy","2010","Coppa Volpi for Best Actor","2010-09-11","Vincent Gallo","https://en.wikipedia.org/wiki/67th_Venice_International_Film_Festival"
"Venice Golden Lion","Festival","Italy","2011","Coppa Volpi for Best Actor","2011-09-10","Michael Fassbender","https://en.wikipedia.org/wiki/68th_Venice_International_Film_Festival"
"Venice Golden Lion","Festival","Italy","2012","Coppa Volpi for Best Actor","2012-09-08","Joaquin Phoenix and Philip Seymour Hoffman","https://en.wikipedia.org/wiki/69th_Venice_International_Film_Festival"
"Venice Golden Lion","Festival","Italy","2013","Coppa Volpi for Best Actor","2013-09-07","Themis Panou","https://en.wikipedia.org/wiki/70th_Venice_International_Film_Festival"
"Venice Golden Lion","Festival","Italy","2014","Coppa Volpi for Best Actor","2014-09-06","Adam Driver","https://en.wikipedia.org/wiki/71st_Venice_International_Film_Festival"
"Venice Golden Lion","Festival","Italy","2015","Coppa Volpi for Best Actor","2015-09-12","Fabrice Luchini","https://en.wikipedia.org/wiki/72nd_Venice_International_Film_Festival"
"Venice Golden Lion","Festival","Italy","2016","Coppa Volpi for Best Actor","2016-09-10","Oscar Martínez","https://en.wikipedia.org/wiki/73rd_Venice_International_Film_Festival"
"Venice Golden Lion","Festival","Italy","2017","Coppa Volpi for Best Actor","2017-09-09","Kamel El Basha","https://www.labiennale.org/en/news/official-awards-74th-venice-film-festival"
"Venice Golden Lion","Festival","Italy","2018","Coppa Volpi for Best Actor","2018-09-08","Willem Dafoe","https://www.labiennale.org/en/news/official-awards-75th-venice-film-festival"
"Venice Golden Lion","Festival","Italy","2019","Coppa Volpi for Best Actor","2019-09-07","Luca Marinelli","https://www.labiennale.org/en/news/official-awards-76th-venice-film-festival"
"Venice Golden Lion","Festival","Italy","2020","Coppa Volpi for Best Actor","2020-09-12","Pierfrancesco Favino","https://www.labiennale.org/en/news/official-awards-77th-venice-film-festival"
"Venice Golden Lion","Festival","Italy","2021","Coppa Volpi for Best Actor","2021-09-11","John Arcilla","https://www.labiennale.org/en/news/official-awards-78th-venice-film-festival"
"Venice Golden Lion","Festival","Italy","2022","Coppa Volpi for Best Actor","2022-09-10","Colin Farrell","https://www.labiennale.org/en/news/official-awards-79th-venice-film-festival"
"Venice Golden Lion","Festival","Italy","2023","Coppa Volpi for Best Actor","2023-09-09","Peter Sarsgaard","https://www.labiennale.org/en/news/official-awards-80th-venice-film-festival"
"Venice Golden Lion","Festival","Italy","2024","Coppa Volpi for Best Actor","2024-09-07","Vincent Lindon","https://www.labiennale.org/en/news/official-awards-81st-venice-international-film-festival"
"Venice Golden Lion","Festival","Italy","2025","Coppa Volpi for Best Actor","2025-09-06","Toni Servillo","https://www.labiennale.org/en/news/official-awards-82nd-venice-international-film-festival"
"Venice Golden Lion","Festival","Italy","2026","Coppa Volpi for Best Actor","","",""
"Venice Golden Lion","Festival","Italy","2000","Coppa Volpi for Best Actress","2000-09-09","Rose Byrne","https://www.labiennale.org/en/history-venice-film-festival"
"Venice Golden Lion","Festival","Italy","2001","Coppa Volpi for Best Actress","2001-09-08","Sandra Ceccarelli","https://en.wikipedia.org/wiki/58th_Venice_International_Film_Festival"
"Venice Golden Lion","Festival","Italy","2002","Coppa Volpi for Best Actress","2002-09-08","Julianne Moore","https://en.wikipedia.org/wiki/59th_Venice_International_Film_Festival"
"Venice Golden Lion","Festival","Italy","2003","Coppa Volpi for Best Actress","2003-09-06","Katja Riemann","https://variety.com/2003/film/markets-festivals/rejected-pic-is-lion-ized-1117892028/"
"Venice Golden Lion","Festival","Italy","2004","Coppa Volpi for Best Actress","2004-09-11","Imelda Staunton","https://www.alamy.com/british-actress-helen-mirren-right-awards-with-the-coppa-volpi-british-actress-imelda-staunton-as-best-actress-for-the-movie-vera-drake-at-the-61st-edition-of-the-venice-film-festival-in-venice-northern-italy-saturday-sept-11-2004-ap-photoluigi-costantini-image542602918.html"
"Venice Golden Lion","Festival","Italy","2005","Coppa Volpi for Best Actress","2005-09-10","Giovanna Mezzogiorno","https://en.wikipedia.org/wiki/62nd_Venice_International_Film_Festival"
"Venice Golden Lion","Festival","Italy","2006","Coppa Volpi for Best Actress","2006-09-09","Helen Mirren","https://www.labiennale.org/en/history-venice-film-festival"
"Venice Golden Lion","Festival","Italy","2007","Coppa Volpi for Best Actress","2007-09-08","Cate Blanchett","https://en.wikipedia.org/wiki/64th_Venice_International_Film_Festival"
"Venice Golden Lion","Festival","Italy","2008","Coppa Volpi for Best Actress","2008-09-06","Dominique Blanc","https://variety.com/2008/film/awards/wrestler-takes-top-honors-at-venice-1117991766/"
"Venice Golden Lion","Festival","Italy","2009","Coppa Volpi for Best Actress","2009-09-12","Kseniya Rappoport","https://en.wikipedia.org/wiki/66th_Venice_International_Film_Festival"
"Venice Golden Lion","Festival","Italy","2010","Coppa Volpi for Best Actress","2010-09-11","Ariane Labed","https://www.abc.net.au/news/2010-09-12/winners-at-67th-venice-film-festival/2257112"
"Venice Golden Lion","Festival","Italy","2011","Coppa Volpi for Best Actress","2011-09-10","Deanie Yip","https://en.wikipedia.org/wiki/68th_Venice_International_Film_Festival"
"Venice Golden Lion","Festival","Italy","2012","Coppa Volpi for Best Actress","2012-09-08","Hadas Yaron","https://en.wikipedia.org/wiki/69th_Venice_International_Film_Festival"
"Venice Golden Lion","Festival","Italy","2013","Coppa Volpi for Best Actress","2013-09-07","Elena Cotta","https://www.labiennale.org/en/history-venice-film-festival"
"Venice Golden Lion","Festival","Italy","2014","Coppa Volpi for Best Actress","2014-09-06","Alba Rohrwacher","https://goldenglobes.com/photo-gallery/2014-venice-international-film-festival-award-winners/"
"Venice Golden Lion","Festival","Italy","2015","Coppa Volpi for Best Actress","2015-09-12","Valeria Golino","https://www.thelocal.it/20150914/golino-wins-best-actress-prize-in-venice"
"Venice Golden Lion","Festival","Italy","2016","Coppa Volpi for Best Actress","2016-09-10","Emma Stone","https://deadline.com/2016/09/venice-film-festival-2016-awards-full-list-1201816685/"
"Venice Golden Lion","Festival","Italy","2017","Coppa Volpi for Best Actress","2017-09-09","Charlotte Rampling","https://www.labiennale.org/en/news/official-awards-74th-venice-film-festival"
"Venice Golden Lion","Festival","Italy","2018","Coppa Volpi for Best Actress","2018-09-08","Olivia Colman","https://www.labiennale.org/en/news/official-awards-75th-venice-film-festival"
"Venice Golden Lion","Festival","Italy","2019","Coppa Volpi for Best Actress","2019-09-07","Ariane Ascaride","https://www.labiennale.org/en/news/official-awards-76th-venice-film-festival"
"Venice Golden Lion","Festival","Italy","2020","Coppa Volpi for Best Actress","2020-09-12","Vanessa Kirby","https://www.labiennale.org/en/news/official-awards-77th-venice-film-festival"
"Venice Golden Lion","Festival","Italy","2021","Coppa Volpi for Best Actress","2021-09-11","Penélope Cruz","https://www.labiennale.org/en/news/official-awards-78th-venice-film-festival"
"Venice Golden Lion","Festival","Italy","2022","Coppa Volpi for Best Actress","2022-09-10","Cate Blanchett","https://www.labiennale.org/en/news/official-awards-79th-venice-film-festival"
"Venice Golden Lion","Festival","Italy","2023","Coppa Volpi for Best Actress","2023-09-09","Cailee Spaeny","https://www.labiennale.org/en/news/official-awards-80th-venice-film-festival"
"Venice Golden Lion","Festival","Italy","2024","Coppa Volpi for Best Actress","2024-09-07","Nicole Kidman","https://www.labiennale.org/en/news/official-awards-81st-venice-international-film-festival"
"Venice Golden Lion","Festival","Italy","2025","Coppa Volpi for Best Actress","2025-09-06","Xin Zhilei","https://www.labiennale.org/en/news/official-awards-82nd-venice-international-film-festival"
"Venice Golden Lion","Festival","Italy","2026","Coppa Volpi for Best Actress","","",""
"Venice Golden Lion","Festival","Italy","2000","Award for Best Screenplay","2000-09-09","Claudio Fava, Marco Tullio Giordana, and Monica Zapelli","https://en.wikipedia.org/wiki/57th_Venice_International_Film_Festival"
"Venice Golden Lion","Festival","Italy","2001","Award for Best Screenplay","2001-09-08","Alfonso Cuarón and Carlos Cuarón","https://en.wikipedia.org/wiki/58th_Venice_International_Film_Festival"
"Venice Golden Lion","Festival","Italy","2002","Award for Best Screenplay","","",""
"Venice Golden Lion","Festival","Italy","2003","Award for Best Screenplay","2003-09-06","Marco Bellocchio (for Good Morning, Night)","https://www.imdb.com/event/ev0000681/2003/1/"
"Venice Golden Lion","Festival","Italy","2004","Award for Best Screenplay","2004-09-11","","https://en.wikipedia.org/wiki/Venice_Film_Festival_Award_for_Best_Screenplay"
"Venice Golden Lion","Festival","Italy","2005","Award for Best Screenplay","2005-09-10","George Clooney and Grant Heslov","https://en.wikipedia.org/wiki/62nd_Venice_International_Film_Festival"
"Venice Golden Lion","Festival","Italy","2006","Award for Best Screenplay","2006-09-09","Peter Morgan","https://en.wikipedia.org/wiki/63rd_Venice_International_Film_Festival"
"Venice Golden Lion","Festival","Italy","2007","Award for Best Screenplay","2007-09-08","Paul Laverty","https://en.wikipedia.org/wiki/64th_Venice_International_Film_Festival"
"Venice Golden Lion","Festival","Italy","2008","Award for Best Screenplay","2008-09-06","Haile Gerima (for Teza)","https://en.wikipedia.org/wiki/65th_Venice_International_Film_Festival"
"Venice Golden Lion","Festival","Italy","2009","Award for Best Screenplay","2009-09-12","Todd Solondz (for Life During Wartime)","https://www.reuters.com/article/lifestyle/factbox-winners-at-the-2009-venice-film-festival-idUSTRE58B1NE/"
"Venice Golden Lion","Festival","Italy","2010","Award for Best Screenplay","2010-09-11","Álex de la Iglesia (for The Last Circus)","https://variety.com/2010/film/markets-festivals/venice-film-festival-winners-1118024040/"
"Venice Golden Lion","Festival","Italy","2011","Award for Best Screenplay","2011-09-10","Yorgos Lanthimos and Efthimis Filippou (for Alps)","https://www.hollywoodreporter.com/news/general-news/venice-2011-faust-michael-fassbender-233742/"
"Venice Golden Lion","Festival","Italy","2012","Award for Best Screenplay","2012-09-08","Olivier Assayas (for Something in the Air)","https://en.wikipedia.org/wiki/69th_Venice_International_Film_Festival"
"Venice Golden Lion","Festival","Italy","2013","Award for Best Screenplay","2013-09-07","Steve Coogan and Jeff Pope (for Philomena)","https://en.wikipedia.org/wiki/70th_Venice_International_Film_Festival"
"Venice Golden Lion","Festival","Italy","2014","Award for Best Screenplay","2014-09-06","Rakhshān Banietemad and Farid Mostafavi for 'Tales' (Ghesseha)","https://en.wikipedia.org/wiki/71st_Venice_International_Film_Festival"
"Venice Golden Lion","Festival","Italy","2015","Award for Best Screenplay","2015-09-12","Christian Vincent (for the film Courted)","https://en.wikipedia.org/wiki/72nd_Venice_International_Film_Festival"
"Venice Golden Lion","Festival","Italy","2016","Award for Best Screenplay","2016-09-10","Noah Oppenheim (for Jackie)","https://variety.com/2016/film/festivals/the-woman-who-left-by-filipino-auteur-lav-diaz-wins-venice-film-festival-golden-lion-complete-list-of-winners-1201856697/"
"Venice Golden Lion","Festival","Italy","2017","Award for Best Screenplay","2017-09-09","Martin McDonagh (Three Billboards Outside Ebbing, Missouri)","https://www.labiennale.org/en/news/official-awards-74th-venice-film-festival"
"Venice Golden Lion","Festival","Italy","2018","Award for Best Screenplay","2018-09-08","Joel Coen and Ethan Coen (for The Ballad of Buster Scruggs)","https://www.labiennale.org/en/news/official-awards-75th-venice-film-festival"
"Venice Golden Lion","Festival","Italy","2019","Award for Best Screenplay","2019-09-07","Yonfan (for No. 7 Cherry Lane)","https://www.labiennale.org/en/news/official-awards-76th-venice-film-festival"
"Venice Golden Lion","Festival","Italy","2020","Award for Best Screenplay","2020-09-12","Chaitanya Tamhane","https://www.labiennale.org/en/news/official-awards-77th-venice-film-festival"
"Venice Golden Lion","Festival","Italy","2021","Award for Best Screenplay","2021-09-11","Maggie Gyllenhaal (for The Lost Daughter)","https://www.labiennale.org/en/news/official-awards-78th-venice-film-festival"
"Venice Golden Lion","Festival","Italy","2022","Award for Best Screenplay","2022-09-10","Martin McDonagh","https://www.labiennale.org/en/news/official-awards-79th-venice-film-festival"
"Venice Golden Lion","Festival","Italy","2023","Award for Best Screenplay","2023-09-09","Guillermo Calderón and Pablo Larraín (for El Conde)","https://www.labiennale.org/en/news/official-awards-80th-venice-film-festival"
"Venice Golden Lion","Festival","Italy","2024","Award for Best Screenplay","2024-09-07","Murilo Hauser and Heitor Lorega for I'm Still Here (Ainda Estou Aqui)","https://www.labiennale.org/en/news/official-awards-81st-venice-international-film-festival"
"Venice Golden Lion","Festival","Italy","2025","Award for Best Screenplay","2025-09-06","Valérie Donzelli and Gilles Marchand for 'At Work' (À pied d'œuvre)","https://www.labiennale.org/en/news/official-awards-82nd-venice-international-film-festival"
"Venice Golden Lion","Festival","Italy","2026","Award for Best Screenplay","","",""
"Venice Golden Lion","Festival","Italy","2000","Marcello Mastroianni Award","2000-09-09","Megan Burns","https://en.wikipedia.org/wiki/57th_Venice_International_Film_Festival"
"Venice Golden Lion","Festival","Italy","2001","Marcello Mastroianni Award","2001-09-08","Gael García Bernal and Diego Luna","https://www.cnn.com/2001/SHOWBIZ/Movies/09/08/venice.winners/index.html"
"Venice Golden Lion","Festival","Italy","2002","Marcello Mastroianni Award","2002-09-08","Moon So-ri","https://en.wikipedia.org/wiki/59th_Venice_International_Film_Festival"
"Venice Golden Lion","Festival","Italy","2003","Marcello Mastroianni Award","2003-09-06","Najat Benssallem","https://en.wikipedia.org/wiki/60th_Venice_International_Film_Festival"
"Venice Golden Lion","Festival","Italy","2004","Marcello Mastroianni Award","2004-09-11","Tommaso Ramenghi and Marco Luisi","https://en.wikipedia.org/wiki/61st_Venice_International_Film_Festival"
"Venice Golden Lion","Festival","Italy","2005","Marcello Mastroianni Award","2005-09-10","Ménothy Cesar","https://en.wikipedia.org/wiki/62nd_Venice_International_Film_Festival"
"Venice Golden Lion","Festival","Italy","2006","Marcello Mastroianni Award","2006-09-09","Isild Le Besco","https://en.wikipedia.org/wiki/63rd_Venice_International_Film_Festival"
"Venice Golden Lion","Festival","Italy","2007","Marcello Mastroianni Award","2007-09-08","Hafsia Herzi","https://en.wikipedia.org/wiki/64th_Venice_International_Film_Festival"
"Venice Golden Lion","Festival","Italy","2008","Marcello Mastroianni Award","2008-09-06","Jennifer Lawrence","https://en.wikipedia.org/wiki/65th_Venice_International_Film_Festival"
"Venice Golden Lion","Festival","Italy","2009","Marcello Mastroianni Award","2009-09-12","Jasmine Trinca","https://en.wikipedia.org/wiki/66th_Venice_International_Film_Festival"
"Venice Golden Lion","Festival","Italy","2010","Marcello Mastroianni Award","2010-09-11","Mila Kunis","https://en.wikipedia.org/wiki/67th_Venice_International_Film_Festival"
"Venice Golden Lion","Festival","Italy","2011","Marcello Mastroianni Award","September 10, 2011","Shôta Sometani and Fumi Nikaidô","https://www.ibtimes.com/venice-film-festival-2011-full-list-award-winners-312810"
"Venice Golden Lion","Festival","Italy","2012","Marcello Mastroianni Award","2012-09-08","Fabrizio Falco","https://en.wikipedia.org/wiki/69th_Venice_International_Film_Festival"
"Venice Golden Lion","Festival","Italy","2013","Marcello Mastroianni Award","2013-09-07","Tye Sheridan","https://www.indiewire.com/news/general-news/sacro-gra-and-miss-violence-top-the-70th-annual-venice-international-film-festival-35232/"
"Venice Golden Lion","Festival","Italy","2014","Marcello Mastroianni Award","2014-09-06","Romain Paul","https://en.wikipedia.org/wiki/71st_Venice_International_Film_Festival"
"Venice Golden Lion","Festival","Italy","2015","Marcello Mastroianni Award","2015-09-12","Abraham Attah","https://deadline.com/2015/09/venice-golden-lion-2015-awards-full-list-1201521882/"
"Venice Golden Lion","Festival","Italy","2016","Marcello Mastroianni Award","2016-09-10","Paula Beer","https://variety.com/2016/film/festivals/the-woman-who-left-by-filipino-auteur-lav-diaz-wins-venice-film-festival-golden-lion-complete-list-of-winners-1201856697/"
"Venice Golden Lion","Festival","Italy","2017","Marcello Mastroianni Award","2017-09-09","Charlie Plummer","https://www.labiennale.org/en/news/official-awards-74th-venice-film-festival"
"Venice Golden Lion","Festival","Italy","2018","Marcello Mastroianni Award","2018-09-08","Baykali Ganambarr","https://www.labiennale.org/en/news/official-awards-75th-venice-film-festival"
"Venice Golden Lion","Festival","Italy","2019","Marcello Mastroianni Award","2019-09-07","Toby Wallace","https://www.labiennale.org/en/news/official-awards-76th-venice-film-festival"
"Venice Golden Lion","Festival","Italy","2020","Marcello Mastroianni Award","2020-09-12","Rouhollah Zamani","https://www.labiennale.org/en/news/official-awards-77th-venice-film-festival"
"Venice Golden Lion","Festival","Italy","2021","Marcello Mastroianni Award","2021-09-11","Filippo Scotti","https://www.labiennale.org/en/news/official-awards-78th-venice-film-festival"
"Venice Golden Lion","Festival","Italy","2022","Marcello Mastroianni Award","2022-09-10","Taylor Russell","https://www.labiennale.org/en/news/official-awards-79th-venice-film-festival"
"Venice Golden Lion","Festival","Italy","2023","Marcello Mastroianni Award","2023-09-09","Seydou Sarr","https://www.labiennale.org/en/news/official-awards-80th-venice-film-festival"
"Venice Golden Lion","Festival","Italy","2024","Marcello Mastroianni Award","2024-09-07","Paul Kircher","https://www.labiennale.org/en/news/official-awards-81st-venice-international-film-festival"
"Venice Golden Lion","Festival","Italy","2025","Marcello Mastroianni Award","2025-09-06","Luna Wedler","https://www.labiennale.org/en/news/official-awards-82nd-venice-international-film-festival"
"Venice Golden Lion","Festival","Italy","2026","Marcello Mastroianni Award","","","https://www.labiennale.org/en/cinema/2026"
"Venice Golden Lion","Festival","Italy","2000","Orizzonti Award for Best Film","","",""
"Venice Golden Lion","Festival","Italy","2001","Orizzonti Award for Best Film","","",""
"Venice Golden Lion","Festival","Italy","2002","Orizzonti Award for Best Film","","",""
"Venice Golden Lion","Festival","Italy","2003","Orizzonti Award for Best Film","","",""
"Venice Golden Lion","Festival","Italy","2004","Orizzonti Award for Best Film","2004-09-11","Les Petits Fils (The Grand Sons)","https://en.wikipedia.org/wiki/61st_Venice_International_Film_Festival"
"Venice Golden Lion","Festival","Italy","2005","Orizzonti Award for Best Film","2005-09-10","East of Paradise","https://cineuropa.org/en/newsdetail/54704/"
"Venice Golden Lion","Festival","Italy","2006","Orizzonti Award for Best Film","2006-09-09","Courthouse on the Horseback (Mabei shang de fating)","https://en.wikipedia.org/wiki/63rd_Venice_International_Film_Festival"
"Venice Golden Lion","Festival","Italy","2007","Orizzonti Award for Best Film","2007-09-08","Autumn Ball (Sügisball)","https://www.imdb.com/event/ev0000681/2007/1/"
"Venice Golden Lion","Festival","Italy","2008","Orizzonti Award for Best Film","2008-09-06","Melancholia","https://en.wikipedia.org/wiki/65th_Venice_International_Film_Festival"
"Venice Golden Lion","Festival","Italy","2009","Orizzonti Award for Best Film","2009-09-12","Engkwentro (directed by Pepe Diokno)","https://en.wikipedia.org/wiki/66th_Venice_International_Film_Festival"
"Venice Golden Lion","Festival","Italy","2010","Orizzonti Award for Best Film","2010-09-11","Summer of Goliath (Verano de Goliat)","https://en.wikipedia.org/wiki/67th_Venice_International_Film_Festival"
"Venice Golden Lion","Festival","Italy","2011","Orizzonti Award for Best Film","2011-09-10","Kotoko","https://www.ibtimes.com/venice-film-festival-2011-full-list-award-winners-312810"
"Venice Golden Lion","Festival","Italy","2012","Orizzonti Award for Best Film","2012-09-08","Three Sisters (San Zimei)","https://en.wikipedia.org/wiki/69th_Venice_International_Film_Festival"
"Venice Golden Lion","Festival","Italy","2013","Orizzonti Award for Best Film","2013-09-07","Eastern Boys","https://en.wikipedia.org/wiki/70th_Venice_International_Film_Festival"
"Venice Golden Lion","Festival","Italy","2014","Orizzonti Award for Best Film","2014-09-06","Court","https://en.wikipedia.org/wiki/71st_Venice_International_Film_Festival"
"Venice Golden Lion","Festival","Italy","2015","Orizzonti Award for Best Film","2015-09-12","Free in Deed","https://en.wikipedia.org/wiki/72nd_Venice_International_Film_Festival"
"Venice Golden Lion","Festival","Italy","2016","Orizzonti Award for Best Film","2016-09-10","Liberami (Libera Nos)","https://variety.com/2016/film/festivals/the-woman-who-left-by-filipino-auteur-lav-diaz-wins-venice-film-festival-golden-lion-complete-list-of-winners-1201856697/"
"Venice Golden Lion","Festival","Italy","2017","Orizzonti Award for Best Film","2017-09-09","Nico, 1988","https://www.labiennale.org/en/news/official-awards-74th-venice-film-festival"
"Venice Golden Lion","Festival","Italy","2018","Orizzonti Award for Best Film","2018-09-08","Kraben Rahu (Manta Ray)","https://www.labiennale.org/en/news/official-awards-75th-venice-film-festival"
"Venice Golden Lion","Festival","Italy","2019","Orizzonti Award for Best Film","2019-09-07","Atlantis (Valentyn Vasyanovych)","https://www.labiennale.org/en/news/official-awards-76th-venice-film-festival"
"Venice Golden Lion","Festival","Italy","2020","Orizzonti Award for Best Film","2020-09-12","Dashte Khamoush (The Wasteland)","https://www.labiennale.org/en/news/official-awards-77th-venice-film-festival"
"Venice Golden Lion","Festival","Italy","2021","Orizzonti Award for Best Film","2021-09-11","Piligrimai (Pilgrims)","https://www.labiennale.org/en/news/official-awards-78th-venice-film-festival"
"Venice Golden Lion","Festival","Italy","2022","Orizzonti Award for Best Film","2022-09-10","Jang-e Jahani Sevom (World War III)","https://www.labiennale.org/en/news/official-awards-79th-venice-film-festival"
"Venice Golden Lion","Festival","Italy","2023","Orizzonti Award for Best Film","2023-09-09","Explanation for Everything (Magyarázat mindenre)","https://en.wikipedia.org/wiki/80th_Venice_International_Film_Festival"
"Venice Golden Lion","Festival","Italy","2024","Orizzonti Award for Best Film","2024-09-07","Anul Nou care n-a fost (The New Year That Never Came)","https://www.labiennale.org/en/news/official-awards-81st-venice-international-film-festival"
"Venice Golden Lion","Festival","Italy","2025","Orizzonti Award for Best Film","2025-09-06","En el Camino (On the Road) by David Pablos","https://www.labiennale.org/en/news/official-awards-82nd-venice-international-film-festival"
"Venice Golden Lion","Festival","Italy","2026","Orizzonti Award for Best Film","","",""
"Venice Golden Lion","Festival","Italy","2000","Orizzonti Award for Best Director","","","https://en.wikipedia.org/wiki/Orizzonti"
"Venice Golden Lion","Festival","Italy","2001","Orizzonti Award for Best Director","","",""
"Venice Golden Lion","Festival","Italy","2002","Orizzonti Award for Best Director","","",""
"Venice Golden Lion","Festival","Italy","2003","Orizzonti Award for Best Director","","",""
"Venice Golden Lion","Festival","Italy","2004","Orizzonti Award for Best Director","","",""
"Venice Golden Lion","Festival","Italy","2005","Orizzonti Award for Best Director","","",""
"Venice Golden Lion","Festival","Italy","2006","Orizzonti Award for Best Director","","",""
"Venice Golden Lion","Festival","Italy","2007","Orizzonti Award for Best Director","","",""
"Venice Golden Lion","Festival","Italy","2008","Orizzonti Award for Best Director","","",""
"Venice Golden Lion","Festival","Italy","2009","Orizzonti Award for Best Director","","",""
"Venice Golden Lion","Festival","Italy","2010","Orizzonti Award for Best Director","","",""
"Venice Golden Lion","Festival","Italy","2011","Orizzonti Award for Best Director","","",""
"Venice Golden Lion","Festival","Italy","2012","Orizzonti Award for Best Director","","",""
"Venice Golden Lion","Festival","Italy","2013","Orizzonti Award for Best Director","2013-09-07","Uberto Pasolini (Still Life)","https://en.wikipedia.org/wiki/70th_Venice_International_Film_Festival"
"Venice Golden Lion","Festival","Italy","2014","Orizzonti Award for Best Director","2014-09-06","Naji Abu Nowar","https://en.wikipedia.org/wiki/71st_Venice_International_Film_Festival"
"Venice Golden Lion","Festival","Italy","2015","Orizzonti Award for Best Director","2015-09-12","Brady Corbet","https://en.wikipedia.org/wiki/72nd_Venice_International_Film_Festival"
"Venice Golden Lion","Festival","Italy","2016","Orizzonti Award for Best Director","2016-09-10","Fien Troch","https://en.wikipedia.org/wiki/73rd_Venice_International_Film_Festival"
"Venice Golden Lion","Festival","Italy","2017","Orizzonti Award for Best Director","2017-09-09","Vahid Jalilvand","https://www.labiennale.org/en/news/official-awards-74th-venice-film-festival"
"Venice Golden Lion","Festival","Italy","2018","Orizzonti Award for Best Director","2018-09-08","Emir Baigazin","https://variety.com/2018/film/news/venice-film-festival-complete-list-of-winners-updated-live-1202933206/"
"Venice Golden Lion","Festival","Italy","2019","Orizzonti Award for Best Director","2019-09-07","Théo Court","https://www.labiennale.org/en/news/official-awards-76th-venice-film-festival"
"Venice Golden Lion","Festival","Italy","2020","Orizzonti Award for Best Director","2020-09-12","Lav Diaz","https://www.labiennale.org/en/news/official-awards-77th-venice-film-festival"
"Venice Golden Lion","Festival","Italy","2021","Orizzonti Award for Best Director","2021-09-11","Éric Gravel","https://www.labiennale.org/en/news/official-awards-78th-venice-film-festival"
"Venice Golden Lion","Festival","Italy","2022","Orizzonti Award for Best Director","2022-09-10","Tizza Covi and Rainer Frimmel for the film Vera","https://www.labiennale.org/en/news/official-awards-79th-venice-film-festival"
"Venice Golden Lion","Festival","Italy","2023","Orizzonti Award for Best Director","2023-09-09","Mika Gustafson","https://www.labiennale.org/en/news/official-awards-80th-venice-film-festival"
"Venice Golden Lion","Festival","Italy","2024","Orizzonti Award for Best Director","2024-09-07","Sarah Friedland","https://www.labiennale.org/en/news/official-awards-81st-venice-international-film-festival"
"Venice Golden Lion","Festival","Italy","2025","Orizzonti Award for Best Director","2025-09-06","Anuparna Roy","https://www.labiennale.org/en/news/official-awards-82nd-venice-international-film-festival"
"Venice Golden Lion","Festival","Italy","2026","Orizzonti Award for Best Director","","",""
"Venice Golden Lion","Festival","Italy","2000","Special Orizzonti Jury Prize","","",""
"Venice Golden Lion","Festival","Italy","2001","Special Orizzonti Jury Prize","","",""
"Venice Golden Lion","Festival","Italy","2002","Special Orizzonti Jury Prize","","",""
"Venice Golden Lion","Festival","Italy","2003","Special Orizzonti Jury Prize","","",""
"Venice Golden Lion","Festival","Italy","2004","Special Orizzonti Jury Prize","","",""
"Venice Golden Lion","Festival","Italy","2005","Special Orizzonti Jury Prize","","",""
"Venice Golden Lion","Festival","Italy","2006","Special Orizzonti Jury Prize","2006-09-09","None","https://en.wikipedia.org/wiki/63rd_Venice_International_Film_Festival"
"Venice Golden Lion","Festival","Italy","2007","Special Orizzonti Jury Prize","2007-09-08","","https://www.imdb.com/event/ev0000681/2007/1/"
"Venice Golden Lion","Festival","Italy","2008","Special Orizzonti Jury Prize","2008-09-06","","https://en.wikipedia.org/wiki/65th_Venice_International_Film_Festival"
"Venice Golden Lion","Festival","Italy","2009","Special Orizzonti Jury Prize","","",""
"Venice Golden Lion","Festival","Italy","2010","Special Orizzonti Jury Prize","2010-09-11","The Forgotten Space (Noël Burch and Allan Sekula)","https://variety.com/2010/film/markets-festivals/venice-film-festival-winners-1118024040/"
"Venice Golden Lion","Festival","Italy","2011","Special Orizzonti Jury Prize","2011-09-10","Whores' Glory","https://en.wikipedia.org/wiki/68th_Venice_International_Film_Festival"
"Venice Golden Lion","Festival","Italy","2012","Special Orizzonti Jury Prize","2012-09-08","Tango libre (directed by Frédéric Fonteyne)","https://en.wikipedia.org/wiki/69th_Venice_International_Film_Festival"
"Venice Golden Lion","Festival","Italy","2013","Special Orizzonti Jury Prize","2013-09-07","Ruin (directed by Michael Cody and Amiel Courtin-Wilson)","https://en.wikipedia.org/wiki/70th_Venice_International_Film_Festival"
"Venice Golden Lion","Festival","Italy","2014","Special Orizzonti Jury Prize","2014-09-06","Belluscone. Una Storia Siciliana (Franco Maresco)","https://www.hollywoodreporter.com/news/general-news/venice-roy-anderssons-a-pigeon-730677/"
"Venice Golden Lion","Festival","Italy","2015","Special Orizzonti Jury Prize","2015-09-12","Neon Bull (Boi Neon)","https://en.wikipedia.org/wiki/72nd_Venice_International_Film_Festival"
"Venice Golden Lion","Festival","Italy","2016","Special Orizzonti Jury Prize","2016-09-10","Big Big World (Koca Dünya)","https://variety.com/2016/film/festivals/the-woman-who-left-by-filipino-auteur-lav-diaz-wins-venice-film-festival-golden-lion-complete-list-of-winners-1201856697/"
"Venice Golden Lion","Festival","Italy","2017","Special Orizzonti Jury Prize","","",""
"Venice Golden Lion","Festival","Italy","2018","Special Orizzonti Jury Prize","2018-09-08","Anons (The Announcement)","https://www.labiennale.org/en/news/official-awards-75th-venice-film-festival"
"Venice Golden Lion","Festival","Italy","2019","Special Orizzonti Jury Prize","2019-09-07","Verdict","https://www.labiennale.org/en/news/official-awards-76th-venice-film-festival"
"Venice Golden Lion","Festival","Italy","2020","Special Orizzonti Jury Prize","2020-09-12","Listen (directed by Ana Rocha de Sousa)","https://www.labiennale.org/en/news/official-awards-77th-venice-film-festival"
"Venice Golden Lion","Festival","Italy","2021","Special Orizzonti Jury Prize","2021-09-11","El Gran Movimiento (directed by Kiro Russo)","https://www.labiennale.org/en/news/official-awards-78th-venice-film-festival"
"Venice Golden Lion","Festival","Italy","2022","Special Orizzonti Jury Prize","2022-09-10","Chleb i sól (Bread and Salt)","https://www.labiennale.org/en/news/official-awards-79th-venice-film-festival"
"Venice Golden Lion","Festival","Italy","2023","Special Orizzonti Jury Prize","2023-09-09","Una Sterminata Domenica (An Endless Sunday)","https://www.labiennale.org/en/news/official-awards-80th-venice-film-festival"
"Venice Golden Lion","Festival","Italy","2024","Special Orizzonti Jury Prize","2024-09-07","Hemme’nin Öldüğü Günlerden Biri (One of Those Days When Hemme Dies)","https://www.labiennale.org/en/news/official-awards-81st-venice-international-film-festival"
"Venice Golden Lion","Festival","Italy","2025","Special Orizzonti Jury Prize","2025-09-06","Harà Watan (Lost Land)","https://www.labiennale.org/en/news/official-awards-82nd-venice-international-film-festival"
"Venice Golden Lion","Festival","Italy","2026","Special Orizzonti Jury Prize","","",""
"Venice Golden Lion","Festival","Italy","2000","Orizzonti Award for Best Actor","","",""
"Venice Golden Lion","Festival","Italy","2001","Orizzonti Award for Best Actor","","",""
"Venice Golden Lion","Festival","Italy","2002","Orizzonti Award for Best Actor","","",""
"Venice Golden Lion","Festival","Italy","2003","Orizzonti Award for Best Actor","","",""
"Venice Golden Lion","Festival","Italy","2004","Orizzonti Award for Best Actor","","",""
"Venice Golden Lion","Festival","Italy","2005","Orizzonti Award for Best Actor","","",""
"Venice Golden Lion","Festival","Italy","2006","Orizzonti Award for Best Actor","","",""
"Venice Golden Lion","Festival","Italy","2007","Orizzonti Award for Best Actor","2007-09-08","","https://en.wikipedia.org/wiki/64th_Venice_International_Film_Festival"
"Venice Golden Lion","Festival","Italy","2008","Orizzonti Award for Best Actor","","",""
"Venice Golden Lion","Festival","Italy","2009","Orizzonti Award for Best Actor","","",""
"Venice Golden Lion","Festival","Italy","2010","Orizzonti Award for Best Actor","","",""
"Venice Golden Lion","Festival","Italy","2011","Orizzonti Award for Best Actor","","",""
"Venice Golden Lion","Festival","Italy","2012","Orizzonti Award for Best Actor","","",""
"Venice Golden Lion","Festival","Italy","2013","Orizzonti Award for Best Actor","","",""
"Venice Golden Lion","Festival","Italy","2014","Orizzonti Award for Best Actor","2014-09-06","Emir Hadžihafizbegović","https://goldenglobes.com/photo-gallery/2014-venice-international-film-festival-award-winners/"
"Venice Golden Lion","Festival","Italy","2015","Orizzonti Award for Best Actor","2015-09-12","Dominique Leborne","https://variety.com/2015/film/festivals/venice-film-festival-winners-announced-1201591867/"
"Venice Golden Lion","Festival","Italy","2016","Orizzonti Award for Best Actor","2016-09-10","Nuno Lopes","https://en.wikipedia.org/wiki/73rd_Venice_International_Film_Festival"
"Venice Golden Lion","Festival","Italy","2017","Orizzonti Award for Best Actor","2017-09-09","Navid Mohammadzadeh","https://www.labiennale.org/en/news/official-awards-74th-venice-film-festival"
"Venice Golden Lion","Festival","Italy","2018","Orizzonti Award for Best Actor","2018-09-08","Kais Nashif","https://www.labiennale.org/en/news/official-awards-75th-venice-film-festival"
"Venice Golden Lion","Festival","Italy","2019","Orizzonti Award for Best Actor","2019-09-07","Sami Bouajila","https://www.labiennale.org/en/news/official-awards-76th-venice-film-festival"
"Venice Golden Lion","Festival","Italy","2020","Orizzonti Award for Best Actor","2020-09-12","Yahya Mahayni","https://en.wikipedia.org/wiki/77th_Venice_International_Film_Festival"
"Venice Golden Lion","Festival","Italy","2021","Orizzonti Award for Best Actor","2021-09-11","Piseth Chhun","https://www.labiennale.org/en/news/official-awards-78th-venice-film-festival"
"Venice Golden Lion","Festival","Italy","2022","Orizzonti Award for Best Actor","2022-09-10","Mohsen Tanabandeh","https://www.labiennale.org/en/news/official-awards-79th-venice-film-festival"
"Venice Golden Lion","Festival","Italy","2023","Orizzonti Award for Best Actor","2023-09-09","Tergel Bold-Erdene","https://www.labiennale.org/en/news/official-awards-80th-venice-film-festival"
"Venice Golden Lion","Festival","Italy","2024","Orizzonti Award for Best Actor","2024-09-07","Francesco Gheghi","https://www.labiennale.org/en/news/official-awards-81st-venice-international-film-festival"
"Venice Golden Lion","Festival","Italy","2025","Orizzonti Award for Best Actor","2025-09-06","Giacomo Covi","https://www.labiennale.org/en/news/official-awards-82nd-venice-international-film-festival"
"Venice Golden Lion","Festival","Italy","2026","Orizzonti Award for Best Actor","","",""
"Venice Golden Lion","Festival","Italy","2000","Orizzonti Award for Best Actress","","",""
"Venice Golden Lion","Festival","Italy","2001","Orizzonti Award for Best Actress","","",""
"Venice Golden Lion","Festival","Italy","2002","Orizzonti Award for Best Actress","","",""
"Venice Golden Lion","Festival","Italy","2003","Orizzonti Award for Best Actress","","",""
"Venice Golden Lion","Festival","Italy","2004","Orizzonti Award for Best Actress","","",""
"Venice Golden Lion","Festival","Italy","2005","Orizzonti Award for Best Actress","","",""
"Venice Golden Lion","Festival","Italy","2006","Orizzonti Award for Best Actress","","",""
"Venice Golden Lion","Festival","Italy","2007","Orizzonti Award for Best Actress","","",""
"Venice Golden Lion","Festival","Italy","2008","Orizzonti Award for Best Actress","","",""
"Venice Golden Lion","Festival","Italy","2009","Orizzonti Award for Best Actress","","",""
"Venice Golden Lion","Festival","Italy","2010","Orizzonti Award for Best Actress","","",""
"Venice Golden Lion","Festival","Italy","2011","Orizzonti Award for Best Actress","","",""
"Venice Golden Lion","Festival","Italy","2012","Orizzonti Award for Best Actress","","",""
"Venice Golden Lion","Festival","Italy","2013","Orizzonti Award for Best Actress","","",""
"Venice Golden Lion","Festival","Italy","2014","Orizzonti Award for Best Actress","2014-09-06","none","https://en.wikipedia.org/wiki/71st_Venice_International_Film_Festival"
"Venice Golden Lion","Festival","Italy","2015","Orizzonti Award for Best Actress","","",""
"Venice Golden Lion","Festival","Italy","2016","Orizzonti Award for Best Actress","2016-09-10","Ruth Díaz","https://www.labiennale.org/en/biennale-channel/73rd-venice-film-festival-awards-ceremony"
"Venice Golden Lion","Festival","Italy","2017","Orizzonti Award for Best Actress","2017-09-09","Lyna Khoudri","https://www.labiennale.org/en/news/official-awards-74th-venice-film-festival"
"Venice Golden Lion","Festival","Italy","2018","Orizzonti Award for Best Actress","2018-09-08","Natalya Kudryashova","https://www.labiennale.org/en/news/official-awards-75th-venice-film-festival"
"Venice Golden Lion","Festival","Italy","2019","Orizzonti Award for Best Actress","2019-09-07","Marta Nieto","https://www.labiennale.org/en/news/official-awards-76th-venice-film-festival"
"Venice Golden Lion","Festival","Italy","2020","Orizzonti Award for Best Actress","2020-09-12","Khansa Batma","https://www.labiennale.org/en/news/official-awards-77th-venice-film-festival"
"Venice Golden Lion","Festival","Italy","2021","Orizzonti Award for Best Actress","2021-09-11","Laure Calamy","https://www.labiennale.org/en/news/official-awards-78th-venice-film-festival"
"Venice Golden Lion","Festival","Italy","2022","Orizzonti Award for Best Actress","2022-09-10","Vera Gemma","https://www.labiennale.org/en/news/official-awards-79th-venice-film-festival"
"Venice Golden Lion","Festival","Italy","2023","Orizzonti Award for Best Actress","2023-09-09","Margarita Rosa De Francisco","https://www.labiennale.org/en/news/official-awards-80th-venice-film-festival"
"Venice Golden Lion","Festival","Italy","2024","Orizzonti Award for Best Actress","2024-09-07","Kathleen Chalfant","https://www.labiennale.org/en/news/official-awards-81st-venice-international-film-festival"
"Venice Golden Lion","Festival","Italy","2025","Orizzonti Award for Best Actress","2025-09-06","Benedetta Porcaroli","https://www.labiennale.org/en/news/official-awards-82nd-venice-international-film-festival"
"Venice Golden Lion","Festival","Italy","2026","Orizzonti Award for Best Actress","","",""
"Venice Golden Lion","Festival","Italy","2000","Orizzonti Award for Best Screenplay","","",""
"Venice Golden Lion","Festival","Italy","2001","Orizzonti Award for Best Screenplay","","",""
"Venice Golden Lion","Festival","Italy","2002","Orizzonti Award for Best Screenplay","","",""
"Venice Golden Lion","Festival","Italy","2003","Orizzonti Award for Best Screenplay","","",""
"Venice Golden Lion","Festival","Italy","2004","Orizzonti Award for Best Screenplay","","",""
"Venice Golden Lion","Festival","Italy","2005","Orizzonti Award for Best Screenplay","","",""
"Venice Golden Lion","Festival","Italy","2006","Orizzonti Award for Best Screenplay","","",""
"Venice Golden Lion","Festival","Italy","2007","Orizzonti Award for Best Screenplay","","",""
"Venice Golden Lion","Festival","Italy","2008","Orizzonti Award for Best Screenplay","","",""
"Venice Golden Lion","Festival","Italy","2009","Orizzonti Award for Best Screenplay","","",""
"Venice Golden Lion","Festival","Italy","2010","Orizzonti Award for Best Screenplay","","",""
"Venice Golden Lion","Festival","Italy","2011","Orizzonti Award for Best Screenplay","","",""
"Venice Golden Lion","Festival","Italy","2012","Orizzonti Award for Best Screenplay","","",""
"Venice Golden Lion","Festival","Italy","2013","Orizzonti Award for Best Screenplay","","",""
"Venice Golden Lion","Festival","Italy","2014","Orizzonti Award for Best Screenplay","","",""
"Venice Golden Lion","Festival","Italy","2015","Orizzonti Award for Best Screenplay","","",""
"Venice Golden Lion","Festival","Italy","2016","Orizzonti Award for Best Screenplay","2016-09-10","Wang Bing (for Bitter Money)","https://variety.com/2016/film/festivals/the-woman-who-left-by-filipino-auteur-lav-diaz-wins-venice-film-festival-golden-lion-complete-list-of-winners-1201856697/"
"Venice Golden Lion","Festival","Italy","2017","Orizzonti Award for Best Screenplay","2017-09-09","Alireza Khatami","https://www.labiennale.org/en/news/official-awards-74th-venice-film-festival"
"Venice Golden Lion","Festival","Italy","2018","Orizzonti Award for Best Screenplay","2018-09-08","Pema Tseden (for the film Jinpa)","https://www.labiennale.org/en/news/official-awards-75th-venice-film-festival"
"Venice Golden Lion","Festival","Italy","2019","Orizzonti Award for Best Screenplay","2019-09-07","Jessica Palud, Philippe Lioret, and Diastème for Revenir","https://www.labiennale.org/en/news/official-awards-76th-venice-film-festival"
"Venice Golden Lion","Festival","Italy","2020","Orizzonti Award for Best Screenplay","2020-09-12","Pietro Castellitto","https://www.labiennale.org/en/news/official-awards-77th-venice-film-festival"
"Venice Golden Lion","Festival","Italy","2021","Orizzonti Award for Best Screenplay","2021-09-11","Peter Kerekes and Ivan Ostrochovský for Cenzorka (107 Mothers)","https://www.labiennale.org/en/news/official-awards-78th-venice-film-festival"
"Venice Golden Lion","Festival","Italy","2022","Orizzonti Award for Best Screenplay","2022-09-10","Fernando Guzzoni (for Blanquita)","https://www.labiennale.org/en/news/official-awards-79th-venice-film-festival"
"Venice Golden Lion","Festival","Italy","2023","Orizzonti Award for Best Screenplay","2023-09-09","Enrico Maria Artale for El Paraíso","https://www.labiennale.org/en/news/official-awards-80th-venice-film-festival"
"Venice Golden Lion","Festival","Italy","2024","Orizzonti Award for Best Screenplay","2024-09-07","Scandar Copti (for Happy Holidays)","https://www.labiennale.org/en/news/official-awards-81st-venice-international-film-festival"
"Venice Golden Lion","Festival","Italy","2025","Orizzonti Award for Best Screenplay","2025-09-06","Ana Cristina Barragán for Hiedra (The Ivy)","https://www.labiennale.org/en/news/official-awards-82nd-venice-international-film-festival"
"Venice Golden Lion","Festival","Italy","2026","Orizzonti Award for Best Screenplay","","",""
"Venice Golden Lion","Festival","Italy","2000","Orizzonti Award for Short Film","","",""
"Venice Golden Lion","Festival","Italy","2001","Orizzonti Award for Short Film","","",""
"Venice Golden Lion","Festival","Italy","2002","Orizzonti Award for Short Film","","",""
"Venice Golden Lion","Festival","Italy","2003","Orizzonti Award for Short Film","","",""
"Venice Golden Lion","Festival","Italy","2004","Orizzonti Award for Short Film","","",""
"Venice Golden Lion","Festival","Italy","2005","Orizzonti Award for Short Film","","",""
"Venice Golden Lion","Festival","Italy","2006","Orizzonti Award for Short Film","","",""
"Venice Golden Lion","Festival","Italy","2007","Orizzonti Award for Short Film","","",""
"Venice Golden Lion","Festival","Italy","2008","Orizzonti Award for Short Film","","",""
"Venice Golden Lion","Festival","Italy","2009","Orizzonti Award for Short Film","","",""
"Venice Golden Lion","Festival","Italy","2010","Orizzonti Award for Short Film","2010-09-11","Coming Attractions (directed by Peter Tscherkassky)","https://www.supplemagazine.org/official-awards-of-the-67th-venice-film-festival/"
"Venice Golden Lion","Festival","Italy","2011","Orizzonti Award for Short Film","2011-09-10","In attesa dell'avvento by Felice D'Agostino and Arturo Lavorato","https://www.ibtimes.com/venice-film-festival-2011-full-list-award-winners-312810"
"Venice Golden Lion","Festival","Italy","2012","Orizzonti Award for Short Film","2012-09-08","Cho-de (Invitation) by Yoo Min-young","https://en.wikipedia.org/wiki/69th_Venice_International_Film_Festival"
"Venice Golden Lion","Festival","Italy","2013","Orizzonti Award for Short Film","2013-09-07","Kush (directed by Shubhashish Bhutiani)","https://en.wikipedia.org/wiki/70th_Venice_International_Film_Festival"
"Venice Golden Lion","Festival","Italy","2014","Orizzonti Award for Short Film","2014-09-06","Maryam (directed by Sidi Saleh)","https://en.wikipedia.org/wiki/71st_Venice_International_Film_Festival"
"Venice Golden Lion","Festival","Italy","2015","Orizzonti Award for Short Film","2015-09-12","Belladonna","https://en.wikipedia.org/wiki/72nd_Venice_International_Film_Festival"
"Venice Golden Lion","Festival","Italy","2016","Orizzonti Award for Short Film","2016-09-10","La Voz Perdida by Marcelo Martinessi","https://en.wikipedia.org/wiki/73rd_Venice_International_Film_Festival"
"Venice Golden Lion","Festival","Italy","2017","Orizzonti Award for Short Film","2017-09-09","Gros Chagrin","https://en.wikipedia.org/wiki/74th_Venice_International_Film_Festival"
"Venice Golden Lion","Festival","Italy","2018","Orizzonti Award for Short Film","2018-09-08","Kado (A Gift) by Aditya Ahmad","https://www.labiennale.org/en/news/official-awards-75th-venice-film-festival"
"Venice Golden Lion","Festival","Italy","2019","Orizzonti Award for Short Film","2019-09-07","Darling","https://www.labiennale.org/en/news/official-awards-76th-venice-film-festival"
"Venice Golden Lion","Festival","Italy","2020","Orizzonti Award for Short Film","2020-09-12","Entre tú y Milagros","https://www.labiennale.org/en/news/official-awards-77th-venice-film-festival"
"Venice Golden Lion","Festival","Italy","2021","Orizzonti Award for Short Film","2021-09-11","Los Huesos (The Bones)","https://www.labiennale.org/en/news/official-awards-78th-venice-film-festival"
"Venice Golden Lion","Festival","Italy","2022","Orizzonti Award for Short Film","2022-09-10","Snow in September","https://www.labiennale.org/en/news/official-awards-79th-venice-film-festival"
"Venice Golden Lion","Festival","Italy","2023","Orizzonti Award for Short Film","2023-09-09","A Short Trip (Erenik Beqiri)","https://www.labiennale.org/en/news/official-awards-80th-venice-film-festival"
"Venice Golden Lion","Festival","Italy","2024","Orizzonti Award for Short Film","2024-09-07","Who Loves the Sun","https://www.labiennale.org/en/news/official-awards-81st-venice-international-film-festival"
"Venice Golden Lion","Festival","Italy","2025","Orizzonti Award for Short Film","2025-09-06","Utan Kelly (Without Kelly) by Lovisa Sirén","https://www.labiennale.org/en/news/official-awards-82nd-venice-international-film-festival"
"Venice Golden Lion","Festival","Italy","2026","Orizzonti Award for Short Film","","",""
"Venice Golden Lion","Festival","Italy","2000","Lion of the Future – “Luigi De Laurentiis” Venice Award for a Debut Film","2000-09-09","La Faute à Voltaire (Poetical Refugee)","https://en.wikipedia.org/wiki/57th_Venice_International_Film_Festival"
"Venice Golden Lion","Festival","Italy","2001","Lion of the Future – “Luigi De Laurentiis” Venice Award for a Debut Film","2001-09-08","Bread and Milk (Kruh in mleko) by Jan Cvitković","https://variety.com/2001/film/markets-festivals/nair-roars-at-venice-fest-1117852412/"
"Venice Golden Lion","Festival","Italy","2002","Lion of the Future – “Luigi De Laurentiis” Venice Award for a Debut Film","2002-09-08","Due amici (Two Friends) and Roger Dodger (Tie)","https://en.wikipedia.org/wiki/59th_Venice_International_Film_Festival"
"Venice Golden Lion","Festival","Italy","2003","Lion of the Future – “Luigi De Laurentiis” Venice Award for a Debut Film","2003-09-06","The Return (Vozvrashchenie)","https://www.screendaily.com/venice-2003-festival-winners-list/4014899.article"
"Venice Golden Lion","Festival","Italy","2004","Lion of the Future – “Luigi De Laurentiis” Venice Award for a Debut Film","2004-09-11","Le Grand Voyage (The Great Journey)","https://variety.com/2004/film/markets-festivals/drake-takes-cake-in-venice-1117910293/"
"Venice Golden Lion","Festival","Italy","2005","Lion of the Future – “Luigi De Laurentiis” Venice Award for a Debut Film","2005-09-10","13 Tzameti (directed by Gela Babluani)","https://en.wikipedia.org/wiki/62nd_Venice_International_Film_Festival"
"Venice Golden Lion","Festival","Italy","2006","Lion of the Future – “Luigi De Laurentiis” Venice Award for a Debut Film","2006-09-09","Khadak (directed by Peter Brosens and Jessica Woodworth)","https://en.wikipedia.org/wiki/63rd_Venice_International_Film_Festival"
"Venice Golden Lion","Festival","Italy","2007","Lion of the Future – “Luigi De Laurentiis” Venice Award for a Debut Film","2007-09-08","La Zona (The Zone)","https://en.wikipedia.org/wiki/64th_Venice_International_Film_Festival"
"Venice Golden Lion","Festival","Italy","2008","Lion of the Future – “Luigi De Laurentiis” Venice Award for a Debut Film","2008-09-06","Pranzo di ferragosto (Mid-August Lunch) by Gianni Di Gregorio","https://en.wikipedia.org/wiki/65th_Venice_International_Film_Festival"
"Venice Golden Lion","Festival","Italy","2009","Lion of the Future – “Luigi De Laurentiis” Venice Award for a Debut Film","2009-09-12","Engkwentro (directed by Pepe Diokno)","https://www.reuters.com/article/lifestyle/factbox-winners-at-the-2009-venice-film-festival-idUSTRE58B1NE/"
"Venice Golden Lion","Festival","Italy","2010","Lion of the Future – “Luigi De Laurentiis” Venice Award for a Debut Film","2010-09-11","Majority (Çogunluk), directed by Seren Yüce","https://www.wearemoviegeeks.com/2010/09/winners-of-the-67th-venice-film-festival-somewhere-wins-golden-lion/"
"Venice Golden Lion","Festival","Italy","2011","Lion of the Future – “Luigi De Laurentiis” Venice Award for a Debut Film","2011-09-10","Là-bas: A Criminal Education (directed by Guido Lombardi)","https://en.wikipedia.org/wiki/68th_Venice_International_Film_Festival"
"Venice Golden Lion","Festival","Italy","2012","Lion of the Future – “Luigi De Laurentiis” Venice Award for a Debut Film","2012-09-08","Mold (Küf) by Ali Aydın","https://en.wikipedia.org/wiki/69th_Venice_International_Film_Festival"
"Venice Golden Lion","Festival","Italy","2013","Lion of the Future – “Luigi De Laurentiis” Venice Award for a Debut Film","2013-09-07","White Shadow (directed by Noaz Deshe)","https://www.indiewire.com/news/general-news/sacro-gra-and-miss-violence-top-the-70th-annual-venice-international-film-festival-35232/"
"Venice Golden Lion","Festival","Italy","2014","Lion of the Future – “Luigi De Laurentiis” Venice Award for a Debut Film","2014-09-06","Court (directed by Chaitanya Tamhane)","https://en.wikipedia.org/wiki/71st_Venice_International_Film_Festival"
"Venice Golden Lion","Festival","Italy","2015","Lion of the Future – “Luigi De Laurentiis” Venice Award for a Debut Film","2015-09-12","The Childhood of a Leader","https://variety.com/2015/film/festivals/venice-film-festival-winners-announced-1201591867/"
"Venice Golden Lion","Festival","Italy","2016","Lion of the Future – “Luigi De Laurentiis” Venice Award for a Debut Film","2016-09-10","The Last of Us (directed by Ala Eddine Slim)","https://variety.com/2016/film/festivals/the-woman-who-left-by-filipino-auteur-lav-diaz-wins-venice-film-festival-golden-lion-complete-list-of-winners-1201856697/"
"Venice Golden Lion","Festival","Italy","2017","Lion of the Future – “Luigi De Laurentiis” Venice Award for a Debut Film","2017-09-09","Jusqu’à la garde (Custody), directed by Xavier Legrand","https://www.labiennale.org/en/news/official-awards-74th-venice-film-festival"
"Venice Golden Lion","Festival","Italy","2018","Lion of the Future – “Luigi De Laurentiis” Venice Award for a Debut Film","2018-09-08","Yom Adaatou Zouli (The Day I Lost My Shadow)","https://www.labiennale.org/en/news/official-awards-75th-venice-film-festival"
"Venice Golden Lion","Festival","Italy","2019","Lion of the Future – “Luigi De Laurentiis” Venice Award for a Debut Film","2019-09-07","You Will Die at 20 (Amjad Abu Alala)","https://www.labiennale.org/en/news/official-awards-76th-venice-film-festival"
"Venice Golden Lion","Festival","Italy","2020","Lion of the Future – “Luigi De Laurentiis” Venice Award for a Debut Film","2020-09-12","Listen (directed by Ana Rocha de Sousa)","https://www.labiennale.org/en/news/official-awards-77th-venice-film-festival"
"Venice Golden Lion","Festival","Italy","2021","Lion of the Future – “Luigi De Laurentiis” Venice Award for a Debut Film","2021-09-11","Imaculat (directed by Monica Stan and George Chiper-Lillemark)","https://www.labiennale.org/en/news/official-awards-78th-venice-film-festival"
"Venice Golden Lion","Festival","Italy","2022","Lion of the Future – “Luigi De Laurentiis” Venice Award for a Debut Film","2022-09-10","Saint Omer","https://www.labiennale.org/en/news/official-awards-79th-venice-film-festival"
"Venice Golden Lion","Festival","Italy","2023","Lion of the Future – “Luigi De Laurentiis” Venice Award for a Debut Film","2023-09-09","Ai Shi Yi Ba Qiang (Love Is a Gun) by Lee Hong-Chi","https://www.labiennale.org/en/news/official-awards-80th-venice-film-festival"
"Venice Golden Lion","Festival","Italy","2024","Lion of the Future – “Luigi De Laurentiis” Venice Award for a Debut Film","2024-09-07","Familiar Touch (directed by Sarah Friedland)","https://www.labiennale.org/en/news/official-awards-81st-venice-international-film-festival"
"Venice Golden Lion","Festival","Italy","2025","Lion of the Future – “Luigi De Laurentiis” Venice Award for a Debut Film","2025-09-06","Short Summer (dir. Nastia Korkia)","https://www.labiennale.org/en/news/official-awards-82nd-venice-international-film-festival"
"Venice Golden Lion","Festival","Italy","2026","Lion of the Future – “Luigi De Laurentiis” Venice Award for a Debut Film","","",""
"Venice Golden Lion","Festival","Italy","2000","Golden Osella for Best Technical Contribution","2000-09-09","Claudio Fava, Marco Tullio Giordana and Monica Zapelli for One Hundred Steps (I cento passi)","https://en.wikipedia.org/wiki/57th_Venice_International_Film_Festival"
"Venice Golden Lion","Festival","Italy","2001","Golden Osella for Best Technical Contribution","2001-09-08","","https://www.imdb.com/event/ev0000681/2001/1/"
"Venice Golden Lion","Festival","Italy","2002","Golden Osella for Best Technical Contribution","2002-09-08","Edward Lachman","https://www.imdb.com/event/ev0000681/2002/1/"
"Venice Golden Lion","Festival","Italy","2003","Golden Osella for Best Technical Contribution","2003-09-06","Good Morning, Night (Buongiorno, notte)","https://en.wikipedia.org/wiki/Golden_Osella"
"Venice Golden Lion","Festival","Italy","2004","Golden Osella for Best Technical Contribution","2004-09-11","Howl's Moving Castle (Studio Ghibli)","https://en.wikipedia.org/wiki/61st_Venice_International_Film_Festival"
"Venice Golden Lion","Festival","Italy","2005","Golden Osella for Best Technical Contribution","2005-09-10","William Lubtchansky (for Regular Lovers)","https://www.imdb.com/event/ev0000681/2005/1/"
"Venice Golden Lion","Festival","Italy","2006","Golden Osella for Best Technical Contribution","2006-09-09","Emmanuel Lubezki (Children of Men)","https://en.wikipedia.org/wiki/63rd_Venice_International_Film_Festival"
"Venice Golden Lion","Festival","Italy","2007","Golden Osella for Best Technical Contribution","2007-09-08","Rodrigo Prieto (for Lust, Caution)","https://www.imdb.com/event/ev0000681/2007/1/"
"Venice Golden Lion","Festival","Italy","2008","Golden Osella for Best Technical Contribution","2008-09-06","Alisher Khamidkhodzhaev and Maxim Drozdov (for Paper Soldier)","https://en.wikipedia.org/wiki/65th_Venice_International_Film_Festival"
"Venice Golden Lion","Festival","Italy","2009","Golden Osella for Best Technical Contribution","2009-09-12","Sylvie Olivé (for Mr. Nobody)","https://en.wikipedia.org/wiki/66th_Venice_International_Film_Festival"
"Venice Golden Lion","Festival","Italy","2010","Golden Osella for Best Technical Contribution","2010-09-11","Mikhail Krichman (for Silent Souls)","https://en.wikipedia.org/wiki/67th_Venice_International_Film_Festival"
"Venice Golden Lion","Festival","Italy","2011","Golden Osella for Best Technical Contribution","2011-09-10","Robbie Ryan (for Wuthering Heights)","https://en.wikipedia.org/wiki/68th_Venice_International_Film_Festival"
"Venice Golden Lion","Festival","Italy","2012","Golden Osella for Best Technical Contribution","2012-09-08","Daniele Ciprì (for the film 'It Was the Son')","https://en.wikipedia.org/wiki/69th_Venice_International_Film_Festival"
"Venice Golden Lion","Festival","Italy","2013","Golden Osella for Best Technical Contribution","2013-09-07","","https://en.wikipedia.org/wiki/70th_Venice_International_Film_Festival"
"Venice Golden Lion","Festival","Italy","2014","Golden Osella for Best Technical Contribution","","",""
"Venice Golden Lion","Festival","Italy","2015","Golden Osella for Best Technical Contribution","","","https://www.imdb.com/event/ev0000681/2015/1/"
"Venice Golden Lion","Festival","Italy","2016","Golden Osella for Best Technical Contribution","2016-09-10","","https://www.labiennale.org/en/history/73rd-venice-international-film-festival"
"Venice Golden Lion","Festival","Italy","2017","Golden Osella for Best Technical Contribution","","",""
"Venice Golden Lion","Festival","Italy","2018","Golden Osella for Best Technical Contribution","","",""
"Venice Golden Lion","Festival","Italy","2019","Golden Osella for Best Technical Contribution","","",""
"Venice Golden Lion","Festival","Italy","2020","Golden Osella for Best Technical Contribution","","",""
"Venice Golden Lion","Festival","Italy","2021","Golden Osella for Best Technical Contribution","2021-09-11","","https://www.labiennale.org/en/news/official-awards-78th-venice-film-festival"
"Venice Golden Lion","Festival","Italy","2022","Golden Osella for Best Technical Contribution","","",""
"Venice Golden Lion","Festival","Italy","2023","Golden Osella for Best Technical Contribution","2023-09-09","","https://www.labiennale.org/en/news/official-awards-80th-venice-film-festival"
"Venice Golden Lion","Festival","Italy","2024","Golden Osella for Best Technical Contribution","2024-09-07","","https://www.labiennale.org/en/news/official-awards-81st-venice-international-film-festival"
"Venice Golden Lion","Festival","Italy","2025","Golden Osella for Best Technical Contribution","","",""
"Venice Golden Lion","Festival","Italy","2026","Golden Osella for Best Technical Contribution","","",""
"Venice Golden Lion","Festival","Italy","2000","Venice Classics Award for Best Documentary on Cinema","","",""
"Venice Golden Lion","Festival","Italy","2001","Venice Classics Award for Best Documentary on Cinema","","",""
"Venice Golden Lion","Festival","Italy","2002","Venice Classics Award for Best Documentary on Cinema","","",""
"Venice Golden Lion","Festival","Italy","2003","Venice Classics Award for Best Documentary on Cinema","","",""
"Venice Golden Lion","Festival","Italy","2004","Venice Classics Award for Best Documentary on Cinema","","",""
"Venice Golden Lion","Festival","Italy","2005","Venice Classics Award for Best Documentary on Cinema","","",""
"Venice Golden Lion","Festival","Italy","2006","Venice Classics Award for Best Documentary on Cinema","","",""
"Venice Golden Lion","Festival","Italy","2007","Venice Classics Award for Best Documentary on Cinema","","",""
"Venice Golden Lion","Festival","Italy","2008","Venice Classics Award for Best Documentary on Cinema","","",""
"Venice Golden Lion","Festival","Italy","2009","Venice Classics Award for Best Documentary on Cinema","","",""
"Venice Golden Lion","Festival","Italy","2010","Venice Classics Award for Best Documentary on Cinema","","",""
"Venice Golden Lion","Festival","Italy","2011","Venice Classics Award for Best Documentary on Cinema","","",""
"Venice Golden Lion","Festival","Italy","2012","Venice Classics Award for Best Documentary on Cinema","","",""
"Venice Golden Lion","Festival","Italy","2013","Venice Classics Award for Best Documentary on Cinema","2013-09-07","Double Play: James Benning and Richard Linklater (directed by Gabe Klinger)","https://en.wikipedia.org/wiki/70th_Venice_International_Film_Festival"
"Venice Golden Lion","Festival","Italy","2014","Venice Classics Award for Best Documentary on Cinema","2014-09-06","Animata resistenza (Francesco Montagner and Alberto Girotto)","https://www.imdb.com/event/ev0000681/2014/1/"
"Venice Golden Lion","Festival","Italy","2015","Venice Classics Award for Best Documentary on Cinema","2015-09-12","The 1000 Eyes of Dr. Maddin (dir. Yves Montmayeur)","https://deadline.com/2015/09/venice-golden-lion-2015-awards-full-list-1201521882/"
"Venice Golden Lion","Festival","Italy","2016","Venice Classics Award for Best Documentary on Cinema","2016-09-10","Le Concours (The Graduation)","https://variety.com/2016/film/festivals/the-woman-who-left-by-filipino-auteur-lav-diaz-wins-venice-film-festival-golden-lion-complete-list-of-winners-1201856697/"
"Venice Golden Lion","Festival","Italy","2017","Venice Classics Award for Best Documentary on Cinema","2017-09-09","The Prince and the Dybbuk (Elwira Niewiera and Piotr Rosołowski)","https://www.labiennale.org/en/news/official-awards-74th-venice-film-festival"
"Venice Golden Lion","Festival","Italy","2018","Venice Classics Award for Best Documentary on Cinema","2018-09-08","The Great Buster: A Celebration","https://www.labiennale.org/en/news/official-awards-75th-venice-film-festival"
"Venice Golden Lion","Festival","Italy","2019","Venice Classics Award for Best Documentary on Cinema","2019-09-07","Babenco - Alguém Tem Que Ouvir o Coração e Dizer: Parou (Babenco - Tell Me When I Die)","https://www.labiennale.org/en/news/official-awards-76th-venice-film-festival"
"Venice Golden Lion","Festival","Italy","2020","Venice Classics Award for Best Documentary on Cinema","","",""
"Venice Golden Lion","Festival","Italy","2021","Venice Classics Award for Best Documentary on Cinema","","",""
"Venice Golden Lion","Festival","Italy","2022","Venice Classics Award for Best Documentary on Cinema","2022-09-10","Fragments of Paradise","https://www.labiennale.org/en/news/official-awards-79th-venice-film-festival"
"Venice Golden Lion","Festival","Italy","2023","Venice Classics Award for Best Documentary on Cinema","2023-09-09","Thank You Very Much (directed by Alex Braverman)","https://www.labiennale.org/en/news/official-awards-80th-venice-film-festival"
"Venice Golden Lion","Festival","Italy","2024","Venice Classics Award for Best Documentary on Cinema","2024-09-07","Chain Reactions (directed by Alexandre O. Philippe)","https://www.labiennale.org/en/news/official-awards-81st-venice-international-film-festival"
"Venice Golden Lion","Festival","Italy","2025","Venice Classics Award for Best Documentary on Cinema","2025-09-06","Mata Hari (directed by Joe Beshenkovsky and James A. Smith)","https://www.labiennale.org/en/news/official-awards-82nd-venice-international-film-festival"
"Venice Golden Lion","Festival","Italy","2026","Venice Classics Award for Best Documentary on Cinema","","",""
"Cannes Palme d'Or","Festival","France","2000","Palme d'Or","2000-05-21","Dancer in the Dark","https://www.festival-cannes.com/en/retrospective/2000/awards/"
"Cannes Palme d'Or","Festival","France","2001","Palme d'Or","2001-05-20","The Son's Room (La stanza del figlio)","https://www.festival-cannes.com/en/retrospective/2001/awards/"
"Cannes Palme d'Or","Festival","France","2002","Palme d'Or","2002-05-26","The Pianist (Roman Polanski)","https://www.cnn.com/2002/SHOWBIZ/Movies/05/26/cannes.finish/index.html"
"Cannes Palme d'Or","Festival","France","2003","Palme d'Or","2003-05-25","Elephant","https://www.festival-cannes.com/en/medialibrary/closing-ceremony-2003-palmares/"
"Cannes Palme d'Or","Festival","France","2004","Palme d'Or","2004-05-22","Fahrenheit 9/11 (directed by Michael Moore)","http://news.bbc.co.uk/2/hi/entertainment/3742445.stm"
"Cannes Palme d'Or","Festival","France","2005","Palme d'Or","2005-05-21","L'Enfant","https://www.festival-cannes.com/en/retrospective/2005/awards/"
"Cannes Palme d'Or","Festival","France","2006","Palme d'Or","2006-05-28","The Wind That Shakes the Barley","https://en.wikipedia.org/wiki/2006_Cannes_Film_Festival"
"Cannes Palme d'Or","Festival","France","2007","Palme d'Or","2007-05-27","4 Months, 3 Weeks and 2 Days","https://www.festival-cannes.com/en/2007/palme-d-or-4-months-3-weeks-and-2-days-by-cristian-mungiu/"
"Cannes Palme d'Or","Festival","France","2008","Palme d'Or","2008-05-25","Entre les murs (The Class)","https://www.festival-cannes.com/en/retrospective/2008/awards/"
"Cannes Palme d'Or","Festival","France","2009","Palme d'Or","2009-05-24","The White Ribbon","https://www.festival-cannes.com/en/2009/all-the-awards/"
"Cannes Palme d'Or","Festival","France","2010","Palme d'Or","2010-05-23","Uncle Boonmee Who Can Recall His Past Lives (directed by Apichatpong Weerasethakul)","https://www.theguardian.com/film/2010/may/23/cannes-film-festival-apichatpong-weerasethakul"
"Cannes Palme d'Or","Festival","France","2011","Palme d'Or","2011-05-22","The Tree of Life (directed by Terrence Malick)","https://www.festival-cannes.com/en/74-editions/retrospective/2011/awards/competition-1"
"Cannes Palme d'Or","Festival","France","2012","Palme d'Or","2012-05-27","Amour","https://en.wikipedia.org/wiki/2012_Cannes_Film_Festival"
"Cannes Palme d'Or","Festival","France","2013","Palme d'Or","2013-05-26","Blue Is the Warmest Colour (La Vie d’Adèle – Chapitre 1 & 2)","https://www.festival-cannes.com/en/2013/awards-palme-d-or/"
"Cannes Palme d'Or","Festival","France","2014","Palme d'Or","2014-05-24","Winter Sleep (directed by Nuri Bilge Ceylan)","https://www.festival-cannes.com/en/2014/cannes-2014-winners-announced-on-saturday-24-may/"
"Cannes Palme d'Or","Festival","France","2015","Palme d'Or","2015-05-24","Dheepan","https://en.wikipedia.org/wiki/2015_Cannes_Film_Festival"
"Cannes Palme d'Or","Festival","France","2016","Palme d'Or","2016-05-22","I, Daniel Blake","https://en.wikipedia.org/wiki/2016_Cannes_Film_Festival"
"Cannes Palme d'Or","Festival","France","2017","Palme d'Or","2017-05-28","The Square","https://www.festival-cannes.com/en/press/press-releases/all-the-70th-festival-de-cannes-awards/"
"Cannes Palme d'Or","Festival","France","2018","Palme d'Or","2018-05-19","Shoplifters (Manbiki Kazoku) directed by Hirokazu Kore-eda","https://www.festival-cannes.com/en/press/press-releases/71st-festival-de-cannes-awards/"
"Cannes Palme d'Or","Festival","France","2019","Palme d'Or","2019-05-25","Parasite (directed by Bong Joon-ho)","https://variety.com/2019/film/news/cannes-film-festival-2019-winners-1203225973/"
"Cannes Palme d'Or","Festival","France","2020","Palme d'Or","2020-10-29","I Am Afraid to Forget Your Face (Directed by Sameh Alaa)","https://www.festival-cannes.com/en/73rd-edition-2020/"
"Cannes Palme d'Or","Festival","France","2021","Palme d'Or","2021-07-17","Titane","https://www.bbc.com/news/entertainment-arts-57875578"
"Cannes Palme d'Or","Festival","France","2022","Palme d'Or","2022-05-28","Triangle of Sadness","https://www.festival-cannes.com/en/75-festival-de-cannes-the-2022-awards/"
"Cannes Palme d'Or","Festival","France","2023","Palme d'Or","2023-05-27","Anatomy of a Fall (Anatomie d'une chute)","https://www.festival-cannes.com/en/2023/meet-the-winners-of-the-76th-edition-of-the-festival-de-cannes/"
"Cannes Palme d'Or","Festival","France","2024","Palme d'Or","2024-05-25","Anora","https://www.festival-cannes.com/en/press/press-releases/the-77th-festival-de-cannes-winners-list/"
"Cannes Palme d'Or","Festival","France","2025","Palme d'Or","2025-05-24","Un simple accident (directed by Jafar Panahi)","https://www.festival-cannes.com/en/press/press-releases/the-78th-festival-de-cannes-winners-list/"
"Cannes Palme d'Or","Festival","France","2026","Palme d'Or","","",""
"Cannes Palme d'Or","Festival","France","2000","Grand Prix","2000-05-21","Devils on the Doorstep (Guizi Lai Le)","https://fresques.ina.fr/festival-de-cannes-en/fiche-media/Cannes00305/list-of-winners-of-the-2000-festival-and-interviews.html"
"Cannes Palme d'Or","Festival","France","2001","Grand Prix","2001-05-20","The Piano Teacher (La Pianiste)","https://en.wikipedia.org/wiki/2001_Cannes_Film_Festival"
"Cannes Palme d'Or","Festival","France","2002","Grand Prix","2002-05-26","The Man Without a Past (Mies vailla menneisyyttä)","https://en.wikipedia.org/wiki/2002_Cannes_Film_Festival"
"Cannes Palme d'Or","Festival","France","2003","Grand Prix","2003-05-25","Uzak (Distant)","https://en.unifrance.org/news/467/cannes-2003-award-winners"
"Cannes Palme d'Or","Festival","France","2004","Grand Prix","2004-05-23","Oldboy","https://www.festival-cannes.com/en/retrospective/2004/awards/"
"Cannes Palme d'Or","Festival","France","2005","Grand Prix","2005-05-22","Broken Flowers (directed by Jim Jarmusch)","https://www.festival-cannes.com/en/retrospective/2005/awards/"
"Cannes Palme d'Or","Festival","France","2006","Grand Prix","2006-05-28","Flanders (Flandres)","https://www.indiewire.com/news/general-news/cannes-06-winners-loach-film-wins-palme-dor-volver-wins-2-prizes-76614/"
"Cannes Palme d'Or","Festival","France","2007","Grand Prix","2007-05-27","The Mourning Forest (Mogari no Mori)","https://en.wikipedia.org/wiki/2007_Cannes_Film_Festival"
"Cannes Palme d'Or","Festival","France","2008","Grand Prix","2008-05-25","Gomorra (Gomorrah)","https://www.festival-cannes.com/en/2008/all-the-awards-2/"
"Cannes Palme d'Or","Festival","France","2009","Grand Prix","2009-05-24","A Prophet (Un Prophète)","https://www.festival-cannes.com/en/2009/all-the-awards/"
"Cannes Palme d'Or","Festival","France","2010","Grand Prix","2010-05-23","Of Gods and Men (Des hommes et des dieux)","https://www.festival-cannes.com/en/2010/63rd-festival-de-cannes-awards/"
"Cannes Palme d'Or","Festival","France","2011","Grand Prix","2011-05-22","'Once Upon a Time in Anatolia' (Nuri Bilge Ceylan) and 'The Kid with a Bike' (Jean-Pierre and Luc Dardenne)","https://en.wikipedia.org/wiki/2011_Cannes_Film_Festival"
"Cannes Palme d'Or","Festival","France","2012","Grand Prix","2012-05-27","Reality (directed by Matteo Garrone)","https://www.festival-cannes.com/en/2012/65th-festival-de-cannes-awards/"
"Cannes Palme d'Or","Festival","France","2013","Grand Prix","2013-05-26","Inside Llewyn Davis (Directed by Joel and Ethan Coen)","https://www.festival-cannes.com/en/2013/awards-66th-festival-de-cannes-awards/"
"Cannes Palme d'Or","Festival","France","2014","Grand Prix","2014-05-24","The Wonders (Le Meraviglie)","https://www.variety.com/2014/film/festivals/cannes-film-festival-winners-1201191277/"
"Cannes Palme d'Or","Festival","France","2015","Grand Prix","2015-05-24","Saul fia (Son of Saul)","https://www.festival-cannes.com/en/2015/all-the-68th-festival-de-cannes-awards/"
"Cannes Palme d'Or","Festival","France","2016","Grand Prix","2016-05-22","It's Only the End of the World (Juste la fin du monde) directed by Xavier Dolan","https://www.festival-cannes.com/en/2016/69th-festival-de-cannes-awards/"
"Cannes Palme d'Or","Festival","France","2017","Grand Prix","2017-05-28","120 Battements par minute (BPM – Beats Per Minute)","https://www.festival-cannes.com/en/press/press-releases/all-the-70th-festival-de-cannes-awards/"
"Cannes Palme d'Or","Festival","France","2018","Grand Prix","2018-05-19","BlacKkKlansman","https://deadline.com/2018/05/cannes-film-festival-2018-winners-palme-d-or-full-list-1202394678/"
"Cannes Palme d'Or","Festival","France","2019","Grand Prix","2019-05-25","Atlantics (directed by Mati Diop)","https://en.wikipedia.org/wiki/2019_Cannes_Film_Festival"
"Cannes Palme d'Or","Festival","France","2020","Grand Prix","","",""
"Cannes Palme d'Or","Festival","France","2021","Grand Prix","2021-07-17","'A Hero' (Asghar Farhadi) and 'Compartment No. 6' (Juho Kuosmanen) (tie)","https://www.festival-cannes.com/en/press/press-releases/all-the-74th-festival-de-cannes-awards/"
"Cannes Palme d'Or","Festival","France","2022","Grand Prix","2022-05-28","Close (directed by Lukas Dhont) and Stars at Noon (directed by Claire Denis)","https://www.festival-cannes.com/en/retrospective/2022/awards/"
"Cannes Palme d'Or","Festival","France","2023","Grand Prix","2023-05-27","The Zone of Interest (directed by Jonathan Glazer)","https://www.festival-cannes.com/en/press/press-releases/the-76th-festival-de-cannes-winners-list/"
"Cannes Palme d'Or","Festival","France","2024","Grand Prix","2024-05-25","All We Imagine as Light (Directed by Payal Kapadia)","https://www.festival-cannes.com/en/press/press-releases/the-77th-festival-de-cannes-winners-list/"
"Cannes Palme d'Or","Festival","France","2025","Grand Prix","2025-05-24","Sentimental Value (directed by Joachim Trier)","https://www.festival-cannes.com/en/press/press-releases/the-78th-festival-de-cannes-winners-list/"
"Cannes Palme d'Or","Festival","France","2026","Grand Prix","","","https://en.wikipedia.org/wiki/2026_Cannes_Film_Festival"
"Cannes Palme d'Or","Festival","France","2000","Prix du Jury","2000-05-21","Songs from the Second Floor (Roy Andersson) and Blackboards (Samira Makhmalbaf) (ex aequo)","https://fresques.ina.fr/festival-de-cannes-en/fiche-media/Cannes00305/list-of-winners-of-the-2000-festival-and-interviews.html"
"Cannes Palme d'Or","Festival","France","2001","Prix du Jury","2001-05-20","Daddy's Girl (Irvine Allan) and Pizza Passionata (Kari Juusonen) [Ex-aequo, Short Films]","https://www.festival-cannes.com/en/retrospective/2001/awards/"
"Cannes Palme d'Or","Festival","France","2002","Prix du Jury","2002-05-26","Divine Intervention (Yadon Ilaheyya)","https://www.festival-cannes.com/en/retrospective/2002/awards/"
"Cannes Palme d'Or","Festival","France","2003","Prix du Jury","2003-05-25","At Five in the Afternoon (Panj é asr) by Samira Makhmalbaf","https://www.festival-cannes.com/en/retrospective/2003/awards/"
"Cannes Palme d'Or","Festival","France","2004","Prix du Jury","2004-05-22","Tropical Malady (Sud Pralad) directed by Apichatpong Weerasethakul AND Irma P. Hall for her performance in The Ladykillers (ex-aequo)","https://www.festival-cannes.com/en/retrospective/2004/awards/"
"Cannes Palme d'Or","Festival","France","2005","Prix du Jury","2005-05-21","Shanghai Dreams (Wang Xiaoshuai)","https://www.festival-cannes.com/en/retrospective/2005/awards/"
"Cannes Palme d'Or","Festival","France","2006","Prix du Jury","2006-05-28","Red Road (directed by Andrea Arnold)","https://www.festival-cannes.com/en/retrospective/2006/awards/"
"Cannes Palme d'Or","Festival","France","2007","Prix du Jury","2007-05-27","Persepolis (directed by Marjane Satrapi and Vincent Paronnaud) and Silent Light (directed by Carlos Reygadas)","https://en.wikipedia.org/wiki/2007_Cannes_Film_Festival"
"Cannes Palme d'Or","Festival","France","2008","Prix du Jury","2008-05-25","Il Divo by Paolo Sorrentino","https://www.festival-cannes.com/en/2008/all-the-awards-2/"
"Cannes Palme d'Or","Festival","France","2009","Prix du Jury","2009-05-24","Fish Tank and Thirst (Ex-aequo)","https://www.festival-cannes.com/en/retrospective/2009/awards/"
"Cannes Palme d'Or","Festival","France","2010","Prix du Jury","2010-05-23","Un homme qui crie (A Screaming Man)","https://www.festival-cannes.com/en/2010/63rd-festival-de-cannes-awards/"
"Cannes Palme d'Or","Festival","France","2011","Prix du Jury","2011-05-22","Polisse","https://en.wikipedia.org/wiki/2011_Cannes_Film_Festival"
"Cannes Palme d'Or","Festival","France","2012","Prix du Jury","2012-05-27","The Angels’ Share","https://www.festival-cannes.com/en/2012/65th-festival-de-cannes-awards/"
"Cannes Palme d'Or","Festival","France","2013","Prix du Jury","2013-05-26","Like Father, Like Son","https://variety.com/2013/film/global/live-cannes-awards-ceremony-1200488146/"
"Cannes Palme d'Or","Festival","France","2014","Prix du Jury","2014-05-24","Mommy (directed by Xavier Dolan) and Adieu au langage (directed by Jean-Luc Godard)","https://www.festival-cannes.com/en/2014/awards-jury-prize-2/"
"Cannes Palme d'Or","Festival","France","2015","Prix du Jury","2015-05-24","The Lobster","https://www.festival-cannes.com/en/2015/all-the-68th-festival-de-cannes-awards/"
"Cannes Palme d'Or","Festival","France","2016","Prix du Jury","2016-05-22","American Honey (directed by Andrea Arnold)","https://www.festival-cannes.com/en/2016/69th-festival-de-cannes-awards/"
"Cannes Palme d'Or","Festival","France","2017","Prix du Jury","2017-05-28","Loveless (directed by Andrey Zvyagintsev)","https://variety.com/2017/film/festivals/cannes-film-festival-2017-award-winners-palme-d-or-1202446856/"
"Cannes Palme d'Or","Festival","France","2018","Prix du Jury","2018-05-19","Capharnaüm (directed by Nadine Labaki)","https://www.festival-cannes.com/en/press/press-releases/71st-festival-de-cannes-awards/"
"Cannes Palme d'Or","Festival","France","2019","Prix du Jury","2019-05-25","Bacurau (directed by Kleber Mendonça Filho and Juliano Dornelles) and Les Misérables (directed by Ladj Ly) (tie)","https://en.wikipedia.org/wiki/2019_Cannes_Film_Festival"
"Cannes Palme d'Or","Festival","France","2020","Prix du Jury","","",""
"Cannes Palme d'Or","Festival","France","2021","Prix du Jury","2021-07-17","Memoria (directed by Apichatpong Weerasethakul) and Ahed’s Knee (directed by Nadav Lapid)","https://www.hollywoodreporter.com/movies/movie-news/cannes-2021-winners-1234984024/"
"Cannes Palme d'Or","Festival","France","2022","Prix du Jury","2022-05-28","EO and The Eight Mountains (Tie)","https://variety.com/2022/film/news/cannes-film-festival-2022-winners-1235280493/"
"Cannes Palme d'Or","Festival","France","2023","Prix du Jury","2023-05-27","Fallen Leaves (Aki Kaurismäki)","https://www.festival-cannes.com/en/press/press-releases/the-76th-festival-de-cannes-winners-list/"
"Cannes Palme d'Or","Festival","France","2024","Prix du Jury","2024-05-25","Emilia Pérez (directed by Jacques Audiard)","https://www.festival-cannes.com/en/2024/a-la-rencontre-des-laureats-du-77e-festival/"
"Cannes Palme d'Or","Festival","France","2025","Prix du Jury","2025-05-24","Sirât (directed by Oliver Laxe) and Sound of Falling (directed by Mascha Schilinski) [Tie]","https://www.festival-cannes.com/en/press/press-releases/the-78th-festival-de-cannes-winners-list/"
"Cannes Palme d'Or","Festival","France","2026","Prix du Jury","","",""
"Cannes Palme d'Or","Festival","France","2000","Prix de la mise en scène","2000-05-21","Edward Yang","https://www.festival-cannes.com/en/retrospective/2000/awards/"
"Cannes Palme d'Or","Festival","France","2001","Prix de la mise en scène","2001-05-20","David Lynch (for Mulholland Drive) and Joel Coen (for The Man Who Wasn't There) [ex-aequo]","https://www.festival-cannes.com/en/retrospective/2001/awards/"
"Cannes Palme d'Or","Festival","France","2002","Prix de la mise en scène","2002-05-26","Paul Thomas Anderson and Im Kwon-taek (ex-aequo)","https://www.festival-cannes.com/en/retrospective/2002/awards/"
"Cannes Palme d'Or","Festival","France","2003","Prix de la mise en scène","2003-05-25","Gus Van Sant (for Elephant)","https://www.festival-cannes.com/en/retrospective/2003/awards/"
"Cannes Palme d'Or","Festival","France","2004","Prix de la mise en scène","2004-05-22","Tony Gatlif","https://www.festival-cannes.com/en/retrospective/2004/awards/"
"Cannes Palme d'Or","Festival","France","2005","Prix de la mise en scène","2005-05-21","Michael Haneke","https://www.festival-cannes.com/en/retrospective/2005/awards/"
"Cannes Palme d'Or","Festival","France","2006","Prix de la mise en scène","2006-05-28","Alejandro González Iñárritu","https://www.indiewire.com/news/general-news/cannes-06-winners-loach-film-wins-palme-dor-volver-wins-2-prizes-76614/"
"Cannes Palme d'Or","Festival","France","2007","Prix de la mise en scène","2007-05-27","Julian Schnabel (for The Diving Bell and the Butterfly)","https://www.festival-cannes.com/en/retrospective/2007/awards/"
"Cannes Palme d'Or","Festival","France","2008","Prix de la mise en scène","2008-05-25","Nuri Bilge Ceylan","https://www.festival-cannes.com/en/2008/all-the-awards-2/"
"Cannes Palme d'Or","Festival","France","2009","Prix de la mise en scène","2009-05-24","Brillante Mendoza (for Kinatay)","https://www.festival-cannes.com/en/2009/all-the-awards/"
"Cannes Palme d'Or","Festival","France","2010","Prix de la mise en scène","2010-05-23","Mathieu Amalric","https://www.festival-cannes.com/en/2010/63rd-festival-de-cannes-awards/"
"Cannes Palme d'Or","Festival","France","2011","Prix de la mise en scène","2011-05-22","Nicolas Winding Refn","https://www.festival-cannes.com/en/2011/best-director-award/"
"Cannes Palme d'Or","Festival","France","2012","Prix de la mise en scène","2012-05-27","Carlos Reygadas","https://www.festival-cannes.com/en/2012/65th-festival-de-cannes-awards/"
"Cannes Palme d'Or","Festival","France","2013","Prix de la mise en scène","2013-05-26","Amat Escalante","https://en.wikipedia.org/wiki/2013_Cannes_Film_Festival"
"Cannes Palme d'Or","Festival","France","2014","Prix de la mise en scène","2014-05-24","Bennett Miller","https://www.festival-cannes.com/en/2014/all-the-67th-festival-de-cannes-awards/"
"Cannes Palme d'Or","Festival","France","2015","Prix de la mise en scène","2015-05-24","Hou Hsiao-Hsien","https://www.festival-cannes.com/en/2015/all-the-68th-festival-de-cannes-awards/"
"Cannes Palme d'Or","Festival","France","2016","Prix de la mise en scène","2016-05-22","Cristian Mungiu and Olivier Assayas (ex aequo)","https://www.festival-cannes.com/en/2016/69th-festival-de-cannes-awards/"
"Cannes Palme d'Or","Festival","France","2017","Prix de la mise en scène","2017-05-28","Sofia Coppola","https://www.festival-cannes.com/en/press/press-releases/all-the-70th-festival-de-cannes-awards/"
"Cannes Palme d'Or","Festival","France","2018","Prix de la mise en scène","2018-05-19","Paweł Pawlikowski","https://www.festival-cannes.com/en/press/press-releases/71st-festival-de-cannes-awards/"
"Cannes Palme d'Or","Festival","France","2019","Prix de la mise en scène","2019-05-25","Jean-Pierre and Luc Dardenne","https://deadline.com/2019/05/cannes-film-festival-2019-winners-full-list-1202622256/"
"Cannes Palme d'Or","Festival","France","2020","Prix de la mise en scène","","",""
"Cannes Palme d'Or","Festival","France","2021","Prix de la mise en scène","2021-07-17","Leos Carax (Annette)","https://www.forbes.com/sites/sheenascott/2021/07/17/cannes-film-festival-2021-the-list-of-winners/"
"Cannes Palme d'Or","Festival","France","2022","Prix de la mise en scène","2022-05-28","Park Chan-wook","https://www.festival-cannes.com/en/press/press-releases/the-75th-festival-de-cannes-winners-list/"
"Cannes Palme d'Or","Festival","France","2023","Prix de la mise en scène","2023-05-27","Trần Anh Hùng","https://www.festival-cannes.com/en/2023/meet-the-winners-of-the-76th-edition-of-the-festival-de-cannes/"
"Cannes Palme d'Or","Festival","France","2024","Prix de la mise en scène","2024-05-25","Miguel Gomes (for Grand Tour)","https://www.festival-cannes.com/en/press/press-releases/the-77th-festival-de-cannes-winners-list/"
"Cannes Palme d'Or","Festival","France","2025","Prix de la mise en scène","2025-05-24","Kleber Mendonça Filho (for O Agente Secreto)","https://www.festival-cannes.com/en/press/press-releases/the-78th-festival-de-cannes-winners-list/"
"Cannes Palme d'Or","Festival","France","2026","Prix de la mise en scène","","",""
"Cannes Palme d'Or","Festival","France","2000","Prix d'interprétation masculine","2000-05-21","Tony Leung Chiu-wai","https://en.wikipedia.org/wiki/2000_Cannes_Film_Festival"
"Cannes Palme d'Or","Festival","France","2001","Prix d'interprétation masculine","2001-05-20","Benoît Magimel","https://en.wikipedia.org/wiki/2001_Cannes_Film_Festival"
"Cannes Palme d'Or","Festival","France","2002","Prix d'interprétation masculine","2002-05-26","Olivier Gourmet","https://en.wikipedia.org/wiki/2002_Cannes_Film_Festival"
"Cannes Palme d'Or","Festival","France","2003","Prix d'interprétation masculine","2003-05-25","Muzaffer Özdemir and Mehmet Emin Toprak (ex-aequo)","https://www.festival-cannes.com/en/retrospective/2003/awards/"
"Cannes Palme d'Or","Festival","France","2004","Prix d'interprétation masculine","2004-05-22","Yūya Yagira","https://www.festival-cannes.com/en/retrospective/2004/awards/"
"Cannes Palme d'Or","Festival","France","2005","Prix d'interprétation masculine","2005-05-22","Tommy Lee Jones","https://www.festival-cannes.com/en/retrospective/2005/awards/"
"Cannes Palme d'Or","Festival","France","2006","Prix d'interprétation masculine","2006-05-28","Jamel Debbouze, Samy Naceri, Sami Bouajila, Roschdy Zem, and Bernard Blancan","https://www.festival-cannes.com/en/retrospective/2006/awards/"
"Cannes Palme d'Or","Festival","France","2007","Prix d'interprétation masculine","2007-05-27","Konstantin Lavronenko","https://www.festival-cannes.com/en/retrospective/2007/awards/"
"Cannes Palme d'Or","Festival","France","2008","Prix d'interprétation masculine","2008-05-25","Benicio del Toro","https://en.wikipedia.org/wiki/2008_Cannes_Film_Festival"
"Cannes Palme d'Or","Festival","France","2009","Prix d'interprétation masculine","2009-05-24","Christoph Waltz","https://www.festival-cannes.com/en/2009/all-the-awards/"
"Cannes Palme d'Or","Festival","France","2010","Prix d'interprétation masculine","2010-05-23","Javier Bardem and Elio Germano","https://www.festival-cannes.com/en/2010/63rd-festival-de-cannes-awards/"
"Cannes Palme d'Or","Festival","France","2011","Prix d'interprétation masculine","2011-05-22","Jean Dujardin","https://www.festival-cannes.com/en/retrospective/2011/awards/"
"Cannes Palme d'Or","Festival","France","2012","Prix d'interprétation masculine","2012-05-27","Mads Mikkelsen","https://www.festival-cannes.com/2012/prix-d-interpretation-masculine-3/"
"Cannes Palme d'Or","Festival","France","2013","Prix d'interprétation masculine","2013-05-26","Bruce Dern","https://www.festival-cannes.com/en/2013/awards-66th-festival-de-cannes-awards/"
"Cannes Palme d'Or","Festival","France","2014","Prix d'interprétation masculine","2014-05-24","Timothy Spall","https://www.festival-cannes.com/en/2014/all-the-67th-festival-de-cannes-awards/"
"Cannes Palme d'Or","Festival","France","2015","Prix d'interprétation masculine","2015-05-24","Vincent Lindon","https://www.festival-cannes.com/en/2015/all-the-68th-festival-de-cannes-awards/"
"Cannes Palme d'Or","Festival","France","2016","Prix d'interprétation masculine","2016-05-22","Shahab Hosseini","https://www.theguardian.com/film/2016/may/22/cannes-2016-full-list-winners-film-festival-palme-dor"
"Cannes Palme d'Or","Festival","France","2017","Prix d'interprétation masculine","2017-05-28","Joaquin Phoenix","https://en.wikipedia.org/wiki/2017_Cannes_Film_Festival"
"Cannes Palme d'Or","Festival","France","2018","Prix d'interprétation masculine","2018-05-19","Marcello Fonte","https://www.festival-cannes.com/en/press/press-releases/71st-festival-de-cannes-awards/"
"Cannes Palme d'Or","Festival","France","2019","Prix d'interprétation masculine","2019-05-25","Antonio Banderas","https://www.festival-cannes.com/en/2019/meeting-the-winners/"
"Cannes Palme d'Or","Festival","France","2020","Prix d'interprétation masculine","","",""
"Cannes Palme d'Or","Festival","France","2021","Prix d'interprétation masculine","2021-07-17","Caleb Landry Jones","https://www.forbes.com/sites/sheenascott/2021/07/17/cannes-film-festival-2021-the-list-of-winners/"
"Cannes Palme d'Or","Festival","France","2022","Prix d'interprétation masculine","2022-05-28","Song Kang-ho","https://www.forbes.com/sites/sheenascott/2022/05/28/cannes-film-festival-2022-list-of-winners/"
"Cannes Palme d'Or","Festival","France","2023","Prix d'interprétation masculine","2023-05-27","Koji Yakusho","https://www.festival-cannes.com/en/press/press-releases/the-76th-festival-de-cannes-winners-list/"
"Cannes Palme d'Or","Festival","France","2024","Prix d'interprétation masculine","2024-05-25","Jesse Plemons","https://www.festival-cannes.com/en/press/press-releases/the-77th-festival-de-cannes-winners-list/"
"Cannes Palme d'Or","Festival","France","2025","Prix d'interprétation masculine","2025-05-24","Wagner Moura","https://www.festival-cannes.com/en/2025/meet-the-78th-festival-de-cannes-winners/"
"Cannes Palme d'Or","Festival","France","2026","Prix d'interprétation masculine","","",""
"Cannes Palme d'Or","Festival","France","2000","Prix d'interprétation féminine","2000-05-21","Björk","https://www.festival-cannes.com/en/medialibrary/bjork-award-for-best-actress-lars-von-trier-palme-d-or-dancer-in-the-dark/"
"Cannes Palme d'Or","Festival","France","2001","Prix d'interprétation féminine","2001-05-20","Isabelle Huppert","https://www.festival-cannes.com/en/retrospective/2001/awards/"
"Cannes Palme d'Or","Festival","France","2002","Prix d'interprétation féminine","2002-05-26","Kati Outinen","https://www.festival-cannes.com/en/retrospective/2002/awards/"
"Cannes Palme d'Or","Festival","France","2003","Prix d'interprétation féminine","2003-05-25","Marie-Josée Croze","https://www.festival-cannes.com/en/retrospective/2003/awards/"
"Cannes Palme d'Or","Festival","France","2004","Prix d'interprétation féminine","2004-05-22","Maggie Cheung","http://news.bbc.co.uk/2/hi/entertainment/3742445.stm"
"Cannes Palme d'Or","Festival","France","2005","Prix d'interprétation féminine","2005-05-21","Hanna Laslo","https://en.wikipedia.org/wiki/2005_Cannes_Film_Festival"
"Cannes Palme d'Or","Festival","France","2006","Prix d'interprétation féminine","2006-05-28","Penélope Cruz, Carmen Maura, Lola Dueñas, Blanca Portillo, Yohana Cobo, and Chus Lampreave","https://www.festival-cannes.com/en/retrospective/2006/awards/"
"Cannes Palme d'Or","Festival","France","2007","Prix d'interprétation féminine","2007-05-27","Jeon Do-yeon","https://www.festival-cannes.com/en/retrospective/2007/awards/"
"Cannes Palme d'Or","Festival","France","2008","Prix d'interprétation féminine","2008-05-25","Sandra Corveloni","https://www.festival-cannes.com/en/retrospective/2008/awards/"
"Cannes Palme d'Or","Festival","France","2009","Prix d'interprétation féminine","2009-05-24","Charlotte Gainsbourg","https://www.festival-cannes.com/en/2009/all-the-awards/"
"Cannes Palme d'Or","Festival","France","2010","Prix d'interprétation féminine","2010-05-23","Juliette Binoche","https://www.festival-cannes.com/en/75-editions/retrospective/2010/awards/competition-1"
"Cannes Palme d'Or","Festival","France","2011","Prix d'interprétation féminine","2011-05-22","Kirsten Dunst","https://www.festival-cannes.com/en/2011/award-for-best-actress-2/"
"Cannes Palme d'Or","Festival","France","2012","Prix d'interprétation féminine","2012-05-27","Cristina Flutur and Cosmina Stratan","https://www.festival-cannes.com/2012/prix-d-interpretation-feminine-3/"
"Cannes Palme d'Or","Festival","France","2013","Prix d'interprétation féminine","2013-05-26","Bérénice Bejo","https://www.festival-cannes.com/en/74-editions/retrospective/2013/palmares/competition-1"
"Cannes Palme d'Or","Festival","France","2014","Prix d'interprétation féminine","2014-05-24","Julianne Moore","https://www.festival-cannes.com/en/2014/all-the-67th-festival-de-cannes-awards/"
"Cannes Palme d'Or","Festival","France","2015","Prix d'interprétation féminine","2015-05-24","Rooney Mara and Emmanuelle Bercot (ex-aequo)","https://www.festival-cannes.com/en/2015/all-the-68th-festival-de-cannes-awards/"
"Cannes Palme d'Or","Festival","France","2016","Prix d'interprétation féminine","2016-05-22","Jaclyn Jose","https://www.festival-cannes.com/en/2016/69th-festival-de-cannes-awards/"
"Cannes Palme d'Or","Festival","France","2017","Prix d'interprétation féminine","2017-05-28","Diane Kruger","https://en.wikipedia.org/wiki/2017_Cannes_Film_Festival"
"Cannes Palme d'Or","Festival","France","2018","Prix d'interprétation féminine","2018-05-19","Samal Yeslyamova (for the film Ayka)","https://www.festival-cannes.com/en/press/press-releases/71st-festival-de-cannes-awards/"
"Cannes Palme d'Or","Festival","France","2019","Prix d'interprétation féminine","2019-05-25","Emily Beecham","https://www.vogue.fr/fashion-culture/article/cannes-2019-the-complete-winners-list"
"Cannes Palme d'Or","Festival","France","2020","Prix d'interprétation féminine","","",""
"Cannes Palme d'Or","Festival","France","2021","Prix d'interprétation féminine","2021-07-17","Renate Reinsve","https://www.forbes.com/sites/sheenascott/2021/07/17/cannes-film-festival-2021-the-list-of-winners/"
"Cannes Palme d'Or","Festival","France","2022","Prix d'interprétation féminine","2022-05-28","Zar Amir Ebrahimi","https://www.festival-cannes.com/en/press/press-releases/the-75th-festival-de-cannes-winners-list/"
"Cannes Palme d'Or","Festival","France","2023","Prix d'interprétation féminine","2023-05-27","Merve Dizdar","https://www.festival-cannes.com/en/2023/meet-the-winners-of-the-76th-edition-of-the-festival-de-cannes/"
"Cannes Palme d'Or","Festival","France","2024","Prix d'interprétation féminine","2024-05-25","Adriana Paz, Karla Sofía Gascón, Selena Gomez, and Zoe Saldaña","https://www.hollywoodreporter.com/movies/movie-news/2024-cannes-film-festival-winners-1235909044/"
"Cannes Palme d'Or","Festival","France","2025","Prix d'interprétation féminine","2025-05-24","Nadia Melliti","https://www.festival-cannes.com/en/press/press-releases/the-78th-festival-de-cannes-winners-list/"
"Cannes Palme d'Or","Festival","France","2026","Prix d'interprétation féminine","2026-05-23","","https://www.festival-cannes.com/en/"
"Cannes Palme d'Or","Festival","France","2000","Prix du scénario","2000-05-21","James Flamberg and John C. Richards (for Nurse Betty)","https://www.festival-cannes.com/en/retrospective/2000/awards/"
"Cannes Palme d'Or","Festival","France","2001","Prix du scénario","2001-05-20","Danis Tanovi\u0107 (for No Man's Land)","https://www.festival-cannes.com/en/retrospective/2001/awards/"
"Cannes Palme d'Or","Festival","France","2002","Prix du scénario","2002-05-26","Paul Laverty for 'Sweet Sixteen'","https://www.festival-cannes.com/en/retrospective/2002/awards/"
"Cannes Palme d'Or","Festival","France","2003","Prix du scénario","2003-05-25","Denys Arcand (for Les Invasions Barbares)","https://www.festival-cannes.com/en/retrospective/2003/awards/"
"Cannes Palme d'Or","Festival","France","2004","Prix du scénario","2004-05-22","Agnès Jaoui and Jean-Pierre Bacri (for the film Look at Me / Comme une image)","https://www.festival-cannes.com/en/retrospective/2004/awards/"
"Cannes Palme d'Or","Festival","France","2005","Prix du scénario","2005-05-21","Guillermo Arriaga (The Three Burials of Melquiades Estrada)","https://www.festival-cannes.com/en/retrospective/2005/awards/"
"Cannes Palme d'Or","Festival","France","2006","Prix du scénario","2006-05-28","Pedro Almodóvar","https://www.festival-cannes.com/en/retrospective/2006/awards/"
"Cannes Palme d'Or","Festival","France","2007","Prix du scénario","2007-05-27","Fatih Akın (The Edge of Heaven)","https://en.wikipedia.org/wiki/2007_Cannes_Film_Festival"
"Cannes Palme d'Or","Festival","France","2008","Prix du scénario","2008-05-25","Jean-Pierre and Luc Dardenne (for Lorna's Silence)","https://www.festival-cannes.com/en/2008/all-the-awards-2/"
"Cannes Palme d'Or","Festival","France","2009","Prix du scénario","2009-05-24","Mei Feng (for Spring Fever)","https://www.festival-cannes.com/en/2009/all-the-awards/"
"Cannes Palme d'Or","Festival","France","2010","Prix du scénario","2010-05-23","Lee Chang-dong (for 'Poetry')","https://www.festival-cannes.com/en/2010/63rd-festival-de-cannes-awards/"
"Cannes Palme d'Or","Festival","France","2011","Prix du scénario","2011-05-22","Joseph Cedar (Footnote)","https://www.festival-cannes.com/en/retrospective/2011/awards/"
"Cannes Palme d'Or","Festival","France","2012","Prix du scénario","2012-05-27","Cristian Mungiu (for Beyond the Hills)","https://en.wikipedia.org/wiki/2012_Cannes_Film_Festival"
"Cannes Palme d'Or","Festival","France","2013","Prix du scénario","2013-05-26","Jia Zhangke for A Touch of Sin (Tian Zhu Ding)","https://www.festival-cannes.com/en/retrospective/2013/awards/"
"Cannes Palme d'Or","Festival","France","2014","Prix du scénario","2014-05-24","Andrey Zvyagintsev and Oleg Negin for Leviathan","https://www.festival-cannes.com/en/2014/all-the-67th-festival-de-cannes-awards/"
"Cannes Palme d'Or","Festival","France","2015","Prix du scénario","2015-05-24","Michel Franco (for Chronic)","https://www.festival-cannes.com/en/2015/all-the-68th-festival-de-cannes-awards/"
"Cannes Palme d'Or","Festival","France","2016","Prix du scénario","2016-05-22","Asghar Farhadi (for The Salesman)","https://www.festival-cannes.com/en/2016/69th-festival-de-cannes-awards/"
"Cannes Palme d'Or","Festival","France","2017","Prix du scénario","2017-05-28","Yorgos Lanthimos and Efthimis Filippou (for The Killing of a Sacred Deer) & Lynne Ramsay (for You Were Never Really Here)","https://en.wikipedia.org/wiki/2017_Cannes_Film_Festival"
"Cannes Palme d'Or","Festival","France","2018","Prix du scénario","2018-05-19","Alice Rohrwacher (for Lazzaro Felice) and Jafar Panahi (for Se Rokh)","https://www.festival-cannes.com/en/press/press-releases/71st-festival-de-cannes-awards/"
"Cannes Palme d'Or","Festival","France","2019","Prix du scénario","2019-05-25","C\u00e9line Sciamma (for Portrait of a Lady on Fire)","https://www.vogue.fr/fashion-culture/article/cannes-2019-the-complete-winners-list"
"Cannes Palme d'Or","Festival","France","2020","Prix du scénario","","",""
"Cannes Palme d'Or","Festival","France","2021","Prix du scénario","2021-07-17","Ryūsuke Hamaguchi and Takamasa Oe (Drive My Car)","https://www.festival-cannes.com/en/retrospective/2021/awards/"
"Cannes Palme d'Or","Festival","France","2022","Prix du scénario","2022-05-28","Tarik Saleh for Boy from Heaven (Walad Min Al Janna)","https://www.festival-cannes.com/en/press/press-releases/the-75th-festival-de-cannes-winners-list/"
"Cannes Palme d'Or","Festival","France","2023","Prix du scénario","2023-05-27","Yuji Sakamoto (for Monster)","https://www.festival-cannes.com/en/2023/meet-the-winners-of-the-76th-edition-of-the-festival-de-cannes/"
"Cannes Palme d'Or","Festival","France","2024","Prix du scénario","2024-05-25","Coralie Fargeat (for The Substance)","https://www.vanityfair.com/hollywood/story/cannes-film-festival-2024-winners-awards-insider"
"Cannes Palme d'Or","Festival","France","2025","Prix du scénario","2025-05-24","Jean-Pierre Dardenne and Luc Dardenne for Jeunes Mères","https://www.festival-cannes.com/en/press/press-releases/the-78th-festival-de-cannes-winners-list/"
"Cannes Palme d'Or","Festival","France","2026","Prix du scénario","","",""
"Cannes Palme d'Or","Festival","France","2000","Palme d'Or du court métrage","2000-05-21","Anino (directed by Raymond Red)","https://www.festival-cannes.com/en/retrospective/2000/awards/"
"Cannes Palme d'Or","Festival","France","2001","Palme d'Or du court métrage","2001-05-20","Bean Cake (directed by David Greenspan)","https://www.festival-cannes.com/en/retrospective/2001/palmares/"
"Cannes Palme d'Or","Festival","France","2002","Palme d'Or du court métrage","2002-05-26","Eső után (After Rain)","https://www.festival-cannes.com/en/retrospective/2002/awards/"
"Cannes Palme d'Or","Festival","France","2003","Palme d'Or du court métrage","2003-05-25","Cracker Bag","https://www.festival-cannes.com/retrospective/2003/palmares/"
"Cannes Palme d'Or","Festival","France","2004","Palme d'Or du court métrage","2004-05-22","Trafic (Cătălin Mitulescu)","https://www.festival-cannes.com/f/trafic/"
"Cannes Palme d'Or","Festival","France","2005","Palme d'Or du court métrage","2005-05-21","Podorozhni (Wayfarers)","https://www.festival-cannes.com/en/retrospective/2005/awards/"
"Cannes Palme d'Or","Festival","France","2006","Palme d'Or du court métrage","2006-05-28","Sniffer (directed by Bobbie Peers)","https://www.festival-cannes.com/en/retrospective/2006/awards/"
"Cannes Palme d'Or","Festival","France","2007","Palme d'Or du court métrage","2007-05-27","Ver Llover (Watching it Rain) directed by Elisa Miller","https://en.wikipedia.org/wiki/2007_Cannes_Film_Festival"
"Cannes Palme d'Or","Festival","France","2008","Palme d'Or du court métrage","2008-05-25","Megatron (directed by Marian Crisan)","https://www.festival-cannes.com/en/2008/best-short-film-palme-d-or-to-megatron-by-marian-crisan/"
"Cannes Palme d'Or","Festival","France","2009","Palme d'Or du court métrage","2009-05-24","Arena","https://www.festival-cannes.com/en/2009/all-the-awards/"
"Cannes Palme d'Or","Festival","France","2010","Palme d'Or du court métrage","2010-05-23","Serge Avédikian (for Chienne d'histoire)","https://www.festival-cannes.com/en/2010/short-film-palme-d-or/"
"Cannes Palme d'Or","Festival","France","2011","Palme d'Or du court métrage","2011-05-22","Maryna Vroda (for the film Cross)","https://www.festival-cannes.com/en/2011/palme-d-or-for-best-short-film/"
"Cannes Palme d'Or","Festival","France","2012","Palme d'Or du court métrage","2012-05-27","Sessiz-Be Deng (Silent) by L. Rezan Yesilbas","https://www.festival-cannes.com/en/2012/65th-festival-de-cannes-awards/"
"Cannes Palme d'Or","Festival","France","2013","Palme d'Or du court métrage","2013-05-26","Safe (directed by Moon Byoung-gon)","https://www.festival-cannes.com/en/2013/awards-short-film-palme-d-or/"
"Cannes Palme d'Or","Festival","France","2014","Palme d'Or du court métrage","2014-05-24","Leidi (directed by Simón Mesa Soto)","https://www.festival-cannes.com/en/2014/awards-short-film-palme-d-or-2/"
"Cannes Palme d'Or","Festival","France","2015","Palme d'Or du court métrage","2015-05-24","Waves '98 (directed by Ely Dagher)","https://www.festival-cannes.com/en/2015/awards-short-film-palme-dor/"
"Cannes Palme d'Or","Festival","France","2016","Palme d'Or du court métrage","2016-05-22","Timecode (directed by Juanjo Giménez)","https://www.festival-cannes.com/en/2016/timecode-by-juanjo-gimenez-short-film-palme-d-or/"
"Cannes Palme d'Or","Festival","France","2017","Palme d'Or du court métrage","2017-05-28","A Gentle Night (Xiao Cheng Er Yue)","https://www.screendaily.com/news/cannes-2017-the-square-wins-palme-dor-full-list-of-winners/5118571.article"
"Cannes Palme d'Or","Festival","France","2018","Palme d'Or du court métrage","2018-05-19","All These Creatures (directed by Charles Williams)","https://www.festival-cannes.com/en/press/press-releases/71st-festival-de-cannes-awards/"
"Cannes Palme d'Or","Festival","France","2019","Palme d'Or du court métrage","2019-05-25","The Distance Between Us and the Sky (Vasilis Kekatos)","https://en.wikipedia.org/wiki/2019_Cannes_Film_Festival"
"Cannes Palme d'Or","Festival","France","2020","Palme d'Or du court métrage","2020-10-30","I Am Afraid to Forget Your Face (Sameh Alaa)","https://cinemadedemain.festival-cannes.com/en/2020/closing-of-the-cannes-2020-special-i-m-afraid-to-forget-your-face-wins-the-palme-d-or-for-short-films/"
"Cannes Palme d'Or","Festival","France","2021","Palme d'Or du court métrage","2021-07-17","All the Crows in the World (Tang Yi)","https://en.wikipedia.org/wiki/2021_Cannes_Film_Festival"
"Cannes Palme d'Or","Festival","France","2022","Palme d'Or du court métrage","2022-05-28","The Water Murmurs (directed by Jianying Chen)","https://variety.com/2022/film/news/cannes-film-festival-2022-winners-1235280493/"
"Cannes Palme d'Or","Festival","France","2023","Palme d'Or du court métrage","2023-05-27","27 (directed by Flóra Anna Buda)","https://en.wikipedia.org/wiki/2023_Cannes_Film_Festival"
"Cannes Palme d'Or","Festival","France","2024","Palme d'Or du court métrage","2024-05-25","The Man Who Could Not Remain Silent (Nebojša Slijepčević)","https://cinemadedemain.festival-cannes.com/en/2024/the-77th-festival-de-cannes-short-film-winners-list/"
"Cannes Palme d'Or","Festival","France","2025","Palme d'Or du court métrage","2025-05-24","I'M GLAD YOU'RE DEAD NOW (directed by Tawfeek Barhom)","https://www.festival-cannes.com/en/press/press-releases/the-78th-festival-de-cannes-winners-list/"
"Cannes Palme d'Or","Festival","France","2026","Palme d'Or du court métrage","","",""
"Cannes Palme d'Or","Festival","France","2000","L'Œil d'or","","",""
"Cannes Palme d'Or","Festival","France","2001","L'Œil d'or","","",""
"Cannes Palme d'Or","Festival","France","2002","L'Œil d'or","","",""
"Cannes Palme d'Or","Festival","France","2003","L'Œil d'or","","",""
"Cannes Palme d'Or","Festival","France","2004","L'Œil d'or","","",""
"Cannes Palme d'Or","Festival","France","2005","L'Œil d'or","","",""
"Cannes Palme d'Or","Festival","France","2006","L'Œil d'or","","",""
"Cannes Palme d'Or","Festival","France","2007","L'Œil d'or","","",""
"Cannes Palme d'Or","Festival","France","2008","L'Œil d'or","","",""
"Cannes Palme d'Or","Festival","France","2009","L'Œil d'or","","",""
"Cannes Palme d'Or","Festival","France","2010","L'Œil d'or","","",""
"Cannes Palme d'Or","Festival","France","2011","L'Œil d'or","","",""
"Cannes Palme d'Or","Festival","France","2012","L'Œil d'or","","",""
"Cannes Palme d'Or","Festival","France","2013","L'Œil d'or","","",""
"Cannes Palme d'Or","Festival","France","2014","L'Œil d'or","","",""
"Cannes Palme d'Or","Festival","France","2015","L'Œil d'or","2015-05-23","Beyond My Grandfather Allende (Allende, mi abuelo Allende)","https://en.wikipedia.org/wiki/L%27%C5%92il_d%27or"
"Cannes Palme d'Or","Festival","France","2016","L'Œil d'or","2016-05-21","Cinema Novo","https://en.wikipedia.org/wiki/2016_Cannes_Film_Festival"
"Cannes Palme d'Or","Festival","France","2017","L'Œil d'or","2017-05-27","Faces Places (Visages Villages)","https://www.hollywoodreporter.com/movies/movie-news/cannes-agnes-vardas-faces-places-takes-golden-eye-documentary-prize-1008246/"
"Cannes Palme d'Or","Festival","France","2018","L'Œil d'or","2018-05-19","Samouni Road (La strada dei Samouni)","https://loeildor.scam.fr/en/the-winners/"
"Cannes Palme d'Or","Festival","France","2019","L'Œil d'or","2019-05-25","For Sama (Waad Al-Kateab and Edward Watts) and The Cordillera of Dreams (Patricio Guzmán)","https://en.wikipedia.org/wiki/2019_Cannes_Film_Festival"
"Cannes Palme d'Or","Festival","France","2020","L'Œil d'or","","",""
"Cannes Palme d'Or","Festival","France","2021","L'Œil d'or","2021-07-17","A Night of Knowing Nothing","https://www.hindustantimes.com/entertainment/others/cannes-2021-india-s-payal-kapadia-wins-best-documentary-award-101626609832371.html"
"Cannes Palme d'Or","Festival","France","2022","L'Œil d'or","2022-05-28","All That Breathes","https://deadline.com/2022/05/all-that-breathes-wins-loeil-dor-golden-eye-cannes-documentary-prize-director-shaunak-sen-news-1235035151/"
"Cannes Palme d'Or","Festival","France","2023","L'Œil d'or","2023-05-27","Four Daughters (Les Filles d'Olfa) and The Mother of All Lies (Kadib Abyad)","https://deadline.com/2023/05/2023-loeil-dor-golden-cannes-documentary-prize-2023-announcement-four-daughters-the-mother-of-all-lies-1235381562/"
"Cannes Palme d'Or","Festival","France","2024","L'Œil d'or","2024-05-24","Ernest Cole: Lost and Found (Raoul Peck) and The Brink of Dreams (Nada Riyadh and Ayman El Amir)","https://deadline.com/2024/05/2024-cannes-loeil-dor-prize-ernest-cole-lost-and-found-the-brink-of-dreams-1235940575/"
"Cannes Palme d'Or","Festival","France","2025","L'Œil d'or","2025-05-23","Imago (directed by Déni Oumar Pitsaev)","https://deadline.com/2025/05/2025-cannes-film-festival-golden-eye-award-1236409438/"
"Cannes Palme d'Or","Festival","France","2026","L'Œil d'or","","",""
"Cannes Palme d'Or","Festival","France","2000","Prix CST de l'Artiste Technicien","2000-05-21","Christopher Doyle, Mark Lee Ping-bin, and William Chang (for In the Mood for Love)","https://en.wikipedia.org/wiki/2000_Cannes_Film_Festival"
"Cannes Palme d'Or","Festival","France","2001","Prix CST de l'Artiste Technicien","2001-05-20","Tu Duu-chih","https://www.festival-cannes.com/en/74-editions/retrospective/2001/palmares/competition-1"
"Cannes Palme d'Or","Festival","France","2002","Prix CST de l'Artiste Technicien","","",""
"Cannes Palme d'Or","Festival","France","2003","Prix CST de l'Artiste Technicien","2003-05-25","Tom Stern","https://prix.cst.fr/en/prix-cst-de-lartiste-technicien-uk/"
"Cannes Palme d'Or","Festival","France","2004","Prix CST de l'Artiste Technicien","2004-05-22","Eric Gautier","https://prix.cst.fr/en/prix-cst-de-lartiste-technicien-uk/"
"Cannes Palme d'Or","Festival","France","2005","Prix CST de l'Artiste Technicien","2005-05-21","Leslie Shatz and Robert Rodriguez (Ex-Aequo)","https://prix.cst.fr/prix-cst-de-lartiste-technicien/"
"Cannes Palme d'Or","Festival","France","2006","Prix CST de l'Artiste Technicien","2006-05-28","Stephen Mirrione","https://www.festival-cannes.com/en/retrospective/2006/awards/"
"Cannes Palme d'Or","Festival","France","2007","Prix CST de l'Artiste Technicien","2007-05-27","Janusz Kaminski","https://www.festival-cannes.com/retrospective/2007/palmares/"
"Cannes Palme d'Or","Festival","France","2008","Prix CST de l'Artiste Technicien","2008-05-25","Luca Bigazzi and Angelo Raguseo","https://prix.cst.fr/prix-cst-de-lartiste-technicien/"
"Cannes Palme d'Or","Festival","France","2009","Prix CST de l'Artiste Technicien","2009-05-24","Aitor Berenguer","https://www.festival-cannes.com/en/2009/all-the-awards/"
"Cannes Palme d'Or","Festival","France","2010","Prix CST de l'Artiste Technicien","2010-05-23","Leslie Shatz, Bob Beemer, and Jon Taylor","https://www.festival-cannes.com/en/2010/63rd-festival-de-cannes-awards/"
"Cannes Palme d'Or","Festival","France","2011","Prix CST de l'Artiste Technicien","2011-05-22","José Luis Alcaine","https://www.cannesguide.com/40/2011-Award-Winners"
"Cannes Palme d'Or","Festival","France","2012","Prix CST de l'Artiste Technicien","2012-05-27","Charlotte Bruus Christensen (and Rémy Julienne, Prix d'Honneur)","https://prix.cst.fr/prix-cst-de-lartiste-technicien/"
"Cannes Palme d'Or","Festival","France","2013","Prix CST de l'Artiste Technicien","2013-05-26","Antoine Heberlé (for the film Grigris)","https://en.wikipedia.org/wiki/CST_Award_for_Best_Artist-Technician"
"Cannes Palme d'Or","Festival","France","2014","Prix CST de l'Artiste Technicien","2014-05-24","Dick Pope","https://www.festival-cannes.com/en/2014/all-the-67th-festival-de-cannes-awards/"
"Cannes Palme d'Or","Festival","France","2015","Prix CST de l'Artiste Technicien","2015-05-24","Tamás Zányi","https://www.festival-cannes.com/2015/tout-le-palmares-du-68e-festival-de-cannes/"
"Cannes Palme d'Or","Festival","France","2016","Prix CST de l'Artiste Technicien","2016-05-22","Ryu Seong-hie","https://en.wikipedia.org/wiki/CST_Award_for_Best_Artist-Technician"
"Cannes Palme d'Or","Festival","France","2017","Prix CST de l'Artiste Technicien","2017-05-28","Josefin Åsberg","https://www.festival-cannes.com/en/press/press-releases/all-the-70th-festival-de-cannes-awards/"
"Cannes Palme d'Or","Festival","France","2018","Prix CST de l'Artiste Technicien","2018-05-19","Shin Joom-Hee (Art Director of the film 'Burning')","https://www.festival-cannes.com/en/press/press-releases/71st-festival-de-cannes-awards/"
"Cannes Palme d'Or","Festival","France","2019","Prix CST de l'Artiste Technicien","2019-05-25","Flora Volpelière (editing) and Julien Poupard (cinematography) for Les Misérables","https://en.wikipedia.org/wiki/2019_Cannes_Film_Festival"
"Cannes Palme d'Or","Festival","France","2020","Prix CST de l'Artiste Technicien","","",""
"Cannes Palme d'Or","Festival","France","2021","Prix CST de l'Artiste Technicien","2021-07-17","Vladislav Opeliants (for Petrov's Flu)","https://prix.cst.fr/en/prix-cst-de-lartiste-technicien-uk/"
"Cannes Palme d'Or","Festival","France","2022","Prix CST de l'Artiste Technicien","2022-05-28","Andréas Franck, Bent Holm, Jacob Ilgner and Jonas Rudels (Sound crew of Triangle of Sadness)","https://www.festival-cannes.com/en/press/press-releases/the-75th-festival-de-cannes-winners-list/"
"Cannes Palme d'Or","Festival","France","2023","Prix CST de l'Artiste Technicien","2023-05-27","Johnnie Burn","https://www.festival-cannes.com/presse/communiques/le-palmares-du-76e-festival-de-cannes/"
"Cannes Palme d'Or","Festival","France","2024","Prix CST de l'Artiste Technicien","2024-05-25","Daria D'Antonio","https://prix.cst.fr/palmares-prix-cst-2024/"
"Cannes Palme d'Or","Festival","France","2025","Prix CST de l'Artiste Technicien","2025-05-24","Ruben Impens (Director of Photography) and Stéphane Thiébaut (Mixer) for Alpha","https://prix.cst.fr/en/winners-cst-awards-78-cannes-film-festival/"
"Cannes Palme d'Or","Festival","France","2026","Prix CST de l'Artiste Technicien","","",""
"Cannes Palme d'Or","Festival","France","2000","Cannes Soundtrack Award","","",""
"Cannes Palme d'Or","Festival","France","2001","Cannes Soundtrack Award","","",""
"Cannes Palme d'Or","Festival","France","2002","Cannes Soundtrack Award","","",""
"Cannes Palme d'Or","Festival","France","2003","Cannes Soundtrack Award","","",""
"Cannes Palme d'Or","Festival","France","2004","Cannes Soundtrack Award","","",""
"Cannes Palme d'Or","Festival","France","2005","Cannes Soundtrack Award","","","https://en.wikipedia.org/wiki/Cannes_Soundtrack_Award"
"Cannes Palme d'Or","Festival","France","2006","Cannes Soundtrack Award","","",""
"Cannes Palme d'Or","Festival","France","2007","Cannes Soundtrack Award","","",""
"Cannes Palme d'Or","Festival","France","2008","Cannes Soundtrack Award","","",""
"Cannes Palme d'Or","Festival","France","2009","Cannes Soundtrack Award","","",""
"Cannes Palme d'Or","Festival","France","2010","Cannes Soundtrack Award","","",""
"Cannes Palme d'Or","Festival","France","2011","Cannes Soundtrack Award","2011-05-21","Ludovic Bource (for The Artist)","https://www.facebook.com/CANNESSOUNDTRACKAWARDS/posts/1023788073177705/"
"Cannes Palme d'Or","Festival","France","2012","Cannes Soundtrack Award","2012-05-26","Mark Snow (for the film ""Vous n'avez encore rien vu"")","https://fr.wikipedia.org/wiki/Cannes_Soundtrack"
"Cannes Palme d'Or","Festival","France","2013","Cannes Soundtrack Award","2013-05-25","Jozef van Wissem (Only Lovers Left Alive)","https://en.wikipedia.org/wiki/Cannes_Soundtrack_Award"
"Cannes Palme d'Or","Festival","France","2014","Cannes Soundtrack Award","2014-05-24","Howard Shore (for Maps to the Stars)","https://www.blogdecannes.fr/en/winner-cannes-soundtrack-award/"
"Cannes Palme d'Or","Festival","France","2015","Cannes Soundtrack Award","2015-05-24","Lim Giong","https://www.moc.gov.tw/en/News_Content2.aspx?n=467&s=14489"
"Cannes Palme d'Or","Festival","France","2016","Cannes Soundtrack Award","2016-05-21","Cliff Martinez","https://cannessoundtrack.com/en/archives/recompense-2016/"
"Cannes Palme d'Or","Festival","France","2017","Cannes Soundtrack Award","2017-05-27","Oneohtrix Point Never (Daniel Lopatin) for the film ""Good Time""","https://en.wikipedia.org/wiki/Cannes_Soundtrack_Award"
"Cannes Palme d'Or","Festival","France","2018","Cannes Soundtrack Award","2018-05-19","Roma Zver and German Osipov","https://cannessoundtrack.com/en/archives/winner-2018/"
"Cannes Palme d'Or","Festival","France","2019","Cannes Soundtrack Award","2019-05-25","Alberto Iglesias","https://www.socanmagazine.ca/news/jean-michel-blais-wins-cannes-soundtrack-award/"
"Cannes Palme d'Or","Festival","France","2020","Cannes Soundtrack Award","","",""
"Cannes Palme d'Or","Festival","France","2021","Cannes Soundtrack Award","2021-07-17","Ron Mael and Russell Mael (for 'Annette') and Rone (for 'Paris, 13th District')","https://cannessoundtrack.com/en/archives/winner-2021/"
"Cannes Palme d'Or","Festival","France","2022","Cannes Soundtrack Award","2022-05-28","Paweł Mykietyn (for EO)","https://cannessoundtrack.com/en/archives/winner-2022/"
"Cannes Palme d'Or","Festival","France","2023","Cannes Soundtrack Award","2023-05-26","Mica Levi (for the film 'The Zone of Interest')","https://en.wikipedia.org/wiki/Cannes_Soundtrack_Award"
"Cannes Palme d'Or","Festival","France","2024","Cannes Soundtrack Award","2024-05-25","Emilia Pérez (Clément Ducol and Camille)","https://www.imdb.com/event/ev0000147/2024/1/"
"Cannes Palme d'Or","Festival","France","2025","Cannes Soundtrack Award","2025-05-23","Kangding Ray (for the film Sirat)","https://www.sortiraparis.com/en/what-to-do-in-paris/cinema-series/articles/328808-cannes-festival-2025-cannes-soundtrack-prize-awarded-to-oliver-laxe-s-sirat"
"Cannes Palme d'Or","Festival","France","2026","Cannes Soundtrack Award","","",""
"Cannes Palme d'Or","Festival","France","2000","Caméra d'Or","2000-05-25","Djomeh (Hassan Yektapanah) and Zamani baraye masti asbha (A Time for Drunken Horses) (Bahman Ghobadi)","https://www.festival-cannes.com/en/retrospective/2000/awards/"
"Cannes Palme d'Or","Festival","France","2001","Caméra d'Or","2001-05-20","Atanarjuat: The Fast Runner (Zacharias Kunuk)","https://www.festival-cannes.com/en/retrospective/2001/awards/"
"Cannes Palme d'Or","Festival","France","2002","Caméra d'Or","2002-05-26","Seaside (Bord de mer)","https://www.festival-cannes.com/en/retrospective/2002/awards/"
"Cannes Palme d'Or","Festival","France","2003","Caméra d'Or","2003-05-25","Reconstruction (directed by Christoffer Boe)","https://www.festival-cannes.com/en/retrospective/2003/awards/"
"Cannes Palme d'Or","Festival","France","2004","Caméra d'Or","2004-05-23","Or (My Treasure) (directed by Keren Yedaya)","https://www.festival-cannes.com/en/retrospective/2004/awards/"
"Cannes Palme d'Or","Festival","France","2005","Caméra d'Or","2005-05-22","The Forsaken Land (Vimukthi Jayasundara) and Me and You and Everyone We Know (Miranda July)","https://en.wikipedia.org/wiki/2005_Cannes_Film_Festival"
"Cannes Palme d'Or","Festival","France","2006","Caméra d'Or","2006-05-28","12:08 East of Bucharest (A fost sau n-a fost?)","https://www.festival-cannes.com/en/retrospective/2006/awards/"
"Cannes Palme d'Or","Festival","France","2007","Caméra d'Or","2007-05-27","Meduzot (Jellyfish), directed by Etgar Keret and Shira Geffen","https://www.festival-cannes.com/en/retrospective/2007/awards/"
"Cannes Palme d'Or","Festival","France","2008","Caméra d'Or","2008-05-25","Hunger (directed by Steve McQueen)","https://www.festival-cannes.com/en/2008/all-the-awards-2/"
"Cannes Palme d'Or","Festival","France","2009","Caméra d'Or","2009-05-24","Samson and Delilah (Warwick Thornton)","https://www.festival-cannes.com/en/2009/all-the-awards/"
"Cannes Palme d'Or","Festival","France","2010","Caméra d'Or","2010-05-23","Año Bisiesto (Leap Year) directed by Michael Rowe","https://www.festival-cannes.com/en/2010/63rd-festival-de-cannes-awards/"
"Cannes Palme d'Or","Festival","France","2011","Caméra d'Or","2011-05-22","Las Acacias (directed by Pablo Giorgelli)","https://en.wikipedia.org/wiki/2011_Cannes_Film_Festival"
"Cannes Palme d'Or","Festival","France","2012","Caméra d'Or","2012-05-27","Beasts of the Southern Wild (directed by Benh Zeitlin)","https://www.festival-cannes.com/en/2012/65th-festival-de-cannes-awards/"
"Cannes Palme d'Or","Festival","France","2013","Caméra d'Or","2013-05-26","Anthony Chen (for Ilo Ilo)","https://www.festival-cannes.com/en/2013/awards-camera-d-or/"
"Cannes Palme d'Or","Festival","France","2014","Caméra d'Or","2014-05-24","Party Girl","https://www.festival-cannes.com/en/2014/awards-camera-d-or-2/"
"Cannes Palme d'Or","Festival","France","2015","Caméra d'Or","2015-05-24","Land and Shade (La Tierra y la Sombra)","https://en.wikipedia.org/wiki/2015_Cannes_Film_Festival"
"Cannes Palme d'Or","Festival","France","2016","Caméra d'Or","2016-05-22","Divines (directed by Houda Benyamina)","https://www.theguardian.com/film/2016/may/22/cannes-2016-full-list-winners-film-festival-palme-dor"
"Cannes Palme d'Or","Festival","France","2017","Caméra d'Or","2017-05-28","Montparnasse Bienvenue (Léonor Serraille)","https://en.wikipedia.org/wiki/2017_Cannes_Film_Festival"
"Cannes Palme d'Or","Festival","France","2018","Caméra d'Or","2018-05-19","Girl","https://www.festival-cannes.com/en/2018/71st-festival-de-cannes-awards/"
"Cannes Palme d'Or","Festival","France","2019","Caméra d'Or","2019-05-25","Our Mothers (Nuestras Madres)","https://www.vogue.fr/fashion-culture/article/cannes-2019-the-complete-winners-list"
"Cannes Palme d'Or","Festival","France","2020","Caméra d'Or","","",""
"Cannes Palme d'Or","Festival","France","2021","Caméra d'Or","2021-07-17","Murina (directed by Antoneta Alamat Kusijanovic)","https://www.festival-cannes.com/en/retrospective/2021/awards/"
"Cannes Palme d'Or","Festival","France","2022","Caméra d'Or","2022-05-28","War Pony (directed by Gina Gammell and Riley Keough)","https://variety.com/2022/film/news/cannes-film-festival-2022-winners-1235280493/"
"Cannes Palme d'Or","Festival","France","2023","Caméra d'Or","2023-05-27","Thien An Pham (for Inside the Yellow Cocoon Shell)","https://www.festival-cannes.com/en/2023/meet-the-winners-of-the-76th-edition-of-the-festival-de-cannes/"
"Cannes Palme d'Or","Festival","France","2024","Caméra d'Or","2024-05-25","Armand","https://www.festival-cannes.com/en/press/press-releases/the-77th-festival-de-cannes-winners-list/"
"Cannes Palme d'Or","Festival","France","2025","Caméra d'Or","2025-05-24","The President's Cake (Hasan Hadi)","https://www.festival-cannes.com/en/press/press-releases/the-78th-festival-de-cannes-winners-list/"
"Cannes Palme d'Or","Festival","France","2026","Caméra d'Or","","",""
"Cannes Palme d'Or","Festival","France","2000","Pierre Angénieux Excellens in Cinematography","","",""
"Cannes Palme d'Or","Festival","France","2001","Pierre Angénieux Excellens in Cinematography","","",""
"Cannes Palme d'Or","Festival","France","2002","Pierre Angénieux Excellens in Cinematography","","",""
"Cannes Palme d'Or","Festival","France","2003","Pierre Angénieux Excellens in Cinematography","","",""
"Cannes Palme d'Or","Festival","France","2004","Pierre Angénieux Excellens in Cinematography","","",""
"Cannes Palme d'Or","Festival","France","2005","Pierre Angénieux Excellens in Cinematography","","",""
"Cannes Palme d'Or","Festival","France","2006","Pierre Angénieux Excellens in Cinematography","","",""
"Cannes Palme d'Or","Festival","France","2007","Pierre Angénieux Excellens in Cinematography","","",""
"Cannes Palme d'Or","Festival","France","2008","Pierre Angénieux Excellens in Cinematography","","",""
"Cannes Palme d'Or","Festival","France","2009","Pierre Angénieux Excellens in Cinematography","","",""
"Cannes Palme d'Or","Festival","France","2010","Pierre Angénieux Excellens in Cinematography","","",""
"Cannes Palme d'Or","Festival","France","2011","Pierre Angénieux Excellens in Cinematography","","",""
"Cannes Palme d'Or","Festival","France","2012","Pierre Angénieux Excellens in Cinematography","","",""
"Cannes Palme d'Or","Festival","France","2013","Pierre Angénieux Excellens in Cinematography","2013-05-24","Philippe Rousselot","https://www.hollywoodreporter.com/movies/movie-news/cannes-philippe-rousselot-awarded-festivals-558563/"
"Cannes Palme d'Or","Festival","France","2014","Pierre Angénieux Excellens in Cinematography","2014-05-23","Vilmos Zsigmond","https://www.angenieux.com/souvenirs-of-the-pierre-angenieux-excellens-in-cinematography-previous-editions/"
"Cannes Palme d'Or","Festival","France","2015","Pierre Angénieux Excellens in Cinematography","2015-05-22","Roger Deakins","https://theasc.com/news/deakins-receives-angenieux-award-at-cannes"
"Cannes Palme d'Or","Festival","France","2016","Pierre Angénieux Excellens in Cinematography","2016-05-20","Peter Suschitzky","https://www.fdtimes.com/2016/05/03/angenieux-excellens-award-to-peter-sushitsky-at-cannes/"
"Cannes Palme d'Or","Festival","France","2017","Pierre Angénieux Excellens in Cinematography","2017-05-26","Christopher Doyle","https://www.angenieux.com/pierre-angenieux-excellens-in-cinematography-5th-edition-at-cannes-film-festival-2017/"
"Cannes Palme d'Or","Festival","France","2018","Pierre Angénieux Excellens in Cinematography","2018-05-18","Edward Lachman","https://www.angenieux.com/ed-lachman-6th-recipient-of-the-pierre-angenieux-excellens-in-cinematography-at-the-2018-cannes-film-festival/"
"Cannes Palme d'Or","Festival","France","2019","Pierre Angénieux Excellens in Cinematography","2019-05-24","Bruno Delbonnel","https://www.angenieux.com/back-on-angenieux-excellens-2019-ceremony/"
"Cannes Palme d'Or","Festival","France","2020","Pierre Angénieux Excellens in Cinematography","","Agnès Godard","https://www.angenieux.com/about-us/pierre-angenieux-tribute/"
"Cannes Palme d'Or","Festival","France","2021","Pierre Angénieux Excellens in Cinematography","2021-07-16","Agnès Godard","https://www.cinematography.world/pierre-angenieux-tribute%E2%80%A8-awarded-to-agnes-godard-afc/"
"Cannes Palme d'Or","Festival","France","2022","Pierre Angénieux Excellens in Cinematography","2022-05-27","Darius Khondji","https://www.angenieux.com/the-career-of-darius-khondji-pierre-angenieux-tribute-laureate-2022/"
"Cannes Palme d'Or","Festival","France","2023","Pierre Angénieux Excellens in Cinematography","2023-05-26","Barry Ackroyd","https://britishcinematographer.co.uk/barry-ackroyd-bsc-honoured-with-pierre-angenieux-tribute-at-cannes-2023/"
"Cannes Palme d'Or","Festival","France","2024","Pierre Angénieux Excellens in Cinematography","2024-05-24","Santosh Sivan","https://www.thehindu.com/entertainment/movies/cannes-2024-preity-zinta-presents-pierre-angenieux-excellens-award-to-santosh-sivan/article68214459.ece"
"Cannes Palme d'Or","Festival","France","2025","Pierre Angénieux Excellens in Cinematography","2025-05-23","Dion Beebe","https://www.angenieux.com/dion-beebe-honored-with-the-2025-pierre-angenieux-tribute-at-cannes-film-festival/"
"Cannes Palme d'Or","Festival","France","2026","Pierre Angénieux Excellens in Cinematography","","",""
"Cannes Palme d'Or","Festival","France","2000","Prix Un Certain Regard","2000-05-20","Things You Can Tell Just by Looking at Her (directed by Rodrigo García)","https://www.festival-cannes.com/en/retrospective/2000/awards/"
"Cannes Palme d'Or","Festival","France","2001","Prix Un Certain Regard","2001-05-19","Amour d'enfance (Boyhood Loves)","https://www.festival-cannes.com/en/retrospective/2001/awards/"
"Cannes Palme d'Or","Festival","France","2002","Prix Un Certain Regard","2002-05-25","Blissfully Yours (Sud Sanaeha)","https://www.festival-cannes.com/en/retrospective/2002/awards/"
"Cannes Palme d'Or","Festival","France","2003","Prix Un Certain Regard","2003-05-24","The Best of Youth (La meglio gioventù)","https://www.festival-cannes.com/en/retrospective/2003/awards/"
"Cannes Palme d'Or","Festival","France","2004","Prix Un Certain Regard","2004-05-22","Moolaadé","https://www.festival-cannes.com/en/retrospective/2004/awards/"
"Cannes Palme d'Or","Festival","France","2005","Prix Un Certain Regard","2005-05-21","The Death of Mr. Lazarescu (Moartea domnului Lăzărescu)","https://www.festival-cannes.com/en/retrospective/2005/awards/"
"Cannes Palme d'Or","Festival","France","2006","Prix Un Certain Regard","2006-05-27","Luxury Car (directed by Wang Chao)","https://www.festival-cannes.com/en/retrospective/2006/awards/"
"Cannes Palme d'Or","Festival","France","2007","Prix Un Certain Regard","2007-05-26","California Dreamin' (directed by Cristian Nemescu)","https://en.wikipedia.org/wiki/2007_Cannes_Film_Festival"
"Cannes Palme d'Or","Festival","France","2008","Prix Un Certain Regard","2008-05-24","Tulpan (Sergey Dvortsevoy)","https://www.festival-cannes.com/en/2008/un-certain-regard-awards-2/"
"Cannes Palme d'Or","Festival","France","2009","Prix Un Certain Regard","2009-05-23","Dogtooth (Kynodontas)","https://www.festival-cannes.com/en/2009/un-certain-regard-awards-ceremony-2/"
"Cannes Palme d'Or","Festival","France","2010","Prix Un Certain Regard","2010-05-22","Hahaha (directed by Hong Sang-soo)","https://www.festival-cannes.com/en/2010/63rd-festival-de-cannes-awards/"
"Cannes Palme d'Or","Festival","France","2011","Prix Un Certain Regard","2011-05-21","Arirang (Kim Ki-duk) and Stopped on Track (Andreas Dresen) (Tie)","https://www.festival-cannes.com/en/retrospective/2011/awards/"
"Cannes Palme d'Or","Festival","France","2012","Prix Un Certain Regard","2012-05-26","Después de Lucía","https://www.festival-cannes.com/en/2012/un-certain-regard-2012-awards-2/"
"Cannes Palme d'Or","Festival","France","2013","Prix Un Certain Regard","2013-05-25","The Missing Picture (L'image manquante)","https://www.festival-cannes.com/en/2013/awards-un-certain-regard-2013/"
"Cannes Palme d'Or","Festival","France","2014","Prix Un Certain Regard","2014-05-23","White God","https://www.festival-cannes.com/en/2014/un-certain-regard-2014-awards/"
"Cannes Palme d'Or","Festival","France","2015","Prix Un Certain Regard","2015-05-23","Hrútar (Rams)","https://www.festival-cannes.com/en/2015/awards-un-certain-regard-2015/"
"Cannes Palme d'Or","Festival","France","2016","Prix Un Certain Regard","2016-05-21","The Happiest Day in the Life of Olli Mäki","https://www.festival-cannes.com/en/press/press-releases/un-certain-regard-awards/"
"Cannes Palme d'Or","Festival","France","2017","Prix Un Certain Regard","2017-05-27","Lerd (A Man of Integrity) by Mohammad Rasoulof","https://www.festival-cannes.com/en/press/press-releases/un-certain-regard-2017-prizes/"
"Cannes Palme d'Or","Festival","France","2018","Prix Un Certain Regard","2018-05-18","Gräns (Border)","https://www.festival-cannes.com/en/press/press-releases/un-certain-regard-2018-prizes/"
"Cannes Palme d'Or","Festival","France","2019","Prix Un Certain Regard","2019-05-24","The Invisible Life of Eurídice Gusmão (A Vida Invisível de Eurídice Gusmão)","https://www.festival-cannes.com/en/press/press-releases/un-certain-regard-2019-prizes/"
"Cannes Palme d'Or","Festival","France","2020","Prix Un Certain Regard","","",""
"Cannes Palme d'Or","Festival","France","2021","Prix Un Certain Regard","2021-07-16","Unclenching the Fists (Razzhimaya Kulaki)","https://www.festival-cannes.com/en/press/press-releases/un-certain-regard-prizes-2021/"
"Cannes Palme d'Or","Festival","France","2022","Prix Un Certain Regard","2022-05-27","Les Pires (The Worst Ones)","https://www.festival-cannes.com/en/press/press-releases/un-certain-regard-winners-list-2022/"
"Cannes Palme d'Or","Festival","France","2023","Prix Un Certain Regard","2023-05-26","How to Have Sex (directed by Molly Manning Walker)","https://www.festival-cannes.com/en/press/press-releases/un-certain-regard-winners-list-2023/"
"Cannes Palme d'Or","Festival","France","2024","Prix Un Certain Regard","2024-05-24","Black Dog (Gou Zhen)","https://www.festival-cannes.com/en/press/press-releases/un-certain-regard-winners-list-2024/"
"Cannes Palme d'Or","Festival","France","2025","Prix Un Certain Regard","2025-05-23","The Mysterious Gaze of the Flamingo (La Misteriosa Mirada del Flamenco)","https://www.festival-cannes.com/en/press/press-releases/un-certain-regard-winners-list-2025/"
"Cannes Palme d'Or","Festival","France","2026","Prix Un Certain Regard","","",""
"Toronto People's Choice Award","Festival","Canada","2000","People’s Choice Award","2000-09-16","Crouching Tiger, Hidden Dragon","https://www.onthisday.com/date/2000/september/16"
"Toronto People's Choice Award","Festival","Canada","2001","People’s Choice Award","2001-09-16","Amélie","https://www.indiewire.com/news/general-news/toronto-2001-festival-ends-quietly-with-awards-announcement-80756/"
"Toronto People's Choice Award","Festival","Canada","2002","People’s Choice Award","2002-09-17","Whale Rider","https://en.wikipedia.org/wiki/2002_Toronto_International_Film_Festival"
"Toronto People's Choice Award","Festival","Canada","2003","People’s Choice Award","2003-09-14","Zatōichi","https://en.wikipedia.org/wiki/2003_Toronto_International_Film_Festival"
"Toronto People's Choice Award","Festival","Canada","2004","People’s Choice Award","2004-09-19","Hotel Rwanda","https://www.imdb.com/event/ev0000659/2004/1/"
"Toronto People's Choice Award","Festival","Canada","2005","People’s Choice Award","2005-09-17","Tsotsi","https://en.wikipedia.org/wiki/2005_Toronto_International_Film_Festival"
"Toronto People's Choice Award","Festival","Canada","2006","People’s Choice Award","2006-09-16","Bella","https://www.indiewire.com/news/general-news/winners-announced-at-2006-toronto-international-film-festival-76058/"
"Toronto People's Choice Award","Festival","Canada","2007","People’s Choice Award","2007-09-15","Eastern Promises","https://www.indiewire.com/news/general-news/toronto-07-cronenberg-and-maddin-win-top-tiff-prizes-mexican-films-also-honored-73888/"
"Toronto People's Choice Award","Festival","Canada","2008","People’s Choice Award","2008-09-13","Slumdog Millionaire","https://tiff08.ca/filmsandschedules/films/cadillacpeopleschoic/"
"Toronto People's Choice Award","Festival","Canada","2009","People’s Choice Award","2009-09-19","Precious","https://en.wikipedia.org/wiki/2009_Toronto_International_Film_Festival"
"Toronto People's Choice Award","Festival","Canada","2010","People’s Choice Award","2010-09-19","The King's Speech","https://en.wikipedia.org/wiki/2010_Toronto_International_Film_Festival"
"Toronto People's Choice Award","Festival","Canada","2011","People’s Choice Award","2011-09-18","Where Do We Go Now?","https://www.hollywoodreporter.com/news/general-news/toronto-2011-audience-award-go-236836/"
"Toronto People's Choice Award","Festival","Canada","2012","People’s Choice Award","2012-09-16","Silver Linings Playbook","https://deadline.com/2012/09/toronto-silver-linings-wins-tiff-peoples-choice-award-337329/"
"Toronto People's Choice Award","Festival","Canada","2013","People’s Choice Award","2013-09-15","12 Years a Slave","https://deadline.com/2013/09/toronto-12-years-a-slave-wins-peoples-choice-award-587460/"
"Toronto People's Choice Award","Festival","Canada","2014","People’s Choice Award","2014-09-14","The Imitation Game","https://www.indiewire.com/news/general-news/the-imitation-game-wins-the-peoples-choice-award-at-the-toronto-international-film-festival-22237/"
"Toronto People's Choice Award","Festival","Canada","2015","People’s Choice Award","2015-09-20","Room","https://variety.com/2015/film/awards/room-toronto-film-festival-peoples-choice-award-1201597671/"
"Toronto People's Choice Award","Festival","Canada","2016","People’s Choice Award","2016-09-18","La La Land","https://www.theguardian.com/film/2016/sep/18/la-la-land-tipped-for-oscars-glory-after-win-at-toronto-film-festival"
"Toronto People's Choice Award","Festival","Canada","2017","People’s Choice Award","2017-09-17","Three Billboards Outside Ebbing, Missouri","https://www.theglobeandmail.com/arts/film/tiff-2017-three-billboards-outside-ebbing-missouri-wins-peoples-choice-award/article36284935/"
"Toronto People's Choice Award","Festival","Canada","2018","People’s Choice Award","2018-09-16","Green Book","https://variety.com/2018/film/festivals/toronto-film-festival-2018-audience-award-winners-1202943205/"
"Toronto People's Choice Award","Festival","Canada","2019","People’s Choice Award","2019-09-15","Jojo Rabbit","https://deadline.com/2019/09/jojo-rabbit-wins-torontos-grolsch-peoples-choice-award-best-picture-oscar-predictor-1202735101/"
"Toronto People's Choice Award","Festival","Canada","2020","People’s Choice Award","2020-09-20","Nomadland","https://en.wikipedia.org/wiki/2020_Toronto_International_Film_Festival"
"Toronto People's Choice Award","Festival","Canada","2021","People’s Choice Award","2021-09-18","Belfast","https://deadline.com/2021/09/2021-toronto-film-festival-complete-winners-list-belfast-jessica-chasten-benedict-cumberbatch-denis-villeneuve-dune-1234839226/"
"Toronto People's Choice Award","Festival","Canada","2022","People’s Choice Award","2022-09-18","The Fabelmans","https://tiff.net/press/news/tiff-announces-2022-award-winners"
"Toronto People's Choice Award","Festival","Canada","2023","People’s Choice Award","2023-09-17","American Fiction","https://tiff.net/press/news/toronto-international-film-festival-announces-2023-award-winners"
"Toronto People's Choice Award","Festival","Canada","2024","People’s Choice Award","2024-09-15","The Life of Chuck","https://tiff.net/press/news/tiff-announces-its-2024-award-winners"
"Toronto People's Choice Award","Festival","Canada","2025","People’s Choice Award","2025-09-14","Hamnet","https://tiff.net/press/news/tiff-50-announces-its-2025-award-winners"
"Toronto People's Choice Award","Festival","Canada","2026","People’s Choice Award","","",""
"Toronto People's Choice Award","Festival","Canada","2000","People’s Choice Documentary Award","","",""
"Toronto People's Choice Award","Festival","Canada","2001","People’s Choice Documentary Award","","",""
"Toronto People's Choice Award","Festival","Canada","2002","People’s Choice Documentary Award","","",""
"Toronto People's Choice Award","Festival","Canada","2003","People’s Choice Documentary Award","","",""
"Toronto People's Choice Award","Festival","Canada","2004","People’s Choice Documentary Award","","",""
"Toronto People's Choice Award","Festival","Canada","2005","People’s Choice Documentary Award","","",""
"Toronto People's Choice Award","Festival","Canada","2006","People’s Choice Documentary Award","","",""
"Toronto People's Choice Award","Festival","Canada","2007","People’s Choice Documentary Award","","",""
"Toronto People's Choice Award","Festival","Canada","2008","People’s Choice Documentary Award","","",""
"Toronto People's Choice Award","Festival","Canada","2009","People’s Choice Documentary Award","2009-09-19","The Topp Twins: Untouchable Girls","https://en.wikipedia.org/wiki/2009_Toronto_International_Film_Festival"
"Toronto People's Choice Award","Festival","Canada","2010","People’s Choice Documentary Award","2010-09-19","Force of Nature: The David Suzuki Movie","https://toronto.citynews.ca/2010/09/19/tiff-announces-award-winners-as-festival-comes-to-a-close/"
"Toronto People's Choice Award","Festival","Canada","2011","People’s Choice Documentary Award","2011-09-18","The Island President","https://collider.com/tiff-2011-award-winners-film-sales/"
"Toronto People's Choice Award","Festival","Canada","2012","People’s Choice Documentary Award","2012-09-16","Artifact","https://www.firstshowing.net/2012/silver-linings-playbook-wins-peoples-choice-award-at-tiff-2012/"
"Toronto People's Choice Award","Festival","Canada","2013","People’s Choice Documentary Award","2013-09-15","The Square","https://www.cbc.ca/news/entertainment/tiff/tiff-doc-the-square-wins-people-s-choice-award-1.1855176"
"Toronto People's Choice Award","Festival","Canada","2014","People’s Choice Documentary Award","2014-09-14","Beats of the Antonov","https://www.blogto.com/film/2014/09/tiff_2014_award_winners/"
"Toronto People's Choice Award","Festival","Canada","2015","People’s Choice Documentary Award","2015-09-20","Winter on Fire: Ukraine's Fight for Freedom","https://nowtoronto.com/movies/tiff-2015-and-the-winners-are/"
"Toronto People's Choice Award","Festival","Canada","2016","People’s Choice Documentary Award","2016-09-18","I Am Not Your Negro","https://en.wikipedia.org/wiki/2016_Toronto_International_Film_Festival"
"Toronto People's Choice Award","Festival","Canada","2017","People’s Choice Documentary Award","2017-09-17","Faces Places","https://www.cbc.ca/news/entertainment/tiff-2017-awards-1.4293440"
"Toronto People's Choice Award","Festival","Canada","2018","People’s Choice Documentary Award","2018-09-16","Free Solo","https://variety.com/2018/film/festivals/toronto-film-festival-2018-audience-award-winners-1202943205/"
"Toronto People's Choice Award","Festival","Canada","2019","People’s Choice Documentary Award","2019-09-15","The Cave","https://en.wikipedia.org/wiki/2019_Toronto_International_Film_Festival"
"Toronto People's Choice Award","Festival","Canada","2020","People’s Choice Documentary Award","2020-09-20","Inconvenient Indian","https://www.cbc.ca/news/entertainment/tiff-2020-peoples-choice-award-1.5731735"
"Toronto People's Choice Award","Festival","Canada","2021","People’s Choice Documentary Award","2021-09-18","The Rescue","https://deadline.com/2021/09/2021-toronto-film-festival-complete-winners-list-belfast-jessica-chasten-benedict-cumberbatch-denis-villeneuve-dune-1234839226/"
"Toronto People's Choice Award","Festival","Canada","2022","People’s Choice Documentary Award","2022-09-18","Black Ice","https://tiff.net/press/news/tiff-announces-2022-award-winners"
"Toronto People's Choice Award","Festival","Canada","2023","People’s Choice Documentary Award","2023-09-17","Mr. Dressup: The Magic of Make Believe","https://tiff.net/press/news/toronto-international-film-festival-announces-2023-award-winners"
"Toronto People's Choice Award","Festival","Canada","2024","People’s Choice Documentary Award","2024-09-15","The Tragically Hip: No Dress Rehearsal","https://tiff.net/press/news/tiff-announces-its-2024-award-winners"
"Toronto People's Choice Award","Festival","Canada","2025","People’s Choice Documentary Award","2025-09-14","The Road Between Us: The Ultimate Rescue","https://tiff.net/press/news/tiff-50-announces-its-2025-award-winners"
"Toronto People's Choice Award","Festival","Canada","2026","People’s Choice Documentary Award","","",""
"Toronto People's Choice Award","Festival","Canada","2000","People’s Choice Midnight Madness Award","","",""
"Toronto People's Choice Award","Festival","Canada","2001","People’s Choice Midnight Madness Award","","",""
"Toronto People's Choice Award","Festival","Canada","2002","People’s Choice Midnight Madness Award","","",""
"Toronto People's Choice Award","Festival","Canada","2003","People’s Choice Midnight Madness Award","","",""
"Toronto People's Choice Award","Festival","Canada","2004","People’s Choice Midnight Madness Award","","",""
"Toronto People's Choice Award","Festival","Canada","2005","People’s Choice Midnight Madness Award","","",""
"Toronto People's Choice Award","Festival","Canada","2006","People’s Choice Midnight Madness Award","","",""
"Toronto People's Choice Award","Festival","Canada","2007","People’s Choice Midnight Madness Award","","",""
"Toronto People's Choice Award","Festival","Canada","2008","People’s Choice Midnight Madness Award","","",""
"Toronto People's Choice Award","Festival","Canada","2009","People’s Choice Midnight Madness Award","2009-09-19","The Loved Ones","https://www.thewrap.com/precious-wins-torontos-cadillac-prize-7418/"
"Toronto People's Choice Award","Festival","Canada","2010","People’s Choice Midnight Madness Award","2010-09-19","Stake Land","https://en.wikipedia.org/wiki/2010_Toronto_International_Film_Festival"
"Toronto People's Choice Award","Festival","Canada","2011","People’s Choice Midnight Madness Award","2011-09-18","The Raid","https://www.blogto.com/film/2011/09/tiff_2011_award_winners/"
"Toronto People's Choice Award","Festival","Canada","2012","People’s Choice Midnight Madness Award","2012-09-16","Seven Psychopaths","https://deadline.com/2012/09/toronto-silver-linings-wins-tiff-peoples-choice-award-337329/"
"Toronto People's Choice Award","Festival","Canada","2013","People’s Choice Midnight Madness Award","2013-09-15","Why Don't You Play in Hell?","https://en.wikipedia.org/wiki/2013_Toronto_International_Film_Festival"
"Toronto People's Choice Award","Festival","Canada","2014","People’s Choice Midnight Madness Award","2014-09-14","What We Do in the Shadows","https://www.hollywoodreporter.com/news/general-news/toronto-imitation-game-wins-peoples-732601/"
"Toronto People's Choice Award","Festival","Canada","2015","People’s Choice Midnight Madness Award","2015-09-20","Hardcore (Hardcore Henry)","https://www.blogto.com/film/2015/09/tiff_2015_award_winners/"
"Toronto People's Choice Award","Festival","Canada","2016","People’s Choice Midnight Madness Award","2016-09-18","Free Fire","https://www.indiewire.com/features/general/toronto-2016-tiff-peoples-choice-award-winners-announced-1201727479/"
"Toronto People's Choice Award","Festival","Canada","2017","People’s Choice Midnight Madness Award","2017-09-17","Bodied","https://bkonthescene.com/2017/09/17/the-toronto-international-film-festival-announced-its-award-winners-at-the-closing-ceremony-at-tiff-bell-lightbox-sun-sept-17th2017/"
"Toronto People's Choice Award","Festival","Canada","2018","People’s Choice Midnight Madness Award","2018-09-16","The Man Who Feels No Pain (Mard Ko Dard Nahi Hota)","https://deadline.com/2018/09/green-book-wins-2018-toronto-film-festival-peoples-choice-award-oscar-harbinger-1202465434/"
"Toronto People's Choice Award","Festival","Canada","2019","People’s Choice Midnight Madness Award","2019-09-15","The Platform","https://www.broadwayworld.com/bwwtv/article/Toronto-International-Film-Festival-Announces-2019-Award-Winners-20190915"
"Toronto People's Choice Award","Festival","Canada","2020","People’s Choice Midnight Madness Award","2020-09-20","Shadow in the Cloud","https://www.cbc.ca/news/entertainment/tiff-2020-peoples-choice-award-1.5731735"
"Toronto People's Choice Award","Festival","Canada","2021","People’s Choice Midnight Madness Award","2021-09-18","Titane","https://www.indiewire.com/awards/industry/tiff-peoples-choice-award-winner-2021-1234665780/"
"Toronto People's Choice Award","Festival","Canada","2022","People’s Choice Midnight Madness Award","2022-09-18","Weird: The Al Yankovic Story","https://tiff.net/press/news/tiff-announces-2022-award-winners"
"Toronto People's Choice Award","Festival","Canada","2023","People’s Choice Midnight Madness Award","2023-09-17","Dicks: The Musical","https://tiff.net/press/news/toronto-international-film-festival-announces-2023-award-winners"
"Toronto People's Choice Award","Festival","Canada","2024","People’s Choice Midnight Madness Award","2024-09-15","The Substance","https://tiff.net/press/news/tiff-announces-its-2024-award-winners"
"Toronto People's Choice Award","Festival","Canada","2025","People’s Choice Midnight Madness Award","2025-09-14","Nirvanna the Band the Show the Movie","https://tiff.net/awards"
"Toronto People's Choice Award","Festival","Canada","2026","People’s Choice Midnight Madness Award","","",""
"Toronto People's Choice Award","Festival","Canada","2000","International People’s Choice Award","","",""
"Toronto People's Choice Award","Festival","Canada","2001","International People’s Choice Award","","",""
"Toronto People's Choice Award","Festival","Canada","2002","International People’s Choice Award","2002-09-14","Whale Rider","https://en.wikipedia.org/wiki/2002_Toronto_International_Film_Festival"
"Toronto People's Choice Award","Festival","Canada","2003","International People’s Choice Award","","",""
"Toronto People's Choice Award","Festival","Canada","2004","International People’s Choice Award","","Hotel Rwanda","https://www.thegate.ca/spotlight/tiff/07344/2004-toronto-film-festival-closes-with-top-prizes/"
"Toronto People's Choice Award","Festival","Canada","2005","International People’s Choice Award","","",""
"Toronto People's Choice Award","Festival","Canada","2006","International People’s Choice Award","","",""
"Toronto People's Choice Award","Festival","Canada","2007","International People’s Choice Award","2007-09-15","","https://en.wikipedia.org/wiki/2007_Toronto_International_Film_Festival"
"Toronto People's Choice Award","Festival","Canada","2008","International People’s Choice Award","","",""
"Toronto People's Choice Award","Festival","Canada","2009","International People’s Choice Award","","",""
"Toronto People's Choice Award","Festival","Canada","2010","International People’s Choice Award","","",""
"Toronto People's Choice Award","Festival","Canada","2011","International People’s Choice Award","","",""
"Toronto People's Choice Award","Festival","Canada","2012","International People’s Choice Award","","",""
"Toronto People's Choice Award","Festival","Canada","2013","International People’s Choice Award","","",""
"Toronto People's Choice Award","Festival","Canada","2014","International People’s Choice Award","","",""
"Toronto People's Choice Award","Festival","Canada","2015","International People’s Choice Award","","",""
"Toronto People's Choice Award","Festival","Canada","2016","International People’s Choice Award","","",""
"Toronto People's Choice Award","Festival","Canada","2017","International People’s Choice Award","","",""
"Toronto People's Choice Award","Festival","Canada","2018","International People’s Choice Award","","",""
"Toronto People's Choice Award","Festival","Canada","2019","International People’s Choice Award","","",""
"Toronto People's Choice Award","Festival","Canada","2020","International People’s Choice Award","","",""
"Toronto People's Choice Award","Festival","Canada","2021","International People’s Choice Award","","",""
"Toronto People's Choice Award","Festival","Canada","2022","International People’s Choice Award","","","https://tiff.net/press/news/tiff-announces-2022-award-winners"
"Toronto People's Choice Award","Festival","Canada","2023","International People’s Choice Award","","",""
"Toronto People's Choice Award","Festival","Canada","2024","International People’s Choice Award","","","https://tiff.net/press/news/tiff-announces-its-2024-award-winners"
"Toronto People's Choice Award","Festival","Canada","2025","International People’s Choice Award","2025-09-14","No Other Choice","https://tiff.net/press/news/tiff-50-announces-its-2025-award-winners"
"Toronto People's Choice Award","Festival","Canada","2026","International People’s Choice Award","","",""